{"type":"FeatureCollection", "features": [
{"type":"Feature","geometry":{"type":"LineString","coordinates":[[-97.0017152703125,25.968338396875026],[-96.97934086406246,25.970313054687495],[-96.95343107499997,25.972595300000023]]},"properties":{"CSB_":1,"CSB_ID":2,"MMS_REGION":"G","BDRY_TYPE_":"11","BDRY_PT_PR":"NG14-06","BDRY_APRV_":"01-OCT-2014","BLOCK_NUMB":"989","BDRY_NAME_":1014,"BDRY_NAME1":"U.S.-Mexico Maritime Boundary-Gulf of Mexico","BDRY_COV_S":201503}},
{"type":"Feature","geometry":{"type":"LineString","coordinates":[[-96.95343107499997,25.972595300000023],[-96.92426944531246,25.975158332812498],[-96.92388768437496,25.975268414062498],[-96.90507624218748,25.98069092187501]]},"properties":{"CSB_":2,"CSB_ID":3,"MMS_REGION":"G","BDRY_TYPE_":"11","BDRY_PT_PR":"NG14-06","BDRY_APRV_":"01-OCT-2014","BLOCK_NUMB":"990","BDRY_NAME_":1014,"BDRY_NAME1":"U.S.-Mexico Maritime Boundary-Gulf of Mexico","BDRY_COV_S":201503}},
{"type":"Feature","geometry":{"type":"LineString","coordinates":[[-96.90507624218748,25.98069092187501],[-96.85660927812495,25.99464835937505]]},"properties":{"CSB_":3,"CSB_ID":4,"MMS_REGION":"G","BDRY_TYPE_":"11","BDRY_PT_PR":"NG14-06","BDRY_APRV_":"01-OCT-2014","BLOCK_NUMB":"991","BDRY_NAME_":1014,"BDRY_NAME1":"U.S.-Mexico Maritime Boundary-Gulf of Mexico","BDRY_COV_S":201503}},
{"type":"Feature","geometry":{"type":"LineString","coordinates":[[-96.85660927812495,25.99464835937505],[-96.83200438749998,26.001726517187535]]},"properties":{"CSB_":4,"CSB_ID":5,"MMS_REGION":"G","BDRY_TYPE_":"11","BDRY_PT_PR":"NG14-06","BDRY_APRV_":"01-OCT-2014","BLOCK_NUMB":"992","BDRY_NAME_":1014,"BDRY_NAME1":"U.S.-Mexico Maritime Boundary-Gulf of Mexico","BDRY_COV_S":201503}},
{"type":"Feature","geometry":{"type":"LineString","coordinates":[[-96.83200438749998,26.001726517187535],[-96.811628740625,26.007584285937526]]},"properties":{"CSB_":5,"CSB_ID":6,"MMS_REGION":"G","BDRY_TYPE_":"11","BDRY_PT_PR":"NG14-06","BDRY_APRV_":"01-OCT-2014","BLOCK_NUMB":"948","BDRY_NAME_":1014,"BDRY_NAME1":"U.S.-Mexico Maritime Boundary-Gulf of Mexico","BDRY_COV_S":201503}},
{"type":"Feature","geometry":{"type":"LineString","coordinates":[[-96.81162875156247,26.00758426406253],[-96.80805555468748,26.008611079687512],[-96.76565205781247,26.008763359374996]]},"properties":{"CSB_":6,"CSB_ID":8,"MMS_REGION":"G","BDRY_TYPE_":"11","BDRY_PT_PR":"TX1A","BDRY_APRV_":"01-OCT-2014","BLOCK_NUMB":"1162","BDRY_NAME_":1014,"BDRY_NAME1":"U.S.-Mexico Maritime Boundary-Gulf of Mexico","BDRY_COV_S":201503}},
{"type":"Feature","geometry":{"type":"LineString","coordinates":[[-96.76565205781247,26.008763359374996],[-96.71742064374996,26.008921490625028]]},"properties":{"CSB_":7,"CSB_ID":9,"MMS_REGION":"G","BDRY_TYPE_":"11","BDRY_PT_PR":"TX1A","BDRY_APRV_":"01-OCT-2014","BLOCK_NUMB":"1161","BDRY_NAME_":1014,"BDRY_NAME1":"U.S.-Mexico Maritime Boundary-Gulf of Mexico","BDRY_COV_S":201503}},
{"type":"Feature","geometry":{"type":"LineString","coordinates":[[-96.71742064374996,26.008921490625028],[-96.66918909218748,26.00906354062505]]},"properties":{"CSB_":8,"CSB_ID":10,"MMS_REGION":"G","BDRY_TYPE_":"11","BDRY_PT_PR":"TX1A","BDRY_APRV_":"01-OCT-2014","BLOCK_NUMB":"1160","BDRY_NAME_":1014,"BDRY_NAME1":"U.S.-Mexico Maritime Boundary-Gulf of Mexico","BDRY_COV_S":201503}},
{"type":"Feature","geometry":{"type":"LineString","coordinates":[[-96.66918909218748,26.00906354062505],[-96.6209574203125,26.009189484375042]]},"properties":{"CSB_":9,"CSB_ID":11,"MMS_REGION":"G","BDRY_TYPE_":"11","BDRY_PT_PR":"TX1A","BDRY_APRV_":"01-OCT-2014","BLOCK_NUMB":"1159","BDRY_NAME_":1014,"BDRY_NAME1":"U.S.-Mexico Maritime Boundary-Gulf of Mexico","BDRY_COV_S":201503}},
{"type":"Feature","geometry":{"type":"LineString","coordinates":[[-96.6209574203125,26.009189484375042],[-96.57272563749996,26.00929931875004]]},"properties":{"CSB_":10,"CSB_ID":12,"MMS_REGION":"G","BDRY_TYPE_":"11","BDRY_PT_PR":"TX1A","BDRY_APRV_":"01-OCT-2014","BLOCK_NUMB":"A  84","BDRY_NAME_":1014,"BDRY_NAME1":"U.S.-Mexico Maritime Boundary-Gulf of Mexico","BDRY_COV_S":201503}},
{"type":"Feature","geometry":{"type":"LineString","coordinates":[[-96.57272563749996,26.00929931875004],[-96.5244937609375,26.009393075000048]]},"properties":{"CSB_":11,"CSB_ID":13,"MMS_REGION":"G","BDRY_TYPE_":"11","BDRY_PT_PR":"TX1A","BDRY_APRV_":"01-OCT-2014","BLOCK_NUMB":"A  85","BDRY_NAME_":1014,"BDRY_NAME1":"U.S.-Mexico Maritime Boundary-Gulf of Mexico","BDRY_COV_S":201503}},
{"type":"Feature","geometry":{"type":"LineString","coordinates":[[-96.5244937609375,26.009393075000048],[-96.47626180156249,26.009470750000048]]},"properties":{"CSB_":12,"CSB_ID":14,"MMS_REGION":"G","BDRY_TYPE_":"11","BDRY_PT_PR":"TX1A","BDRY_APRV_":"01-OCT-2014","BLOCK_NUMB":"A  86","BDRY_NAME_":1014,"BDRY_NAME1":"U.S.-Mexico Maritime Boundary-Gulf of Mexico","BDRY_COV_S":201503}},
{"type":"Feature","geometry":{"type":"LineString","coordinates":[[-96.47626180156249,26.009470750000048],[-96.428029771875,26.00953234531255]]},"properties":{"CSB_":13,"CSB_ID":15,"MMS_REGION":"G","BDRY_TYPE_":"11","BDRY_PT_PR":"TX1A","BDRY_APRV_":"01-OCT-2014","BLOCK_NUMB":"A  87","BDRY_NAME_":1014,"BDRY_NAME1":"U.S.-Mexico Maritime Boundary-Gulf of Mexico","BDRY_COV_S":201503}},
{"type":"Feature","geometry":{"type":"LineString","coordinates":[[-96.428029771875,26.00953234531255],[-96.3797976875,26.00957783281251]]},"properties":{"CSB_":14,"CSB_ID":16,"MMS_REGION":"G","BDRY_TYPE_":"11","BDRY_PT_PR":"TX1A","BDRY_APRV_":"01-OCT-2014","BLOCK_NUMB":"A  89","BDRY_NAME_":1014,"BDRY_NAME1":"U.S.-Mexico Maritime Boundary-Gulf of Mexico","BDRY_COV_S":201503}},
{"type":"Feature","geometry":{"type":"LineString","coordinates":[[-96.3797976875,26.00957783281251],[-96.33156556093746,26.00960724062503]]},"properties":{"CSB_":15,"CSB_ID":17,"MMS_REGION":"G","BDRY_TYPE_":"11","BDRY_PT_PR":"TX1A","BDRY_APRV_":"01-OCT-2014","BLOCK_NUMB":"A  90","BDRY_NAME_":1014,"BDRY_NAME1":"U.S.-Mexico Maritime Boundary-Gulf of Mexico","BDRY_COV_S":201503}},
{"type":"Feature","geometry":{"type":"LineString","coordinates":[[-96.33156555312496,26.00960727031253],[-96.32592336093745,26.009609675000036]]},"properties":{"CSB_":16,"CSB_ID":19,"MMS_REGION":"G","BDRY_TYPE_":"11","BDRY_PT_PR":"NG14-06","BDRY_APRV_":"01-OCT-2014","BLOCK_NUMB":"958","BDRY_NAME_":1014,"BDRY_NAME1":"U.S.-Mexico Maritime Boundary-Gulf of Mexico","BDRY_COV_S":201503}},
{"type":"Feature","geometry":{"type":"LineString","coordinates":[[-96.32592336093745,26.009609675000036],[-96.27771023593749,26.009621093750013]]},"properties":{"CSB_":17,"CSB_ID":20,"MMS_REGION":"G","BDRY_TYPE_":"11","BDRY_PT_PR":"NG14-06","BDRY_APRV_":"01-OCT-2014","BLOCK_NUMB":"959","BDRY_NAME_":1014,"BDRY_NAME1":"U.S.-Mexico Maritime Boundary-Gulf of Mexico","BDRY_COV_S":201503}},
{"type":"Feature","geometry":{"type":"LineString","coordinates":[[-96.27771023593749,26.009621093750013],[-96.229498675,26.009616434375005]]},"properties":{"CSB_":18,"CSB_ID":21,"MMS_REGION":"G","BDRY_TYPE_":"11","BDRY_PT_PR":"NG14-06","BDRY_APRV_":"01-OCT-2014","BLOCK_NUMB":"960","BDRY_NAME_":1014,"BDRY_NAME1":"U.S.-Mexico Maritime Boundary-Gulf of Mexico","BDRY_COV_S":201503}},
{"type":"Feature","geometry":{"type":"LineString","coordinates":[[-96.229498675,26.009616434375005],[-96.18128871562499,26.009595724999997]]},"properties":{"CSB_":19,"CSB_ID":22,"MMS_REGION":"G","BDRY_TYPE_":"11","BDRY_PT_PR":"NG14-06","BDRY_APRV_":"01-OCT-2014","BLOCK_NUMB":"961","BDRY_NAME_":1014,"BDRY_NAME1":"U.S.-Mexico Maritime Boundary-Gulf of Mexico","BDRY_COV_S":201503}},
{"type":"Feature","geometry":{"type":"LineString","coordinates":[[-96.18128871562499,26.009595724999997],[-96.13308039999998,26.009558937500003]]},"properties":{"CSB_":20,"CSB_ID":23,"MMS_REGION":"G","BDRY_TYPE_":"11","BDRY_PT_PR":"NG14-06","BDRY_APRV_":"01-OCT-2014","BLOCK_NUMB":"962","BDRY_NAME_":1014,"BDRY_NAME1":"U.S.-Mexico Maritime Boundary-Gulf of Mexico","BDRY_COV_S":201503}},
{"type":"Feature","geometry":{"type":"LineString","coordinates":[[-96.13308039999998,26.009558937500003],[-96.08487377187498,26.009506046875003]]},"properties":{"CSB_":21,"CSB_ID":24,"MMS_REGION":"G","BDRY_TYPE_":"11","BDRY_PT_PR":"NG14-06","BDRY_APRV_":"01-OCT-2014","BLOCK_NUMB":"963","BDRY_NAME_":1014,"BDRY_NAME1":"U.S.-Mexico Maritime Boundary-Gulf of Mexico","BDRY_COV_S":201503}},
{"type":"Feature","geometry":{"type":"LineString","coordinates":[[-96.08487377187498,26.009506046875003],[-96.03666886718747,26.00943710937503]]},"properties":{"CSB_":22,"CSB_ID":25,"MMS_REGION":"G","BDRY_TYPE_":"11","BDRY_PT_PR":"NG14-06","BDRY_APRV_":"01-OCT-2014","BLOCK_NUMB":"964","BDRY_NAME_":1014,"BDRY_NAME1":"U.S.-Mexico Maritime Boundary-Gulf of Mexico","BDRY_COV_S":201503}},
{"type":"Feature","geometry":{"type":"LineString","coordinates":[[-96.03666886718747,26.00943710937503],[-95.98846572812499,26.009352126562533]]},"properties":{"CSB_":23,"CSB_ID":26,"MMS_REGION":"G","BDRY_TYPE_":"11","BDRY_PT_PR":"NG14-06","BDRY_APRV_":"01-OCT-2014","BLOCK_NUMB":"965","BDRY_NAME_":1014,"BDRY_NAME1":"U.S.-Mexico Maritime Boundary-Gulf of Mexico","BDRY_COV_S":201503}},
{"type":"Feature","geometry":{"type":"LineString","coordinates":[[-95.98846572812499,26.009352126562533],[-95.94026439687497,26.009251042187543]]},"properties":{"CSB_":24,"CSB_ID":27,"MMS_REGION":"G","BDRY_TYPE_":"11","BDRY_PT_PR":"NG14-06","BDRY_APRV_":"01-OCT-2014","BLOCK_NUMB":"966","BDRY_NAME_":1014,"BDRY_NAME1":"U.S.-Mexico Maritime Boundary-Gulf of Mexico","BDRY_COV_S":201503}},
{"type":"Feature","geometry":{"type":"LineString","coordinates":[[-95.94026439687497,26.009251042187543],[-95.89206491249996,26.009133917187512]]},"properties":{"CSB_":25,"CSB_ID":28,"MMS_REGION":"G","BDRY_TYPE_":"11","BDRY_PT_PR":"NG14-06","BDRY_APRV_":"01-OCT-2014","BLOCK_NUMB":"967","BDRY_NAME_":1014,"BDRY_NAME1":"U.S.-Mexico Maritime Boundary-Gulf of Mexico","BDRY_COV_S":201503}},
{"type":"Feature","geometry":{"type":"LineString","coordinates":[[-95.89206491249996,26.009133917187512],[-95.87285289062498,26.00908276562501]]},"properties":{"CSB_":26,"CSB_ID":29,"MMS_REGION":"G","BDRY_TYPE_":"11","BDRY_PT_PR":"NG14-06","BDRY_APRV_":"01-OCT-2014","BLOCK_NUMB":"968","BDRY_NAME_":1014,"BDRY_NAME1":"U.S.-Mexico Maritime Boundary-Gulf of Mexico","BDRY_COV_S":201503}},
{"type":"Feature","geometry":{"type":"LineString","coordinates":[[-95.87285290468748,26.00908276093753],[-95.82464071562498,26.00894310000001]]},"properties":{"CSB_":27,"CSB_ID":31,"MMS_REGION":"G","BDRY_TYPE_":"11","BDRY_PT_PR":"NG15-04","BDRY_APRV_":"01-OCT-2014","BLOCK_NUMB":"925","BDRY_NAME_":1014,"BDRY_NAME1":"U.S.-Mexico Maritime Boundary-Gulf of Mexico","BDRY_COV_S":201503}},
{"type":"Feature","geometry":{"type":"LineString","coordinates":[[-95.82464071562498,26.00894310000001],[-95.77642702499998,26.008787374999997]]},"properties":{"CSB_":28,"CSB_ID":32,"MMS_REGION":"G","BDRY_TYPE_":"11","BDRY_PT_PR":"NG15-04","BDRY_APRV_":"01-OCT-2014","BLOCK_NUMB":"926","BDRY_NAME_":1014,"BDRY_NAME1":"U.S.-Mexico Maritime Boundary-Gulf of Mexico","BDRY_COV_S":201503}},
{"type":"Feature","geometry":{"type":"LineString","coordinates":[[-95.77642702499998,26.008787374999997],[-95.72821187031246,26.008615557812504]]},"properties":{"CSB_":29,"CSB_ID":33,"MMS_REGION":"G","BDRY_TYPE_":"11","BDRY_PT_PR":"NG15-04","BDRY_APRV_":"01-OCT-2014","BLOCK_NUMB":"927","BDRY_NAME_":1014,"BDRY_NAME1":"U.S.-Mexico Maritime Boundary-Gulf of Mexico","BDRY_COV_S":201503}},
{"type":"Feature","geometry":{"type":"LineString","coordinates":[[-95.72821187031246,26.008615557812504],[-95.67999529374998,26.008427648437532]]},"properties":{"CSB_":30,"CSB_ID":34,"MMS_REGION":"G","BDRY_TYPE_":"11","BDRY_PT_PR":"NG15-04","BDRY_APRV_":"01-OCT-2014","BLOCK_NUMB":"928","BDRY_NAME_":1014,"BDRY_NAME1":"U.S.-Mexico Maritime Boundary-Gulf of Mexico","BDRY_COV_S":201503}},
{"type":"Feature","geometry":{"type":"LineString","coordinates":[[-95.67999529374998,26.008427648437532],[-95.657222225,26.008333332812526],[-95.63177734062498,26.00822372968753]]},"properties":{"CSB_":31,"CSB_ID":35,"MMS_REGION":"G","BDRY_TYPE_":"11","BDRY_PT_PR":"NG15-04","BDRY_APRV_":"01-OCT-2014","BLOCK_NUMB":"929","BDRY_NAME_":1014,"BDRY_NAME1":"U.S.-Mexico Maritime Boundary-Gulf of Mexico","BDRY_COV_S":201503}},
{"type":"Feature","geometry":{"type":"LineString","coordinates":[[-95.63177734062498,26.00822372968753],[-95.58356874062497,26.008492210937504]]},"properties":{"CSB_":32,"CSB_ID":36,"MMS_REGION":"G","BDRY_TYPE_":"11","BDRY_PT_PR":"NG15-04","BDRY_APRV_":"01-OCT-2014","BLOCK_NUMB":"930","BDRY_NAME_":1014,"BDRY_NAME1":"U.S.-Mexico Maritime Boundary-Gulf of Mexico","BDRY_COV_S":201503}},
{"type":"Feature","geometry":{"type":"LineString","coordinates":[[-95.58356874062497,26.008492210937504],[-95.535354815625,26.008575857812502]]},"properties":{"CSB_":33,"CSB_ID":37,"MMS_REGION":"G","BDRY_TYPE_":"11","BDRY_PT_PR":"NG15-04","BDRY_APRV_":"01-OCT-2014","BLOCK_NUMB":"931","BDRY_NAME_":1014,"BDRY_NAME1":"U.S.-Mexico Maritime Boundary-Gulf of Mexico","BDRY_COV_S":201503}},
{"type":"Feature","geometry":{"type":"LineString","coordinates":[[-95.535354815625,26.008575857812502],[-95.487139371875,26.008643432812505]]},"properties":{"CSB_":34,"CSB_ID":38,"MMS_REGION":"G","BDRY_TYPE_":"11","BDRY_PT_PR":"NG15-04","BDRY_APRV_":"01-OCT-2014","BLOCK_NUMB":"932","BDRY_NAME_":1014,"BDRY_NAME1":"U.S.-Mexico Maritime Boundary-Gulf of Mexico","BDRY_COV_S":201503}},
{"type":"Feature","geometry":{"type":"LineString","coordinates":[[-95.487139371875,26.008643432812505],[-95.4389224484375,26.008694935937513]]},"properties":{"CSB_":35,"CSB_ID":39,"MMS_REGION":"G","BDRY_TYPE_":"11","BDRY_PT_PR":"NG15-04","BDRY_APRV_":"01-OCT-2014","BLOCK_NUMB":"933","BDRY_NAME_":1014,"BDRY_NAME1":"U.S.-Mexico Maritime Boundary-Gulf of Mexico","BDRY_COV_S":201503}},
{"type":"Feature","geometry":{"type":"LineString","coordinates":[[-95.4389224484375,26.008694935937513],[-95.3907040859375,26.008730337500026]]},"properties":{"CSB_":36,"CSB_ID":40,"MMS_REGION":"G","BDRY_TYPE_":"11","BDRY_PT_PR":"NG15-04","BDRY_APRV_":"01-OCT-2014","BLOCK_NUMB":"934","BDRY_NAME_":1014,"BDRY_NAME1":"U.S.-Mexico Maritime Boundary-Gulf of Mexico","BDRY_COV_S":201503}},
{"type":"Feature","geometry":{"type":"LineString","coordinates":[[-95.3907040859375,26.008730337500026],[-95.34248432812495,26.008749692187507]]},"properties":{"CSB_":37,"CSB_ID":41,"MMS_REGION":"G","BDRY_TYPE_":"11","BDRY_PT_PR":"NG15-04","BDRY_APRV_":"01-OCT-2014","BLOCK_NUMB":"935","BDRY_NAME_":1014,"BDRY_NAME1":"U.S.-Mexico Maritime Boundary-Gulf of Mexico","BDRY_COV_S":201503}},
{"type":"Feature","geometry":{"type":"LineString","coordinates":[[-95.34248432812495,26.008749692187507],[-95.29426321249997,26.008752970312514]]},"properties":{"CSB_":38,"CSB_ID":42,"MMS_REGION":"G","BDRY_TYPE_":"11","BDRY_PT_PR":"NG15-04","BDRY_APRV_":"01-OCT-2014","BLOCK_NUMB":"936","BDRY_NAME_":1014,"BDRY_NAME1":"U.S.-Mexico Maritime Boundary-Gulf of Mexico","BDRY_COV_S":201503}},
{"type":"Feature","geometry":{"type":"LineString","coordinates":[[-95.29426321249997,26.008752970312514],[-95.24604078124997,26.008740146875027]]},"properties":{"CSB_":39,"CSB_ID":43,"MMS_REGION":"G","BDRY_TYPE_":"11","BDRY_PT_PR":"NG15-04","BDRY_APRV_":"01-OCT-2014","BLOCK_NUMB":"937","BDRY_NAME_":1014,"BDRY_NAME1":"U.S.-Mexico Maritime Boundary-Gulf of Mexico","BDRY_COV_S":201503}},
{"type":"Feature","geometry":{"type":"LineString","coordinates":[[-95.24604078124997,26.008740146875027],[-95.19781707499999,26.008711243750042]]},"properties":{"CSB_":40,"CSB_ID":44,"MMS_REGION":"G","BDRY_TYPE_":"11","BDRY_PT_PR":"NG15-04","BDRY_APRV_":"01-OCT-2014","BLOCK_NUMB":"938","BDRY_NAME_":1014,"BDRY_NAME1":"U.S.-Mexico Maritime Boundary-Gulf of Mexico","BDRY_COV_S":201503}},
{"type":"Feature","geometry":{"type":"LineString","coordinates":[[-95.19781707499999,26.008711243750042],[-95.1495921359375,26.008666262500014]]},"properties":{"CSB_":41,"CSB_ID":45,"MMS_REGION":"G","BDRY_TYPE_":"11","BDRY_PT_PR":"NG15-04","BDRY_APRV_":"01-OCT-2014","BLOCK_NUMB":"939","BDRY_NAME_":1014,"BDRY_NAME1":"U.S.-Mexico Maritime Boundary-Gulf of Mexico","BDRY_COV_S":201503}},
{"type":"Feature","geometry":{"type":"LineString","coordinates":[[-95.1495921359375,26.008666262500014],[-95.1013660015625,26.008605203125]]},"properties":{"CSB_":42,"CSB_ID":46,"MMS_REGION":"G","BDRY_TYPE_":"11","BDRY_PT_PR":"NG15-04","BDRY_APRV_":"01-OCT-2014","BLOCK_NUMB":"940","BDRY_NAME_":1014,"BDRY_NAME1":"U.S.-Mexico Maritime Boundary-Gulf of Mexico","BDRY_COV_S":201503}},
{"type":"Feature","geometry":{"type":"LineString","coordinates":[[-95.1013660015625,26.008605203125],[-95.05313871562498,26.008528037500014]]},"properties":{"CSB_":43,"CSB_ID":47,"MMS_REGION":"G","BDRY_TYPE_":"11","BDRY_PT_PR":"NG15-04","BDRY_APRV_":"01-OCT-2014","BLOCK_NUMB":"941","BDRY_NAME_":1014,"BDRY_NAME1":"U.S.-Mexico Maritime Boundary-Gulf of Mexico","BDRY_COV_S":201503}},
{"type":"Feature","geometry":{"type":"LineString","coordinates":[[-95.05313871562498,26.008528037500014],[-95.00491031718747,26.00843479218753]]},"properties":{"CSB_":44,"CSB_ID":48,"MMS_REGION":"G","BDRY_TYPE_":"11","BDRY_PT_PR":"NG15-04","BDRY_APRV_":"01-OCT-2014","BLOCK_NUMB":"942","BDRY_NAME_":1014,"BDRY_NAME1":"U.S.-Mexico Maritime Boundary-Gulf of Mexico","BDRY_COV_S":201503}},
{"type":"Feature","geometry":{"type":"LineString","coordinates":[[-95.00491031718747,26.00843479218753],[-94.95668085,26.008325465625035]]},"properties":{"CSB_":45,"CSB_ID":49,"MMS_REGION":"G","BDRY_TYPE_":"11","BDRY_PT_PR":"NG15-04","BDRY_APRV_":"01-OCT-2014","BLOCK_NUMB":"943","BDRY_NAME_":1014,"BDRY_NAME1":"U.S.-Mexico Maritime Boundary-Gulf of Mexico","BDRY_COV_S":201503}},
{"type":"Feature","geometry":{"type":"LineString","coordinates":[[-94.95668085,26.008325465625035],[-94.90845034999995,26.008200029687544]]},"properties":{"CSB_":46,"CSB_ID":50,"MMS_REGION":"G","BDRY_TYPE_":"11","BDRY_PT_PR":"NG15-04","BDRY_APRV_":"01-OCT-2014","BLOCK_NUMB":"944","BDRY_NAME_":1014,"BDRY_NAME1":"U.S.-Mexico Maritime Boundary-Gulf of Mexico","BDRY_COV_S":201503}},
{"type":"Feature","geometry":{"type":"LineString","coordinates":[[-94.90845034999995,26.008200029687544],[-94.86021886406246,26.008058512500043]]},"properties":{"CSB_":47,"CSB_ID":51,"MMS_REGION":"G","BDRY_TYPE_":"11","BDRY_PT_PR":"NG15-04","BDRY_APRV_":"01-OCT-2014","BLOCK_NUMB":"945","BDRY_NAME_":1014,"BDRY_NAME1":"U.S.-Mexico Maritime Boundary-Gulf of Mexico","BDRY_COV_S":201503}},
{"type":"Feature","geometry":{"type":"LineString","coordinates":[[-94.86021886406246,26.008058512500043],[-94.8119864265625,26.007900885937545]]},"properties":{"CSB_":48,"CSB_ID":52,"MMS_REGION":"G","BDRY_TYPE_":"11","BDRY_PT_PR":"NG15-04","BDRY_APRV_":"01-OCT-2014","BLOCK_NUMB":"946","BDRY_NAME_":1014,"BDRY_NAME1":"U.S.-Mexico Maritime Boundary-Gulf of Mexico","BDRY_COV_S":201503}},
{"type":"Feature","geometry":{"type":"LineString","coordinates":[[-94.8119864265625,26.007900885937545],[-94.76375308437497,26.007727176562526]]},"properties":{"CSB_":49,"CSB_ID":53,"MMS_REGION":"G","BDRY_TYPE_":"11","BDRY_PT_PR":"NG15-04","BDRY_APRV_":"01-OCT-2014","BLOCK_NUMB":"947","BDRY_NAME_":1014,"BDRY_NAME1":"U.S.-Mexico Maritime Boundary-Gulf of Mexico","BDRY_COV_S":201503}},
{"type":"Feature","geometry":{"type":"LineString","coordinates":[[-94.76375308437497,26.007727176562526],[-94.73226522343748,26.007605098437523]]},"properties":{"CSB_":50,"CSB_ID":54,"MMS_REGION":"G","BDRY_TYPE_":"11","BDRY_PT_PR":"NG15-04","BDRY_APRV_":"01-OCT-2014","BLOCK_NUMB":"948","BDRY_NAME_":1014,"BDRY_NAME1":"U.S.-Mexico Maritime Boundary-Gulf of Mexico","BDRY_COV_S":201503}},
{"type":"Feature","geometry":{"type":"LineString","coordinates":[[-94.73226522343748,26.007605098437523],[-94.71551887499999,26.00753738437504]]},"properties":{"CSB_":51,"CSB_ID":55,"MMS_REGION":"G","BDRY_TYPE_":"11","BDRY_PT_PR":"NG15-04","BDRY_APRV_":"01-OCT-2014","BLOCK_NUMB":"992","BDRY_NAME_":1014,"BDRY_NAME1":"U.S.-Mexico Maritime Boundary-Gulf of Mexico","BDRY_COV_S":201503}},
{"type":"Feature","geometry":{"type":"LineString","coordinates":[[-94.71551887499999,26.00753738437504],[-94.66728383906246,26.007331482812504]]},"properties":{"CSB_":52,"CSB_ID":56,"MMS_REGION":"G","BDRY_TYPE_":"11","BDRY_PT_PR":"NG15-04","BDRY_APRV_":"01-OCT-2014","BLOCK_NUMB":"993","BDRY_NAME_":1014,"BDRY_NAME1":"U.S.-Mexico Maritime Boundary-Gulf of Mexico","BDRY_COV_S":201503}},
{"type":"Feature","geometry":{"type":"LineString","coordinates":[[-94.66728383906246,26.007331482812504],[-94.61904801875,26.007109496875046]]},"properties":{"CSB_":53,"CSB_ID":57,"MMS_REGION":"G","BDRY_TYPE_":"11","BDRY_PT_PR":"NG15-04","BDRY_APRV_":"01-OCT-2014","BLOCK_NUMB":"994","BDRY_NAME_":1014,"BDRY_NAME1":"U.S.-Mexico Maritime Boundary-Gulf of Mexico","BDRY_COV_S":201503}},
{"type":"Feature","geometry":{"type":"LineString","coordinates":[[-94.61904801875,26.007109496875046],[-94.57081145625,26.006871400000023]]},"properties":{"CSB_":54,"CSB_ID":58,"MMS_REGION":"G","BDRY_TYPE_":"11","BDRY_PT_PR":"NG15-04","BDRY_APRV_":"01-OCT-2014","BLOCK_NUMB":"995","BDRY_NAME_":1014,"BDRY_NAME1":"U.S.-Mexico Maritime Boundary-Gulf of Mexico","BDRY_COV_S":201503}},
{"type":"Feature","geometry":{"type":"LineString","coordinates":[[-94.57081145625,26.006871400000023],[-94.52257418906248,26.006617220312535]]},"properties":{"CSB_":55,"CSB_ID":59,"MMS_REGION":"G","BDRY_TYPE_":"11","BDRY_PT_PR":"NG15-04","BDRY_APRV_":"01-OCT-2014","BLOCK_NUMB":"996","BDRY_NAME_":1014,"BDRY_NAME1":"U.S.-Mexico Maritime Boundary-Gulf of Mexico","BDRY_COV_S":201503}},
{"type":"Feature","geometry":{"type":"LineString","coordinates":[[-94.52257418906248,26.006617220312535],[-94.47433626093749,26.006346956250013]]},"properties":{"CSB_":56,"CSB_ID":60,"MMS_REGION":"G","BDRY_TYPE_":"11","BDRY_PT_PR":"NG15-04","BDRY_APRV_":"01-OCT-2014","BLOCK_NUMB":"997","BDRY_NAME_":1014,"BDRY_NAME1":"U.S.-Mexico Maritime Boundary-Gulf of Mexico","BDRY_COV_S":201503}},
{"type":"Feature","geometry":{"type":"LineString","coordinates":[[-94.47433626093749,26.006346956250013],[-94.42609771093748,26.00606058125004]]},"properties":{"CSB_":57,"CSB_ID":61,"MMS_REGION":"G","BDRY_TYPE_":"11","BDRY_PT_PR":"NG15-04","BDRY_APRV_":"01-OCT-2014","BLOCK_NUMB":"998","BDRY_NAME_":1014,"BDRY_NAME1":"U.S.-Mexico Maritime Boundary-Gulf of Mexico","BDRY_COV_S":201503}},
{"type":"Feature","geometry":{"type":"LineString","coordinates":[[-94.42609771093748,26.00606058125004],[-94.37785858125,26.005758096875013]]},"properties":{"CSB_":58,"CSB_ID":62,"MMS_REGION":"G","BDRY_TYPE_":"11","BDRY_PT_PR":"NG15-04","BDRY_APRV_":"01-OCT-2014","BLOCK_NUMB":"999","BDRY_NAME_":1014,"BDRY_NAME1":"U.S.-Mexico Maritime Boundary-Gulf of Mexico","BDRY_COV_S":201503}},
{"type":"Feature","geometry":{"type":"LineString","coordinates":[[-94.37785858125,26.005758096875013],[-94.3296189125,26.00543952812501]]},"properties":{"CSB_":59,"CSB_ID":63,"MMS_REGION":"G","BDRY_TYPE_":"11","BDRY_PT_PR":"NG15-04","BDRY_APRV_":"01-OCT-2014","BLOCK_NUMB":"1000","BDRY_NAME_":1014,"BDRY_NAME1":"U.S.-Mexico Maritime Boundary-Gulf of Mexico","BDRY_COV_S":201503}},
{"type":"Feature","geometry":{"type":"LineString","coordinates":[[-94.3296189125,26.00543952812501],[-94.28137874375,26.005104848437497]]},"properties":{"CSB_":60,"CSB_ID":64,"MMS_REGION":"G","BDRY_TYPE_":"11","BDRY_PT_PR":"NG15-04","BDRY_APRV_":"01-OCT-2014","BLOCK_NUMB":"1001","BDRY_NAME_":1014,"BDRY_NAME1":"U.S.-Mexico Maritime Boundary-Gulf of Mexico","BDRY_COV_S":201503}},
{"type":"Feature","geometry":{"type":"LineString","coordinates":[[-94.28137874375,26.005104848437497],[-94.23313811874999,26.004754087500032]]},"properties":{"CSB_":61,"CSB_ID":65,"MMS_REGION":"G","BDRY_TYPE_":"11","BDRY_PT_PR":"NG15-04","BDRY_APRV_":"01-OCT-2014","BLOCK_NUMB":"1002","BDRY_NAME_":1014,"BDRY_NAME1":"U.S.-Mexico Maritime Boundary-Gulf of Mexico","BDRY_COV_S":201503}},
{"type":"Feature","geometry":{"type":"LineString","coordinates":[[-94.23313811874999,26.004754087500032],[-94.184897078125,26.004387215625]]},"properties":{"CSB_":62,"CSB_ID":66,"MMS_REGION":"G","BDRY_TYPE_":"11","BDRY_PT_PR":"NG15-04","BDRY_APRV_":"01-OCT-2014","BLOCK_NUMB":"1003","BDRY_NAME_":1014,"BDRY_NAME1":"U.S.-Mexico Maritime Boundary-Gulf of Mexico","BDRY_COV_S":201503}},
{"type":"Feature","geometry":{"type":"LineString","coordinates":[[-94.184897078125,26.004387215625],[-94.13665565937498,26.004004260937506]]},"properties":{"CSB_":63,"CSB_ID":67,"MMS_REGION":"G","BDRY_TYPE_":"11","BDRY_PT_PR":"NG15-04","BDRY_APRV_":"01-OCT-2014","BLOCK_NUMB":"1004","BDRY_NAME_":1014,"BDRY_NAME1":"U.S.-Mexico Maritime Boundary-Gulf of Mexico","BDRY_COV_S":201503}},
{"type":"Feature","geometry":{"type":"LineString","coordinates":[[-94.13665565937498,26.004004260937506],[-94.08841390781248,26.003605196875014]]},"properties":{"CSB_":64,"CSB_ID":68,"MMS_REGION":"G","BDRY_TYPE_":"11","BDRY_PT_PR":"NG15-04","BDRY_APRV_":"01-OCT-2014","BLOCK_NUMB":"1005","BDRY_NAME_":1014,"BDRY_NAME1":"U.S.-Mexico Maritime Boundary-Gulf of Mexico","BDRY_COV_S":201503}},
{"type":"Feature","geometry":{"type":"LineString","coordinates":[[-94.08841390781248,26.003605196875014],[-94.0401718609375,26.003190023437526]]},"properties":{"CSB_":65,"CSB_ID":69,"MMS_REGION":"G","BDRY_TYPE_":"11","BDRY_PT_PR":"NG15-04","BDRY_APRV_":"01-OCT-2014","BLOCK_NUMB":"1006","BDRY_NAME_":1014,"BDRY_NAME1":"U.S.-Mexico Maritime Boundary-Gulf of Mexico","BDRY_COV_S":201503}},
{"type":"Feature","geometry":{"type":"LineString","coordinates":[[-94.0401718609375,26.003190023437526],[-93.99192956093748,26.002758768750027]]},"properties":{"CSB_":66,"CSB_ID":70,"MMS_REGION":"G","BDRY_TYPE_":"11","BDRY_PT_PR":"NG15-04","BDRY_APRV_":"01-OCT-2014","BLOCK_NUMB":"1007","BDRY_NAME_":1014,"BDRY_NAME1":"U.S.-Mexico Maritime Boundary-Gulf of Mexico","BDRY_COV_S":201503}},
{"type":"Feature","geometry":{"type":"LineString","coordinates":[[-93.99192956093748,26.002758768750027],[-93.94368705,26.002311406250044]]},"properties":{"CSB_":67,"CSB_ID":71,"MMS_REGION":"G","BDRY_TYPE_":"11","BDRY_PT_PR":"NG15-04","BDRY_APRV_":"01-OCT-2014","BLOCK_NUMB":"1008","BDRY_NAME_":1014,"BDRY_NAME1":"U.S.-Mexico Maritime Boundary-Gulf of Mexico","BDRY_COV_S":201503}},
{"type":"Feature","geometry":{"type":"LineString","coordinates":[[-93.94368705,26.002311406250044],[-93.89544436718745,26.001847964062506]]},"properties":{"CSB_":68,"CSB_ID":72,"MMS_REGION":"G","BDRY_TYPE_":"11","BDRY_PT_PR":"NG15-04","BDRY_APRV_":"01-OCT-2014","BLOCK_NUMB":"1009","BDRY_NAME_":1014,"BDRY_NAME1":"U.S.-Mexico Maritime Boundary-Gulf of Mexico","BDRY_COV_S":201503}},
{"type":"Feature","geometry":{"type":"LineString","coordinates":[[-93.89544436718745,26.001847964062506],[-93.8472015546875,26.00136838750001]]},"properties":{"CSB_":69,"CSB_ID":74,"MMS_REGION":"G","BDRY_TYPE_":"11","BDRY_PT_PR":"NG15-05","BDRY_APRV_":"01-OCT-2014","BLOCK_NUMB":"969","BDRY_NAME_":1014,"BDRY_NAME1":"U.S.-Mexico Maritime Boundary-Gulf of Mexico","BDRY_COV_S":201503}},
{"type":"Feature","geometry":{"type":"LineString","coordinates":[[-93.8472015546875,26.00136838750001],[-93.798958653125,26.000872759375]]},"properties":{"CSB_":70,"CSB_ID":75,"MMS_REGION":"G","BDRY_TYPE_":"11","BDRY_PT_PR":"NG15-05","BDRY_APRV_":"01-OCT-2014","BLOCK_NUMB":"970","BDRY_NAME_":1014,"BDRY_NAME1":"U.S.-Mexico Maritime Boundary-Gulf of Mexico","BDRY_COV_S":201503}},
{"type":"Feature","geometry":{"type":"LineString","coordinates":[[-93.798958653125,26.000872759375],[-93.75071570156246,26.000360999999998]]},"properties":{"CSB_":71,"CSB_ID":76,"MMS_REGION":"G","BDRY_TYPE_":"11","BDRY_PT_PR":"NG15-05","BDRY_APRV_":"01-OCT-2014","BLOCK_NUMB":"971","BDRY_NAME_":1014,"BDRY_NAME1":"U.S.-Mexico Maritime Boundary-Gulf of Mexico","BDRY_COV_S":201503}},
{"type":"Feature","geometry":{"type":"LineString","coordinates":[[-93.75071570156246,26.000360999999998],[-93.70247274374998,25.999833134375024]]},"properties":{"CSB_":72,"CSB_ID":77,"MMS_REGION":"G","BDRY_TYPE_":"11","BDRY_PT_PR":"NG15-05","BDRY_APRV_":"01-OCT-2014","BLOCK_NUMB":"972","BDRY_NAME_":1014,"BDRY_NAME1":"U.S.-Mexico Maritime Boundary-Gulf of Mexico","BDRY_COV_S":201503}},
{"type":"Feature","geometry":{"type":"LineString","coordinates":[[-93.70247274374998,25.999833134375024],[-93.65422981874997,25.999289165625044]]},"properties":{"CSB_":73,"CSB_ID":78,"MMS_REGION":"G","BDRY_TYPE_":"11","BDRY_PT_PR":"NG15-05","BDRY_APRV_":"01-OCT-2014","BLOCK_NUMB":"973","BDRY_NAME_":1014,"BDRY_NAME1":"U.S.-Mexico Maritime Boundary-Gulf of Mexico","BDRY_COV_S":201503}},
{"type":"Feature","geometry":{"type":"LineString","coordinates":[[-93.65422981874997,25.999289165625044],[-93.6059869671875,25.998729121875044]]},"properties":{"CSB_":74,"CSB_ID":79,"MMS_REGION":"G","BDRY_TYPE_":"11","BDRY_PT_PR":"NG15-05","BDRY_APRV_":"01-OCT-2014","BLOCK_NUMB":"974","BDRY_NAME_":1014,"BDRY_NAME1":"U.S.-Mexico Maritime Boundary-Gulf of Mexico","BDRY_COV_S":201503}},
{"type":"Feature","geometry":{"type":"LineString","coordinates":[[-93.6059869671875,25.998729121875044],[-93.55774423281247,25.998152948437507]]},"properties":{"CSB_":75,"CSB_ID":80,"MMS_REGION":"G","BDRY_TYPE_":"11","BDRY_PT_PR":"NG15-05","BDRY_APRV_":"01-OCT-2014","BLOCK_NUMB":"975","BDRY_NAME_":1014,"BDRY_NAME1":"U.S.-Mexico Maritime Boundary-Gulf of Mexico","BDRY_COV_S":201503}},
{"type":"Feature","geometry":{"type":"LineString","coordinates":[[-93.55774423281247,25.998152948437507],[-93.50950165156246,25.997560729687507]]},"properties":{"CSB_":76,"CSB_ID":81,"MMS_REGION":"G","BDRY_TYPE_":"11","BDRY_PT_PR":"NG15-05","BDRY_APRV_":"01-OCT-2014","BLOCK_NUMB":"976","BDRY_NAME_":1014,"BDRY_NAME1":"U.S.-Mexico Maritime Boundary-Gulf of Mexico","BDRY_COV_S":201503}},
{"type":"Feature","geometry":{"type":"LineString","coordinates":[[-93.50950165156246,25.997560729687507],[-93.4612592703125,25.996952409375012]]},"properties":{"CSB_":77,"CSB_ID":82,"MMS_REGION":"G","BDRY_TYPE_":"11","BDRY_PT_PR":"NG15-05","BDRY_APRV_":"01-OCT-2014","BLOCK_NUMB":"977","BDRY_NAME_":1014,"BDRY_NAME1":"U.S.-Mexico Maritime Boundary-Gulf of Mexico","BDRY_COV_S":201503}},
{"type":"Feature","geometry":{"type":"LineString","coordinates":[[-93.4612592703125,25.996952409375012],[-93.44505277499997,25.996744437500013]]},"properties":{"CSB_":78,"CSB_ID":83,"MMS_REGION":"G","BDRY_TYPE_":"11","BDRY_PT_PR":"NG15-05","BDRY_APRV_":"01-OCT-2014","BLOCK_NUMB":"978","BDRY_NAME_":1014,"BDRY_NAME1":"U.S.-Mexico Maritime Boundary-Gulf of Mexico","BDRY_COV_S":201503}},
{"type":"Feature","geometry":{"type":"LineString","coordinates":[[-91.09024722812495,25.70362499062503],[-91.06557225937496,25.706885906250022],[-91.05418447031246,25.708389410937514]]},"properties":{"CSB_":79,"CSB_ID":85,"MMS_REGION":"G","BDRY_TYPE_":"11","BDRY_PT_PR":"NG15-09","BDRY_APRV_":"01-OCT-2014","BLOCK_NUMB":"238","BDRY_NAME_":1014,"BDRY_NAME1":"U.S.-Mexico Maritime Boundary-Gulf of Mexico","BDRY_COV_S":201503}},
{"type":"Feature","geometry":{"type":"LineString","coordinates":[[-91.05418447031246,25.708389410937514],[-91.00597248593749,25.714744385937536]]},"properties":{"CSB_":80,"CSB_ID":86,"MMS_REGION":"G","BDRY_TYPE_":"11","BDRY_PT_PR":"NG15-09","BDRY_APRV_":"01-OCT-2014","BLOCK_NUMB":"239","BDRY_NAME_":1014,"BDRY_NAME1":"U.S.-Mexico Maritime Boundary-Gulf of Mexico","BDRY_COV_S":201503}},
{"type":"Feature","geometry":{"type":"LineString","coordinates":[[-91.00597248593749,25.714744385937536],[-90.95775650781246,25.721083253125016]]},"properties":{"CSB_":81,"CSB_ID":87,"MMS_REGION":"G","BDRY_TYPE_":"11","BDRY_PT_PR":"NG15-09","BDRY_APRV_":"01-OCT-2014","BLOCK_NUMB":"240","BDRY_NAME_":1014,"BDRY_NAME1":"U.S.-Mexico Maritime Boundary-Gulf of Mexico","BDRY_COV_S":201503}},
{"type":"Feature","geometry":{"type":"LineString","coordinates":[[-90.95775650781246,25.721083253125016],[-90.90953657031247,25.727406026562505]]},"properties":{"CSB_":82,"CSB_ID":88,"MMS_REGION":"G","BDRY_TYPE_":"11","BDRY_PT_PR":"NG15-09","BDRY_APRV_":"01-OCT-2014","BLOCK_NUMB":"241","BDRY_NAME_":1014,"BDRY_NAME1":"U.S.-Mexico Maritime Boundary-Gulf of Mexico","BDRY_COV_S":201503}},
{"type":"Feature","geometry":{"type":"LineString","coordinates":[[-90.90953657031247,25.727406026562505],[-90.86131271562499,25.73371266875]]},"properties":{"CSB_":83,"CSB_ID":89,"MMS_REGION":"G","BDRY_TYPE_":"11","BDRY_PT_PR":"NG15-09","BDRY_APRV_":"01-OCT-2014","BLOCK_NUMB":"242","BDRY_NAME_":1014,"BDRY_NAME1":"U.S.-Mexico Maritime Boundary-Gulf of Mexico","BDRY_COV_S":201503}},
{"type":"Feature","geometry":{"type":"LineString","coordinates":[[-90.86131271562499,25.73371266875],[-90.81334634531248,25.739969150000036]]},"properties":{"CSB_":84,"CSB_ID":90,"MMS_REGION":"G","BDRY_TYPE_":"11","BDRY_PT_PR":"NG15-09","BDRY_APRV_":"01-OCT-2014","BLOCK_NUMB":"243","BDRY_NAME_":1014,"BDRY_NAME1":"U.S.-Mexico Maritime Boundary-Gulf of Mexico","BDRY_COV_S":201503}},
{"type":"Feature","geometry":{"type":"LineString","coordinates":[[-90.81334634531248,25.739969150000036],[-90.81308497968746,25.740003192187544]]},"properties":{"CSB_":85,"CSB_ID":91,"MMS_REGION":"G","BDRY_TYPE_":"11","BDRY_PT_PR":"NG15-09","BDRY_APRV_":"01-OCT-2014","BLOCK_NUMB":"199","BDRY_NAME_":1014,"BDRY_NAME1":"U.S.-Mexico Maritime Boundary-Gulf of Mexico","BDRY_COV_S":201503}},
{"type":"Feature","geometry":{"type":"LineString","coordinates":[[-90.81308497968746,25.740003192187544],[-90.7648534015625,25.746277584375036]]},"properties":{"CSB_":86,"CSB_ID":92,"MMS_REGION":"G","BDRY_TYPE_":"11","BDRY_PT_PR":"NG15-09","BDRY_APRV_":"01-OCT-2014","BLOCK_NUMB":"200","BDRY_NAME_":1014,"BDRY_NAME1":"U.S.-Mexico Maritime Boundary-Gulf of Mexico","BDRY_COV_S":201503}},
{"type":"Feature","geometry":{"type":"LineString","coordinates":[[-90.7648534015625,25.746277584375036],[-90.71661801874995,25.752535832812498]]},"properties":{"CSB_":87,"CSB_ID":93,"MMS_REGION":"G","BDRY_TYPE_":"11","BDRY_PT_PR":"NG15-09","BDRY_APRV_":"01-OCT-2014","BLOCK_NUMB":"201","BDRY_NAME_":1014,"BDRY_NAME1":"U.S.-Mexico Maritime Boundary-Gulf of Mexico","BDRY_COV_S":201503}},
{"type":"Feature","geometry":{"type":"LineString","coordinates":[[-90.71661801874995,25.752535832812498],[-90.66837886874998,25.758777926562516]]},"properties":{"CSB_":88,"CSB_ID":94,"MMS_REGION":"G","BDRY_TYPE_":"11","BDRY_PT_PR":"NG15-09","BDRY_APRV_":"01-OCT-2014","BLOCK_NUMB":"202","BDRY_NAME_":1014,"BDRY_NAME1":"U.S.-Mexico Maritime Boundary-Gulf of Mexico","BDRY_COV_S":201503}},
{"type":"Feature","geometry":{"type":"LineString","coordinates":[[-90.66837886874998,25.758777926562516],[-90.62013599374995,25.76500385156254]]},"properties":{"CSB_":89,"CSB_ID":95,"MMS_REGION":"G","BDRY_TYPE_":"11","BDRY_PT_PR":"NG15-09","BDRY_APRV_":"01-OCT-2014","BLOCK_NUMB":"203","BDRY_NAME_":1014,"BDRY_NAME1":"U.S.-Mexico Maritime Boundary-Gulf of Mexico","BDRY_COV_S":201503}},
{"type":"Feature","geometry":{"type":"LineString","coordinates":[[-90.62013599374995,25.76500385156254],[-90.57188942968747,25.77121359531253]]},"properties":{"CSB_":90,"CSB_ID":96,"MMS_REGION":"G","BDRY_TYPE_":"11","BDRY_PT_PR":"NG15-09","BDRY_APRV_":"01-OCT-2014","BLOCK_NUMB":"204","BDRY_NAME_":1014,"BDRY_NAME1":"U.S.-Mexico Maritime Boundary-Gulf of Mexico","BDRY_COV_S":201503}},
{"type":"Feature","geometry":{"type":"LineString","coordinates":[[-90.57188942968747,25.77121359531253],[-90.52363921406248,25.777407203124994]]},"properties":{"CSB_":91,"CSB_ID":97,"MMS_REGION":"G","BDRY_TYPE_":"11","BDRY_PT_PR":"NG15-09","BDRY_APRV_":"01-OCT-2014","BLOCK_NUMB":"205","BDRY_NAME_":1014,"BDRY_NAME1":"U.S.-Mexico Maritime Boundary-Gulf of Mexico","BDRY_COV_S":201503}},
{"type":"Feature","geometry":{"type":"LineString","coordinates":[[-90.52363921406248,25.777407203124994],[-90.51333244999995,25.778728046875017]]},"properties":{"CSB_":92,"CSB_ID":98,"MMS_REGION":"G","BDRY_TYPE_":"11","BDRY_PT_PR":"NG15-09","BDRY_APRV_":"01-OCT-2014","BLOCK_NUMB":"206","BDRY_NAME_":1014,"BDRY_NAME1":"U.S.-Mexico Maritime Boundary-Gulf of Mexico","BDRY_COV_S":201503}},
{"type":"Feature","geometry":{"type":"LineString","coordinates":[[-90.51333244999995,25.778728046875017],[-90.49472222968745,25.781111101562544],[-90.47545071562496,25.78050020781251]]},"properties":{"CSB_":93,"CSB_ID":99,"MMS_REGION":"G","BDRY_TYPE_":"11","BDRY_PT_PR":"NG15-09","BDRY_APRV_":"01-OCT-2014","BLOCK_NUMB":"162","BDRY_NAME_":1014,"BDRY_NAME1":"U.S.-Mexico Maritime Boundary-Gulf of Mexico","BDRY_COV_S":201503}},
{"type":"Feature","geometry":{"type":"LineString","coordinates":[[-90.47545071562496,25.78050020781251],[-90.427360721875,25.778964657812537]]},"properties":{"CSB_":94,"CSB_ID":100,"MMS_REGION":"G","BDRY_TYPE_":"11","BDRY_PT_PR":"NG15-09","BDRY_APRV_":"01-OCT-2014","BLOCK_NUMB":"163","BDRY_NAME_":1014,"BDRY_NAME1":"U.S.-Mexico Maritime Boundary-Gulf of Mexico","BDRY_COV_S":201503}},
{"type":"Feature","geometry":{"type":"LineString","coordinates":[[-90.427360721875,25.778964657812537],[-90.37927345156248,25.77741325468753]]},"properties":{"CSB_":95,"CSB_ID":101,"MMS_REGION":"G","BDRY_TYPE_":"11","BDRY_PT_PR":"NG15-09","BDRY_APRV_":"01-OCT-2014","BLOCK_NUMB":"164","BDRY_NAME_":1014,"BDRY_NAME1":"U.S.-Mexico Maritime Boundary-Gulf of Mexico","BDRY_COV_S":201503}},
{"type":"Feature","geometry":{"type":"LineString","coordinates":[[-90.37927345156248,25.77741325468753],[-90.33118894531248,25.775846003125025]]},"properties":{"CSB_":96,"CSB_ID":102,"MMS_REGION":"G","BDRY_TYPE_":"11","BDRY_PT_PR":"NG15-09","BDRY_APRV_":"01-OCT-2014","BLOCK_NUMB":"165","BDRY_NAME_":1014,"BDRY_NAME1":"U.S.-Mexico Maritime Boundary-Gulf of Mexico","BDRY_COV_S":201503}},
{"type":"Feature","geometry":{"type":"LineString","coordinates":[[-90.33118894531248,25.775846003125025],[-90.3071074296875,25.775055107812534]]},"properties":{"CSB_":97,"CSB_ID":103,"MMS_REGION":"G","BDRY_TYPE_":"11","BDRY_PT_PR":"NG15-09","BDRY_APRV_":"01-OCT-2014","BLOCK_NUMB":"166","BDRY_NAME_":1014,"BDRY_NAME1":"U.S.-Mexico Maritime Boundary-Gulf of Mexico","BDRY_COV_S":201503}},
{"type":"Feature","geometry":{"type":"LineString","coordinates":[[-90.3071074296875,25.775055107812534],[-90.2831072421875,25.7742629078125]]},"properties":{"CSB_":98,"CSB_ID":104,"MMS_REGION":"G","BDRY_TYPE_":"11","BDRY_PT_PR":"NG15-09","BDRY_APRV_":"01-OCT-2014","BLOCK_NUMB":"210","BDRY_NAME_":1014,"BDRY_NAME1":"U.S.-Mexico Maritime Boundary-Gulf of Mexico","BDRY_COV_S":201503}},
{"type":"Feature","geometry":{"type":"LineString","coordinates":[[-90.2831072421875,25.7742629078125],[-90.23502838125,25.77266400000002]]},"properties":{"CSB_":99,"CSB_ID":105,"MMS_REGION":"G","BDRY_TYPE_":"11","BDRY_PT_PR":"NG15-09","BDRY_APRV_":"01-OCT-2014","BLOCK_NUMB":"211","BDRY_NAME_":1014,"BDRY_NAME1":"U.S.-Mexico Maritime Boundary-Gulf of Mexico","BDRY_COV_S":201503}},
{"type":"Feature","geometry":{"type":"LineString","coordinates":[[-90.23502838125,25.77266400000002],[-90.18695240624999,25.771049256250024]]},"properties":{"CSB_":100,"CSB_ID":106,"MMS_REGION":"G","BDRY_TYPE_":"11","BDRY_PT_PR":"NG15-09","BDRY_APRV_":"01-OCT-2014","BLOCK_NUMB":"212","BDRY_NAME_":1014,"BDRY_NAME1":"U.S.-Mexico Maritime Boundary-Gulf of Mexico","BDRY_COV_S":201503}},
{"type":"Feature","geometry":{"type":"LineString","coordinates":[[-90.18695240624999,25.771049256250024],[-90.13887935312499,25.7694186828125]]},"properties":{"CSB_":101,"CSB_ID":107,"MMS_REGION":"G","BDRY_TYPE_":"11","BDRY_PT_PR":"NG15-09","BDRY_APRV_":"01-OCT-2014","BLOCK_NUMB":"213","BDRY_NAME_":1014,"BDRY_NAME1":"U.S.-Mexico Maritime Boundary-Gulf of Mexico","BDRY_COV_S":201503}},
{"type":"Feature","geometry":{"type":"LineString","coordinates":[[-90.13887935312499,25.7694186828125],[-90.09080926562496,25.767772281250018]]},"properties":{"CSB_":102,"CSB_ID":108,"MMS_REGION":"G","BDRY_TYPE_":"11","BDRY_PT_PR":"NG15-09","BDRY_APRV_":"01-OCT-2014","BLOCK_NUMB":"214","BDRY_NAME_":1014,"BDRY_NAME1":"U.S.-Mexico Maritime Boundary-Gulf of Mexico","BDRY_COV_S":201503}},
{"type":"Feature","geometry":{"type":"LineString","coordinates":[[-90.09080926562496,25.767772281250018],[-90.0427421828125,25.76611005781251]]},"properties":{"CSB_":103,"CSB_ID":109,"MMS_REGION":"G","BDRY_TYPE_":"11","BDRY_PT_PR":"NG15-09","BDRY_APRV_":"01-OCT-2014","BLOCK_NUMB":"215","BDRY_NAME_":1014,"BDRY_NAME1":"U.S.-Mexico Maritime Boundary-Gulf of Mexico","BDRY_COV_S":201503}},
{"type":"Feature","geometry":{"type":"LineString","coordinates":[[-90.0427421828125,25.76611005781251],[-89.99467814218747,25.764432017187517]]},"properties":{"CSB_":104,"CSB_ID":110,"MMS_REGION":"G","BDRY_TYPE_":"11","BDRY_PT_PR":"NG15-09","BDRY_APRV_":"01-OCT-2014","BLOCK_NUMB":"216","BDRY_NAME_":1014,"BDRY_NAME1":"U.S.-Mexico Maritime Boundary-Gulf of Mexico","BDRY_COV_S":201503}},
{"type":"Feature","geometry":{"type":"LineString","coordinates":[[-89.99467814218747,25.764432017187517],[-89.9466171859375,25.76273816406251]]},"properties":{"CSB_":105,"CSB_ID":111,"MMS_REGION":"G","BDRY_TYPE_":"11","BDRY_PT_PR":"NG15-09","BDRY_APRV_":"01-OCT-2014","BLOCK_NUMB":"217","BDRY_NAME_":1014,"BDRY_NAME1":"U.S.-Mexico Maritime Boundary-Gulf of Mexico","BDRY_COV_S":201503}},
{"type":"Feature","geometry":{"type":"LineString","coordinates":[[-89.9466171859375,25.76273816406251],[-89.89855935468745,25.76102853125002]]},"properties":{"CSB_":106,"CSB_ID":112,"MMS_REGION":"G","BDRY_TYPE_":"11","BDRY_PT_PR":"NG15-09","BDRY_APRV_":"01-OCT-2014","BLOCK_NUMB":"218","BDRY_NAME_":1014,"BDRY_NAME1":"U.S.-Mexico Maritime Boundary-Gulf of Mexico","BDRY_COV_S":201503}},
{"type":"Feature","geometry":{"type":"LineString","coordinates":[[-89.89855935468745,25.76102853125002],[-89.8668244609375,25.759891217187544]]},"properties":{"CSB_":107,"CSB_ID":113,"MMS_REGION":"G","BDRY_TYPE_":"11","BDRY_PT_PR":"NG15-09","BDRY_APRV_":"01-OCT-2014","BLOCK_NUMB":"219","BDRY_NAME_":1014,"BDRY_NAME1":"U.S.-Mexico Maritime Boundary-Gulf of Mexico","BDRY_COV_S":201503}},
{"type":"Feature","geometry":{"type":"LineString","coordinates":[[-89.86682446718748,25.759890857812536],[-89.81867585468746,25.758151492187494]]},"properties":{"CSB_":108,"CSB_ID":115,"MMS_REGION":"G","BDRY_TYPE_":"11","BDRY_PT_PR":"NG16-07","BDRY_APRV_":"01-OCT-2014","BLOCK_NUMB":"177","BDRY_NAME_":1014,"BDRY_NAME1":"U.S.-Mexico Maritime Boundary-Gulf of Mexico","BDRY_COV_S":201503}},
{"type":"Feature","geometry":{"type":"LineString","coordinates":[[-89.81867585468746,25.758151492187494],[-89.770527034375,25.756396134374995]]},"properties":{"CSB_":109,"CSB_ID":116,"MMS_REGION":"G","BDRY_TYPE_":"11","BDRY_PT_PR":"NG16-07","BDRY_APRV_":"01-OCT-2014","BLOCK_NUMB":"178","BDRY_NAME_":1014,"BDRY_NAME1":"U.S.-Mexico Maritime Boundary-Gulf of Mexico","BDRY_COV_S":201503}},
{"type":"Feature","geometry":{"type":"LineString","coordinates":[[-89.770527034375,25.756396134374995],[-89.72237804843746,25.754624787500006]]},"properties":{"CSB_":110,"CSB_ID":117,"MMS_REGION":"G","BDRY_TYPE_":"11","BDRY_PT_PR":"NG16-07","BDRY_APRV_":"01-OCT-2014","BLOCK_NUMB":"179","BDRY_NAME_":1014,"BDRY_NAME1":"U.S.-Mexico Maritime Boundary-Gulf of Mexico","BDRY_COV_S":201503}},
{"type":"Feature","geometry":{"type":"LineString","coordinates":[[-89.72237804843746,25.754624787500006],[-89.67422893437498,25.752837482812538]]},"properties":{"CSB_":111,"CSB_ID":118,"MMS_REGION":"G","BDRY_TYPE_":"11","BDRY_PT_PR":"NG16-07","BDRY_APRV_":"01-OCT-2014","BLOCK_NUMB":"180","BDRY_NAME_":1014,"BDRY_NAME1":"U.S.-Mexico Maritime Boundary-Gulf of Mexico","BDRY_COV_S":201503}},
{"type":"Feature","geometry":{"type":"LineString","coordinates":[[-89.67422893437498,25.752837482812538],[-89.62607973437497,25.751034165625015]]},"properties":{"CSB_":112,"CSB_ID":119,"MMS_REGION":"G","BDRY_TYPE_":"11","BDRY_PT_PR":"NG16-07","BDRY_APRV_":"01-OCT-2014","BLOCK_NUMB":"181","BDRY_NAME_":1014,"BDRY_NAME1":"U.S.-Mexico Maritime Boundary-Gulf of Mexico","BDRY_COV_S":201503}},
{"type":"Feature","geometry":{"type":"LineString","coordinates":[[-89.62607973437497,25.751034165625015],[-89.57793048906245,25.749214896875003]]},"properties":{"CSB_":113,"CSB_ID":120,"MMS_REGION":"G","BDRY_TYPE_":"11","BDRY_PT_PR":"NG16-07","BDRY_APRV_":"01-OCT-2014","BLOCK_NUMB":"182","BDRY_NAME_":1014,"BDRY_NAME1":"U.S.-Mexico Maritime Boundary-Gulf of Mexico","BDRY_COV_S":201503}},
{"type":"Feature","geometry":{"type":"LineString","coordinates":[[-89.57793048906245,25.749214896875003],[-89.52978123906246,25.747379650000028]]},"properties":{"CSB_":114,"CSB_ID":121,"MMS_REGION":"G","BDRY_TYPE_":"11","BDRY_PT_PR":"NG16-07","BDRY_APRV_":"01-OCT-2014","BLOCK_NUMB":"183","BDRY_NAME_":1014,"BDRY_NAME1":"U.S.-Mexico Maritime Boundary-Gulf of Mexico","BDRY_COV_S":201503}},
{"type":"Feature","geometry":{"type":"LineString","coordinates":[[-89.52978123906246,25.747379650000028],[-89.48163202187499,25.745528428125]]},"properties":{"CSB_":115,"CSB_ID":122,"MMS_REGION":"G","BDRY_TYPE_":"11","BDRY_PT_PR":"NG16-07","BDRY_APRV_":"01-OCT-2014","BLOCK_NUMB":"184","BDRY_NAME_":1014,"BDRY_NAME1":"U.S.-Mexico Maritime Boundary-Gulf of Mexico","BDRY_COV_S":201503}},
{"type":"Feature","geometry":{"type":"LineString","coordinates":[[-89.48163202187499,25.745528428125],[-89.43348288124997,25.743661234374997]]},"properties":{"CSB_":116,"CSB_ID":123,"MMS_REGION":"G","BDRY_TYPE_":"11","BDRY_PT_PR":"NG16-07","BDRY_APRV_":"01-OCT-2014","BLOCK_NUMB":"185","BDRY_NAME_":1014,"BDRY_NAME1":"U.S.-Mexico Maritime Boundary-Gulf of Mexico","BDRY_COV_S":201503}},
{"type":"Feature","geometry":{"type":"LineString","coordinates":[[-89.43348288124997,25.743661234374997],[-89.38533385468747,25.741778071875046]]},"properties":{"CSB_":117,"CSB_ID":124,"MMS_REGION":"G","BDRY_TYPE_":"11","BDRY_PT_PR":"NG16-07","BDRY_APRV_":"01-OCT-2014","BLOCK_NUMB":"186","BDRY_NAME_":1014,"BDRY_NAME1":"U.S.-Mexico Maritime Boundary-Gulf of Mexico","BDRY_COV_S":201503}},
{"type":"Feature","geometry":{"type":"LineString","coordinates":[[-89.38533385468747,25.741778071875046],[-89.33718498593748,25.739878915625013]]},"properties":{"CSB_":118,"CSB_ID":125,"MMS_REGION":"G","BDRY_TYPE_":"11","BDRY_PT_PR":"NG16-07","BDRY_APRV_":"01-OCT-2014","BLOCK_NUMB":"187","BDRY_NAME_":1014,"BDRY_NAME1":"U.S.-Mexico Maritime Boundary-Gulf of Mexico","BDRY_COV_S":201503}},
{"type":"Feature","geometry":{"type":"LineString","coordinates":[[-89.33718498593748,25.739878915625013],[-89.29678972343748,25.738273284374998]]},"properties":{"CSB_":119,"CSB_ID":126,"MMS_REGION":"G","BDRY_TYPE_":"11","BDRY_PT_PR":"NG16-07","BDRY_APRV_":"01-OCT-2014","BLOCK_NUMB":"188","BDRY_NAME_":1014,"BDRY_NAME1":"U.S.-Mexico Maritime Boundary-Gulf of Mexico","BDRY_COV_S":201503}},
{"type":"Feature","geometry":{"type":"LineString","coordinates":[[-89.29678972343748,25.738273284374998],[-89.2890363125,25.73796382500001]]},"properties":{"CSB_":120,"CSB_ID":127,"MMS_REGION":"G","BDRY_TYPE_":"11","BDRY_PT_PR":"NG16-07","BDRY_APRV_":"01-OCT-2014","BLOCK_NUMB":"232","BDRY_NAME_":1014,"BDRY_NAME1":"U.S.-Mexico Maritime Boundary-Gulf of Mexico","BDRY_COV_S":201503}},
{"type":"Feature","geometry":{"type":"LineString","coordinates":[[-89.2890363125,25.73796382500001],[-89.240887875,25.736032746875026]]},"properties":{"CSB_":121,"CSB_ID":128,"MMS_REGION":"G","BDRY_TYPE_":"11","BDRY_PT_PR":"NG16-07","BDRY_APRV_":"01-OCT-2014","BLOCK_NUMB":"233","BDRY_NAME_":1014,"BDRY_NAME1":"U.S.-Mexico Maritime Boundary-Gulf of Mexico","BDRY_COV_S":201503}},
{"type":"Feature","geometry":{"type":"LineString","coordinates":[[-89.240887875,25.736032746875026],[-89.1927397140625,25.734085685937544]]},"properties":{"CSB_":122,"CSB_ID":129,"MMS_REGION":"G","BDRY_TYPE_":"11","BDRY_PT_PR":"NG16-07","BDRY_APRV_":"01-OCT-2014","BLOCK_NUMB":"234","BDRY_NAME_":1014,"BDRY_NAME1":"U.S.-Mexico Maritime Boundary-Gulf of Mexico","BDRY_COV_S":201503}},
{"type":"Feature","geometry":{"type":"LineString","coordinates":[[-89.1927397140625,25.734085685937544],[-89.14459187031247,25.732122671875004]]},"properties":{"CSB_":123,"CSB_ID":130,"MMS_REGION":"G","BDRY_TYPE_":"11","BDRY_PT_PR":"NG16-07","BDRY_APRV_":"01-OCT-2014","BLOCK_NUMB":"235","BDRY_NAME_":1014,"BDRY_NAME1":"U.S.-Mexico Maritime Boundary-Gulf of Mexico","BDRY_COV_S":201503}},
{"type":"Feature","geometry":{"type":"LineString","coordinates":[[-89.14459187031247,25.732122671875004],[-89.09644438437499,25.730143707812545]]},"properties":{"CSB_":124,"CSB_ID":131,"MMS_REGION":"G","BDRY_TYPE_":"11","BDRY_PT_PR":"NG16-07","BDRY_APRV_":"01-OCT-2014","BLOCK_NUMB":"236","BDRY_NAME_":1014,"BDRY_NAME1":"U.S.-Mexico Maritime Boundary-Gulf of Mexico","BDRY_COV_S":201503}},
{"type":"Feature","geometry":{"type":"LineString","coordinates":[[-89.09644438437499,25.730143707812545],[-89.04829729531247,25.728148743750012]]},"properties":{"CSB_":125,"CSB_ID":132,"MMS_REGION":"G","BDRY_TYPE_":"11","BDRY_PT_PR":"NG16-07","BDRY_APRV_":"01-OCT-2014","BLOCK_NUMB":"237","BDRY_NAME_":1014,"BDRY_NAME1":"U.S.-Mexico Maritime Boundary-Gulf of Mexico","BDRY_COV_S":201503}},
{"type":"Feature","geometry":{"type":"LineString","coordinates":[[-89.04829729531247,25.728148743750012],[-89.00015064531249,25.726137864062537]]},"properties":{"CSB_":126,"CSB_ID":133,"MMS_REGION":"G","BDRY_TYPE_":"11","BDRY_PT_PR":"NG16-07","BDRY_APRV_":"01-OCT-2014","BLOCK_NUMB":"238","BDRY_NAME_":1014,"BDRY_NAME1":"U.S.-Mexico Maritime Boundary-Gulf of Mexico","BDRY_COV_S":201503}},
{"type":"Feature","geometry":{"type":"LineString","coordinates":[[-89.00015064531249,25.726137864062537],[-88.952004471875,25.72411101718751]]},"properties":{"CSB_":127,"CSB_ID":134,"MMS_REGION":"G","BDRY_TYPE_":"11","BDRY_PT_PR":"NG16-07","BDRY_APRV_":"01-OCT-2014","BLOCK_NUMB":"239","BDRY_NAME_":1014,"BDRY_NAME1":"U.S.-Mexico Maritime Boundary-Gulf of Mexico","BDRY_COV_S":201503}},
{"type":"Feature","geometry":{"type":"LineString","coordinates":[[-88.952004471875,25.72411101718751],[-88.90385881718748,25.722068207812526]]},"properties":{"CSB_":128,"CSB_ID":135,"MMS_REGION":"G","BDRY_TYPE_":"11","BDRY_PT_PR":"NG16-07","BDRY_APRV_":"01-OCT-2014","BLOCK_NUMB":"240","BDRY_NAME_":1014,"BDRY_NAME1":"U.S.-Mexico Maritime Boundary-Gulf of Mexico","BDRY_COV_S":201503}},
{"type":"Feature","geometry":{"type":"LineString","coordinates":[[-88.90385881718748,25.722068207812526],[-88.85571372187496,25.72000943906255]]},"properties":{"CSB_":129,"CSB_ID":136,"MMS_REGION":"G","BDRY_TYPE_":"11","BDRY_PT_PR":"NG16-07","BDRY_APRV_":"01-OCT-2014","BLOCK_NUMB":"241","BDRY_NAME_":1014,"BDRY_NAME1":"U.S.-Mexico Maritime Boundary-Gulf of Mexico","BDRY_COV_S":201503}},
{"type":"Feature","geometry":{"type":"LineString","coordinates":[[-88.85571372187496,25.72000943906255],[-88.80756922656246,25.717934742187538]]},"properties":{"CSB_":130,"CSB_ID":137,"MMS_REGION":"G","BDRY_TYPE_":"11","BDRY_PT_PR":"NG16-07","BDRY_APRV_":"01-OCT-2014","BLOCK_NUMB":"242","BDRY_NAME_":1014,"BDRY_NAME1":"U.S.-Mexico Maritime Boundary-Gulf of Mexico","BDRY_COV_S":201503}},
{"type":"Feature","geometry":{"type":"LineString","coordinates":[[-88.80756922656246,25.717934742187538],[-88.7594253703125,25.71584406562505]]},"properties":{"CSB_":131,"CSB_ID":138,"MMS_REGION":"G","BDRY_TYPE_":"11","BDRY_PT_PR":"NG16-07","BDRY_APRV_":"01-OCT-2014","BLOCK_NUMB":"243","BDRY_NAME_":1014,"BDRY_NAME1":"U.S.-Mexico Maritime Boundary-Gulf of Mexico","BDRY_COV_S":201503}},
{"type":"Feature","geometry":{"type":"LineString","coordinates":[[-88.7594253703125,25.71584406562505],[-88.71128219374998,25.713737468750026]]},"properties":{"CSB_":132,"CSB_ID":139,"MMS_REGION":"G","BDRY_TYPE_":"11","BDRY_PT_PR":"NG16-07","BDRY_APRV_":"01-OCT-2014","BLOCK_NUMB":"244","BDRY_NAME_":1014,"BDRY_NAME1":"U.S.-Mexico Maritime Boundary-Gulf of Mexico","BDRY_COV_S":201503}},
{"type":"Feature","geometry":{"type":"LineString","coordinates":[[-88.71128219374998,25.713737468750026],[-88.66313973593748,25.711614926562504]]},"properties":{"CSB_":133,"CSB_ID":140,"MMS_REGION":"G","BDRY_TYPE_":"11","BDRY_PT_PR":"NG16-07","BDRY_APRV_":"01-OCT-2014","BLOCK_NUMB":"245","BDRY_NAME_":1014,"BDRY_NAME1":"U.S.-Mexico Maritime Boundary-Gulf of Mexico","BDRY_COV_S":201503}},
{"type":"Feature","geometry":{"type":"LineString","coordinates":[[-88.66313973593748,25.711614926562504],[-88.61499803906247,25.709476415625033]]},"properties":{"CSB_":134,"CSB_ID":141,"MMS_REGION":"G","BDRY_TYPE_":"11","BDRY_PT_PR":"NG16-07","BDRY_APRV_":"01-OCT-2014","BLOCK_NUMB":"246","BDRY_NAME_":1014,"BDRY_NAME1":"U.S.-Mexico Maritime Boundary-Gulf of Mexico","BDRY_COV_S":201503}},
{"type":"Feature","geometry":{"type":"LineString","coordinates":[[-88.61499803906247,25.709476415625033],[-88.56685714218747,25.707321968750023]]},"properties":{"CSB_":135,"CSB_ID":142,"MMS_REGION":"G","BDRY_TYPE_":"11","BDRY_PT_PR":"NG16-07","BDRY_APRV_":"01-OCT-2014","BLOCK_NUMB":"247","BDRY_NAME_":1014,"BDRY_NAME1":"U.S.-Mexico Maritime Boundary-Gulf of Mexico","BDRY_COV_S":201503}},
{"type":"Feature","geometry":{"type":"LineString","coordinates":[[-88.56685714218747,25.707321968750023],[-88.51871708593745,25.705151589062496]]},"properties":{"CSB_":136,"CSB_ID":143,"MMS_REGION":"G","BDRY_TYPE_":"11","BDRY_PT_PR":"NG16-07","BDRY_APRV_":"01-OCT-2014","BLOCK_NUMB":"248","BDRY_NAME_":1014,"BDRY_NAME1":"U.S.-Mexico Maritime Boundary-Gulf of Mexico","BDRY_COV_S":201503}},
{"type":"Feature","geometry":{"type":"LineString","coordinates":[[-88.51871708593745,25.705151589062496],[-88.51381225937496,25.704929590625]]},"properties":{"CSB_":137,"CSB_ID":144,"MMS_REGION":"G","BDRY_TYPE_":"11","BDRY_PT_PR":"NG16-07","BDRY_APRV_":"01-OCT-2014","BLOCK_NUMB":"249","BDRY_NAME_":1014,"BDRY_NAME1":"U.S.-Mexico Maritime Boundary-Gulf of Mexico","BDRY_COV_S":201503}},
{"type":"Feature","geometry":{"type":"LineString","coordinates":[[-88.51381225937496,25.704929590625],[-88.4705779109375,25.702965281250044]]},"properties":{"CSB_":138,"CSB_ID":145,"MMS_REGION":"G","BDRY_TYPE_":"11","BDRY_PT_PR":"NG16-07","BDRY_APRV_":"01-OCT-2014","BLOCK_NUMB":"293","BDRY_NAME_":1014,"BDRY_NAME1":"U.S.-Mexico Maritime Boundary-Gulf of Mexico","BDRY_COV_S":201503}},
{"type":"Feature","geometry":{"type":"LineString","coordinates":[[-88.4705779109375,25.702965281250044],[-88.4224396578125,25.700763048437523]]},"properties":{"CSB_":139,"CSB_ID":146,"MMS_REGION":"G","BDRY_TYPE_":"11","BDRY_PT_PR":"NG16-07","BDRY_APRV_":"01-OCT-2014","BLOCK_NUMB":"294","BDRY_NAME_":1014,"BDRY_NAME1":"U.S.-Mexico Maritime Boundary-Gulf of Mexico","BDRY_COV_S":201503}},
{"type":"Feature","geometry":{"type":"LineString","coordinates":[[-88.4224396578125,25.700763048437523],[-88.38487222343747,25.69903333281252]]},"properties":{"CSB_":140,"CSB_ID":147,"MMS_REGION":"G","BDRY_TYPE_":"11","BDRY_PT_PR":"NG16-07","BDRY_APRV_":"01-OCT-2014","BLOCK_NUMB":"295","BDRY_NAME_":1014,"BDRY_NAME1":"U.S.-Mexico Maritime Boundary-Gulf of Mexico","BDRY_COV_S":201503}},
{"type":"Feature","geometry":{"type":"LineString","coordinates":[[-86.55333333281249,25.206944443750047],[-86.547682946875,25.203814125000008]]},"properties":{"CSB_":141,"CSB_ID":149,"MMS_REGION":"G","BDRY_TYPE_":"11","BDRY_PT_PR":"NG16-08","BDRY_APRV_":"28-FEB-2007","BLOCK_NUMB":"776","BDRY_NAME_":1005,"BDRY_NAME1":"U.S.-Cuba Provisional Maritime Boundary","BDRY_COV_S":201503}},
{"type":"Feature","geometry":{"type":"LineString","coordinates":[[-86.547682946875,25.203814125000008],[-86.52057783906247,25.188792812500026]]},"properties":{"CSB_":142,"CSB_ID":150,"MMS_REGION":"G","BDRY_TYPE_":"11","BDRY_PT_PR":"NG16-08","BDRY_APRV_":"28-FEB-2007","BLOCK_NUMB":"777","BDRY_NAME_":1005,"BDRY_NAME1":"U.S.-Cuba Provisional Maritime Boundary","BDRY_COV_S":201503}},
{"type":"Feature","geometry":{"type":"LineString","coordinates":[[-86.52057783906247,25.188792812500026],[-86.4998685609375,25.17731015000004]]},"properties":{"CSB_":143,"CSB_ID":151,"MMS_REGION":"G","BDRY_TYPE_":"11","BDRY_PT_PR":"NG16-08","BDRY_APRV_":"28-FEB-2007","BLOCK_NUMB":"821","BDRY_NAME_":1005,"BDRY_NAME1":"U.S.-Cuba Provisional Maritime Boundary","BDRY_COV_S":201503}},
{"type":"Feature","geometry":{"type":"LineString","coordinates":[[-86.4998685609375,25.17731015000004],[-86.45207503749998,25.150790735937505]]},"properties":{"CSB_":144,"CSB_ID":152,"MMS_REGION":"G","BDRY_TYPE_":"11","BDRY_PT_PR":"NG16-08","BDRY_APRV_":"28-FEB-2007","BLOCK_NUMB":"822","BDRY_NAME_":1005,"BDRY_NAME1":"U.S.-Cuba Provisional Maritime Boundary","BDRY_COV_S":201503}},
{"type":"Feature","geometry":{"type":"LineString","coordinates":[[-86.45207503749998,25.150790735937505],[-86.44148924218746,25.144913287500003]]},"properties":{"CSB_":145,"CSB_ID":153,"MMS_REGION":"G","BDRY_TYPE_":"11","BDRY_PT_PR":"NG16-08","BDRY_APRV_":"28-FEB-2007","BLOCK_NUMB":"823","BDRY_NAME_":1005,"BDRY_NAME1":"U.S.-Cuba Provisional Maritime Boundary","BDRY_COV_S":201503}},
{"type":"Feature","geometry":{"type":"LineString","coordinates":[[-86.44148924218746,25.144913287500003],[-86.40430237343747,25.124255935937526]]},"properties":{"CSB_":146,"CSB_ID":154,"MMS_REGION":"G","BDRY_TYPE_":"11","BDRY_PT_PR":"NG16-08","BDRY_APRV_":"28-FEB-2007","BLOCK_NUMB":"867","BDRY_NAME_":1005,"BDRY_NAME1":"U.S.-Cuba Provisional Maritime Boundary","BDRY_COV_S":201503}},
{"type":"Feature","geometry":{"type":"LineString","coordinates":[[-86.40430237343747,25.124255935937526],[-86.36245886874997,25.10099228125]]},"properties":{"CSB_":147,"CSB_ID":155,"MMS_REGION":"G","BDRY_TYPE_":"11","BDRY_PT_PR":"NG16-08","BDRY_APRV_":"28-FEB-2007","BLOCK_NUMB":"868","BDRY_NAME_":1005,"BDRY_NAME1":"U.S.-Cuba Provisional Maritime Boundary","BDRY_COV_S":201503}},
{"type":"Feature","geometry":{"type":"LineString","coordinates":[[-86.36245886874997,25.10099228125],[-86.35655056249999,25.097705779687544]]},"properties":{"CSB_":148,"CSB_ID":156,"MMS_REGION":"G","BDRY_TYPE_":"11","BDRY_PT_PR":"NG16-08","BDRY_APRV_":"28-FEB-2007","BLOCK_NUMB":"912","BDRY_NAME_":1005,"BDRY_NAME1":"U.S.-Cuba Provisional Maritime Boundary","BDRY_COV_S":201503}},
{"type":"Feature","geometry":{"type":"LineString","coordinates":[[-86.35655056249999,25.097705779687544],[-86.3088196015625,25.07114032187502]]},"properties":{"CSB_":149,"CSB_ID":157,"MMS_REGION":"G","BDRY_TYPE_":"11","BDRY_PT_PR":"NG16-08","BDRY_APRV_":"28-FEB-2007","BLOCK_NUMB":"913","BDRY_NAME_":1005,"BDRY_NAME1":"U.S.-Cuba Provisional Maritime Boundary","BDRY_COV_S":201503}},
{"type":"Feature","geometry":{"type":"LineString","coordinates":[[-86.3088196015625,25.07114032187502],[-86.28348690937497,25.057030046875013]]},"properties":{"CSB_":150,"CSB_ID":158,"MMS_REGION":"G","BDRY_TYPE_":"11","BDRY_PT_PR":"NG16-08","BDRY_APRV_":"28-FEB-2007","BLOCK_NUMB":"914","BDRY_NAME_":1005,"BDRY_NAME1":"U.S.-Cuba Provisional Maritime Boundary","BDRY_COV_S":201503}},
{"type":"Feature","geometry":{"type":"LineString","coordinates":[[-86.28348690937497,25.057030046875013],[-86.26110948437497,25.04455953750005]]},"properties":{"CSB_":151,"CSB_ID":159,"MMS_REGION":"G","BDRY_TYPE_":"11","BDRY_PT_PR":"NG16-08","BDRY_APRV_":"28-FEB-2007","BLOCK_NUMB":"958","BDRY_NAME_":1005,"BDRY_NAME1":"U.S.-Cuba Provisional Maritime Boundary","BDRY_COV_S":201503}},
{"type":"Feature","geometry":{"type":"LineString","coordinates":[[-86.26110948437497,25.04455953750005],[-86.21342020781248,25.017963509375022]]},"properties":{"CSB_":152,"CSB_ID":160,"MMS_REGION":"G","BDRY_TYPE_":"11","BDRY_PT_PR":"NG16-08","BDRY_APRV_":"28-FEB-2007","BLOCK_NUMB":"959","BDRY_NAME_":1005,"BDRY_NAME1":"U.S.-Cuba Provisional Maritime Boundary","BDRY_COV_S":201503}},
{"type":"Feature","geometry":{"type":"LineString","coordinates":[[-86.21342020781248,25.017963509375022],[-86.20457354843745,25.013026840625002]]},"properties":{"CSB_":153,"CSB_ID":161,"MMS_REGION":"G","BDRY_TYPE_":"11","BDRY_PT_PR":"NG16-08","BDRY_APRV_":"28-FEB-2007","BLOCK_NUMB":"960","BDRY_NAME_":1005,"BDRY_NAME1":"U.S.-Cuba Provisional Maritime Boundary","BDRY_COV_S":201503}},
{"type":"Feature","geometry":{"type":"LineString","coordinates":[[-86.20457354843745,25.013026840625002],[-86.16575176562498,24.991352237499996]]},"properties":{"CSB_":154,"CSB_ID":162,"MMS_REGION":"G","BDRY_TYPE_":"11","BDRY_PT_PR":"NG16-08","BDRY_APRV_":"28-FEB-2007","BLOCK_NUMB":"1004","BDRY_NAME_":1005,"BDRY_NAME1":"U.S.-Cuba Provisional Maritime Boundary","BDRY_COV_S":201503}},
{"type":"Feature","geometry":{"type":"LineString","coordinates":[[-86.16575176562498,24.991352237499996],[-86.12571900312497,24.968982918750044]]},"properties":{"CSB_":155,"CSB_ID":163,"MMS_REGION":"G","BDRY_TYPE_":"11","BDRY_PT_PR":"NG16-08","BDRY_APRV_":"28-FEB-2007","BLOCK_NUMB":"1005","BDRY_NAME_":1005,"BDRY_NAME1":"U.S.-Cuba Provisional Maritime Boundary","BDRY_COV_S":201503}},
{"type":"Feature","geometry":{"type":"LineString","coordinates":[[-86.12571900312497,24.968982918750044],[-86.11810415312499,24.964725778125]]},"properties":{"CSB_":156,"CSB_ID":165,"MMS_REGION":"G","BDRY_TYPE_":"11","BDRY_PT_PR":"NG16-11","BDRY_APRV_":"01-SEP-1999","BLOCK_NUMB":"39","BDRY_NAME_":1005,"BDRY_NAME1":"U.S.-Cuba Provisional Maritime Boundary","BDRY_COV_S":201503}},
{"type":"Feature","geometry":{"type":"LineString","coordinates":[[-86.11810415312499,24.964725778125],[-86.0704773671875,24.938084131250037]]},"properties":{"CSB_":157,"CSB_ID":166,"MMS_REGION":"G","BDRY_TYPE_":"11","BDRY_PT_PR":"NG16-11","BDRY_APRV_":"01-SEP-1999","BLOCK_NUMB":"40","BDRY_NAME_":1005,"BDRY_NAME1":"U.S.-Cuba Provisional Maritime Boundary","BDRY_COV_S":201503}},
{"type":"Feature","geometry":{"type":"LineString","coordinates":[[-86.0704773671875,24.938084131250037],[-86.0469234265625,24.92489853593753]]},"properties":{"CSB_":158,"CSB_ID":167,"MMS_REGION":"G","BDRY_TYPE_":"11","BDRY_PT_PR":"NG16-11","BDRY_APRV_":"01-SEP-1999","BLOCK_NUMB":"41","BDRY_NAME_":1005,"BDRY_NAME1":"U.S.-Cuba Provisional Maritime Boundary","BDRY_COV_S":201503}},
{"type":"Feature","geometry":{"type":"LineString","coordinates":[[-86.0469234265625,24.92489853593753],[-86.02287139999999,24.911427325000034]]},"properties":{"CSB_":159,"CSB_ID":168,"MMS_REGION":"G","BDRY_TYPE_":"11","BDRY_PT_PR":"NG16-11","BDRY_APRV_":"01-SEP-1999","BLOCK_NUMB":"85","BDRY_NAME_":1005,"BDRY_NAME1":"U.S.-Cuba Provisional Maritime Boundary","BDRY_COV_S":201503}},
{"type":"Feature","geometry":{"type":"LineString","coordinates":[[-86.02287139999999,24.911427325000034],[-86,24.89861111093751],[-85.97528892968745,24.884430467187542]]},"properties":{"CSB_":160,"CSB_ID":169,"MMS_REGION":"G","BDRY_TYPE_":"11","BDRY_PT_PR":"NG16-11","BDRY_APRV_":"01-SEP-1999","BLOCK_NUMB":"86","BDRY_NAME_":1005,"BDRY_NAME1":"U.S.-Cuba Provisional Maritime Boundary","BDRY_COV_S":201503}},
{"type":"Feature","geometry":{"type":"LineString","coordinates":[[-85.97528892968745,24.884430467187542],[-85.96892814687499,24.88077907343751]]},"properties":{"CSB_":161,"CSB_ID":170,"MMS_REGION":"G","BDRY_TYPE_":"11","BDRY_PT_PR":"NG16-11","BDRY_APRV_":"01-SEP-1999","BLOCK_NUMB":"87","BDRY_NAME_":1005,"BDRY_NAME1":"U.S.-Cuba Provisional Maritime Boundary","BDRY_COV_S":201503}},
{"type":"Feature","geometry":{"type":"LineString","coordinates":[[-85.96892814687499,24.88077907343751],[-85.92773010781247,24.857117596875014]]},"properties":{"CSB_":162,"CSB_ID":171,"MMS_REGION":"G","BDRY_TYPE_":"11","BDRY_PT_PR":"NG16-11","BDRY_APRV_":"01-SEP-1999","BLOCK_NUMB":"131","BDRY_NAME_":1005,"BDRY_NAME1":"U.S.-Cuba Provisional Maritime Boundary","BDRY_COV_S":201503}},
{"type":"Feature","geometry":{"type":"LineString","coordinates":[[-85.92773010781247,24.857117596875014],[-85.89208419062498,24.836628529687516]]},"properties":{"CSB_":163,"CSB_ID":173,"MMS_REGION":"G","BDRY_TYPE_":"11","BDRY_PT_PR":"NG16-12","BDRY_APRV_":"09-SEP-1998","BLOCK_NUMB":"89","BDRY_NAME_":1005,"BDRY_NAME1":"U.S.-Cuba Provisional Maritime Boundary","BDRY_COV_S":201503}},
{"type":"Feature","geometry":{"type":"LineString","coordinates":[[-85.89208419062498,24.836628529687516],[-85.88019255156246,24.829789971875016]]},"properties":{"CSB_":164,"CSB_ID":174,"MMS_REGION":"G","BDRY_TYPE_":"11","BDRY_PT_PR":"NG16-12","BDRY_APRV_":"09-SEP-1998","BLOCK_NUMB":"133","BDRY_NAME_":1005,"BDRY_NAME1":"U.S.-Cuba Provisional Maritime Boundary","BDRY_COV_S":201503}},
{"type":"Feature","geometry":{"type":"LineString","coordinates":[[-85.88019255156246,24.829789971875016],[-85.83267626093749,24.80244706875004]]},"properties":{"CSB_":165,"CSB_ID":175,"MMS_REGION":"G","BDRY_TYPE_":"11","BDRY_PT_PR":"NG16-12","BDRY_APRV_":"09-SEP-1998","BLOCK_NUMB":"134","BDRY_NAME_":1005,"BDRY_NAME1":"U.S.-Cuba Provisional Maritime Boundary","BDRY_COV_S":201503}},
{"type":"Feature","geometry":{"type":"LineString","coordinates":[[-85.83267626093749,24.80244706875004],[-85.81529762499997,24.792440146875037]]},"properties":{"CSB_":166,"CSB_ID":176,"MMS_REGION":"G","BDRY_TYPE_":"11","BDRY_PT_PR":"NG16-12","BDRY_APRV_":"09-SEP-1998","BLOCK_NUMB":"135","BDRY_NAME_":1005,"BDRY_NAME1":"U.S.-Cuba Provisional Maritime Boundary","BDRY_COV_S":201503}},
{"type":"Feature","geometry":{"type":"LineString","coordinates":[[-85.81529762499997,24.792440146875037],[-85.7851812203125,24.77508955156253]]},"properties":{"CSB_":167,"CSB_ID":177,"MMS_REGION":"G","BDRY_TYPE_":"11","BDRY_PT_PR":"NG16-12","BDRY_APRV_":"09-SEP-1998","BLOCK_NUMB":"179","BDRY_NAME_":1005,"BDRY_NAME1":"U.S.-Cuba Provisional Maritime Boundary","BDRY_COV_S":201503}},
{"type":"Feature","geometry":{"type":"LineString","coordinates":[[-85.7851812203125,24.77508955156253],[-85.73856977187495,24.748214182812546]]},"properties":{"CSB_":168,"CSB_ID":178,"MMS_REGION":"G","BDRY_TYPE_":"11","BDRY_PT_PR":"NG16-12","BDRY_APRV_":"09-SEP-1998","BLOCK_NUMB":"180","BDRY_NAME_":1005,"BDRY_NAME1":"U.S.-Cuba Provisional Maritime Boundary","BDRY_COV_S":201503}},
{"type":"Feature","geometry":{"type":"LineString","coordinates":[[-85.73856977187495,24.748214182812546],[-85.7377074328125,24.747716514062517]]},"properties":{"CSB_":169,"CSB_ID":179,"MMS_REGION":"G","BDRY_TYPE_":"11","BDRY_PT_PR":"NG16-12","BDRY_APRV_":"09-SEP-1998","BLOCK_NUMB":"224","BDRY_NAME_":1005,"BDRY_NAME1":"U.S.-Cuba Provisional Maritime Boundary","BDRY_COV_S":201503}},
{"type":"Feature","geometry":{"type":"LineString","coordinates":[[-85.7377074328125,24.747716514062517],[-85.72000000156248,24.737500001562523],[-85.69022222187499,24.723449018750046]]},"properties":{"CSB_":170,"CSB_ID":180,"MMS_REGION":"G","BDRY_TYPE_":"11","BDRY_PT_PR":"NG16-12","BDRY_APRV_":"09-SEP-1998","BLOCK_NUMB":"225","BDRY_NAME_":1005,"BDRY_NAME1":"U.S.-Cuba Provisional Maritime Boundary","BDRY_COV_S":201503}},
{"type":"Feature","geometry":{"type":"LineString","coordinates":[[-85.69022222187499,24.723449018750046],[-85.64868170468748,24.703832404687546]]},"properties":{"CSB_":171,"CSB_ID":181,"MMS_REGION":"G","BDRY_TYPE_":"11","BDRY_PT_PR":"NG16-12","BDRY_APRV_":"09-SEP-1998","BLOCK_NUMB":"226","BDRY_NAME_":1005,"BDRY_NAME1":"U.S.-Cuba Provisional Maritime Boundary","BDRY_COV_S":201503}},
{"type":"Feature","geometry":{"type":"LineString","coordinates":[[-85.64868170468748,24.703832404687546],[-85.64273583749997,24.70102315937504]]},"properties":{"CSB_":172,"CSB_ID":182,"MMS_REGION":"G","BDRY_TYPE_":"11","BDRY_PT_PR":"NG16-12","BDRY_APRV_":"09-SEP-1998","BLOCK_NUMB":"270","BDRY_NAME_":1005,"BDRY_NAME1":"U.S.-Cuba Provisional Maritime Boundary","BDRY_COV_S":201503}},
{"type":"Feature","geometry":{"type":"LineString","coordinates":[[-85.64273583749997,24.70102315937504],[-85.59526703749998,24.678582526562536]]},"properties":{"CSB_":173,"CSB_ID":183,"MMS_REGION":"G","BDRY_TYPE_":"11","BDRY_PT_PR":"NG16-12","BDRY_APRV_":"09-SEP-1998","BLOCK_NUMB":"271","BDRY_NAME_":1005,"BDRY_NAME1":"U.S.-Cuba Provisional Maritime Boundary","BDRY_COV_S":201503}},
{"type":"Feature","geometry":{"type":"LineString","coordinates":[[-85.59526703749998,24.678582526562536],[-85.55464169687497,24.659358746875]]},"properties":{"CSB_":174,"CSB_ID":184,"MMS_REGION":"G","BDRY_TYPE_":"11","BDRY_PT_PR":"NG16-12","BDRY_APRV_":"09-SEP-1998","BLOCK_NUMB":"272","BDRY_NAME_":1005,"BDRY_NAME1":"U.S.-Cuba Provisional Maritime Boundary","BDRY_COV_S":201503}},
{"type":"Feature","geometry":{"type":"LineString","coordinates":[[-85.55464169687497,24.659358746875],[-85.54781582968747,24.65612711093752]]},"properties":{"CSB_":175,"CSB_ID":185,"MMS_REGION":"G","BDRY_TYPE_":"11","BDRY_PT_PR":"NG16-12","BDRY_APRV_":"09-SEP-1998","BLOCK_NUMB":"316","BDRY_NAME_":1005,"BDRY_NAME1":"U.S.-Cuba Provisional Maritime Boundary","BDRY_COV_S":201503}},
{"type":"Feature","geometry":{"type":"LineString","coordinates":[[-85.54781582968747,24.65612711093752],[-85.53194444374998,24.64861111250002],[-85.500384559375,24.63346109843752]]},"properties":{"CSB_":176,"CSB_ID":186,"MMS_REGION":"G","BDRY_TYPE_":"11","BDRY_PT_PR":"NG16-12","BDRY_APRV_":"09-SEP-1998","BLOCK_NUMB":"317","BDRY_NAME_":1005,"BDRY_NAME1":"U.S.-Cuba Provisional Maritime Boundary","BDRY_COV_S":201503}},
{"type":"Feature","geometry":{"type":"LineString","coordinates":[[-85.500384559375,24.63346109843752],[-85.46162085468745,24.614838767187507]]},"properties":{"CSB_":177,"CSB_ID":187,"MMS_REGION":"G","BDRY_TYPE_":"11","BDRY_PT_PR":"NG16-12","BDRY_APRV_":"09-SEP-1998","BLOCK_NUMB":"318","BDRY_NAME_":1005,"BDRY_NAME1":"U.S.-Cuba Provisional Maritime Boundary","BDRY_COV_S":201503}},
{"type":"Feature","geometry":{"type":"LineString","coordinates":[[-85.46162085468745,24.614838767187507],[-85.45297224999996,24.610681804687545]]},"properties":{"CSB_":178,"CSB_ID":188,"MMS_REGION":"G","BDRY_TYPE_":"11","BDRY_PT_PR":"NG16-12","BDRY_APRV_":"09-SEP-1998","BLOCK_NUMB":"362","BDRY_NAME_":1005,"BDRY_NAME1":"U.S.-Cuba Provisional Maritime Boundary","BDRY_COV_S":201503}},
{"type":"Feature","geometry":{"type":"LineString","coordinates":[[-85.45297224999996,24.610681804687545],[-85.4055777703125,24.58788782343754]]},"properties":{"CSB_":179,"CSB_ID":189,"MMS_REGION":"G","BDRY_TYPE_":"11","BDRY_PT_PR":"NG16-12","BDRY_APRV_":"09-SEP-1998","BLOCK_NUMB":"363","BDRY_NAME_":1005,"BDRY_NAME1":"U.S.-Cuba Provisional Maritime Boundary","BDRY_COV_S":201503}},
{"type":"Feature","geometry":{"type":"LineString","coordinates":[[-85.4055777703125,24.58788782343754],[-85.36897382812498,24.570267564062533]]},"properties":{"CSB_":180,"CSB_ID":190,"MMS_REGION":"G","BDRY_TYPE_":"11","BDRY_PT_PR":"NG16-12","BDRY_APRV_":"09-SEP-1998","BLOCK_NUMB":"364","BDRY_NAME_":1005,"BDRY_NAME1":"U.S.-Cuba Provisional Maritime Boundary","BDRY_COV_S":201503}},
{"type":"Feature","geometry":{"type":"LineString","coordinates":[[-85.36897382812498,24.570267564062533],[-85.358201125,24.565079231250024]]},"properties":{"CSB_":181,"CSB_ID":191,"MMS_REGION":"G","BDRY_TYPE_":"11","BDRY_PT_PR":"NG16-12","BDRY_APRV_":"09-SEP-1998","BLOCK_NUMB":"408","BDRY_NAME_":1005,"BDRY_NAME1":"U.S.-Cuba Provisional Maritime Boundary","BDRY_COV_S":201503}},
{"type":"Feature","geometry":{"type":"LineString","coordinates":[[-85.358201125,24.565079231250024],[-85.31084232187499,24.542255967187543]]},"properties":{"CSB_":182,"CSB_ID":192,"MMS_REGION":"G","BDRY_TYPE_":"11","BDRY_PT_PR":"NG16-12","BDRY_APRV_":"09-SEP-1998","BLOCK_NUMB":"409","BDRY_NAME_":1005,"BDRY_NAME1":"U.S.-Cuba Provisional Maritime Boundary","BDRY_COV_S":201503}},
{"type":"Feature","geometry":{"type":"LineString","coordinates":[[-85.31084232187499,24.542255967187543],[-85.2763994078125,24.52564260312505]]},"properties":{"CSB_":183,"CSB_ID":193,"MMS_REGION":"G","BDRY_TYPE_":"11","BDRY_PT_PR":"NG16-12","BDRY_APRV_":"09-SEP-1998","BLOCK_NUMB":"410","BDRY_NAME_":1005,"BDRY_NAME1":"U.S.-Cuba Provisional Maritime Boundary","BDRY_COV_S":201503}},
{"type":"Feature","geometry":{"type":"LineString","coordinates":[[-85.2763994078125,24.52564260312505],[-85.26350136562496,24.519418131250006]]},"properties":{"CSB_":184,"CSB_ID":194,"MMS_REGION":"G","BDRY_TYPE_":"11","BDRY_PT_PR":"NG16-12","BDRY_APRV_":"09-SEP-1998","BLOCK_NUMB":"454","BDRY_NAME_":1005,"BDRY_NAME1":"U.S.-Cuba Provisional Maritime Boundary","BDRY_COV_S":201503}},
{"type":"Feature","geometry":{"type":"LineString","coordinates":[[-85.26350136562496,24.519418131250006],[-85.21617826249997,24.49656577343751]]},"properties":{"CSB_":185,"CSB_ID":195,"MMS_REGION":"G","BDRY_TYPE_":"11","BDRY_PT_PR":"NG16-12","BDRY_APRV_":"09-SEP-1998","BLOCK_NUMB":"455","BDRY_NAME_":1005,"BDRY_NAME1":"U.S.-Cuba Provisional Maritime Boundary","BDRY_COV_S":201503}},
{"type":"Feature","geometry":{"type":"LineString","coordinates":[[-85.21617826249997,24.49656577343751],[-85.18389784375,24.480964248437544]]},"properties":{"CSB_":186,"CSB_ID":196,"MMS_REGION":"G","BDRY_TYPE_":"11","BDRY_PT_PR":"NG16-12","BDRY_APRV_":"09-SEP-1998","BLOCK_NUMB":"456","BDRY_NAME_":1005,"BDRY_NAME1":"U.S.-Cuba Provisional Maritime Boundary","BDRY_COV_S":201503}},
{"type":"Feature","geometry":{"type":"LineString","coordinates":[[-85.18389784375,24.480964248437544],[-85.16887301718748,24.47369888437504]]},"properties":{"CSB_":187,"CSB_ID":197,"MMS_REGION":"G","BDRY_TYPE_":"11","BDRY_PT_PR":"NG16-12","BDRY_APRV_":"09-SEP-1998","BLOCK_NUMB":"500","BDRY_NAME_":1005,"BDRY_NAME1":"U.S.-Cuba Provisional Maritime Boundary","BDRY_COV_S":201503}},
{"type":"Feature","geometry":{"type":"LineString","coordinates":[[-85.16887301718748,24.47369888437504],[-85.12158564062497,24.450817457812548]]},"properties":{"CSB_":188,"CSB_ID":198,"MMS_REGION":"G","BDRY_TYPE_":"11","BDRY_PT_PR":"NG16-12","BDRY_APRV_":"09-SEP-1998","BLOCK_NUMB":"501","BDRY_NAME_":1005,"BDRY_NAME1":"U.S.-Cuba Provisional Maritime Boundary","BDRY_COV_S":201503}},
{"type":"Feature","geometry":{"type":"LineString","coordinates":[[-85.12158564062497,24.450817457812548],[-85.10555555624995,24.443055556250044],[-85.09168328749996,24.436235564062542]]},"properties":{"CSB_":189,"CSB_ID":199,"MMS_REGION":"G","BDRY_TYPE_":"11","BDRY_PT_PR":"NG16-12","BDRY_APRV_":"09-SEP-1998","BLOCK_NUMB":"502","BDRY_NAME_":1005,"BDRY_NAME1":"U.S.-Cuba Provisional Maritime Boundary","BDRY_COV_S":201503}},
{"type":"Feature","geometry":{"type":"LineString","coordinates":[[-85.09168328749996,24.436235564062542],[-85.07431955468746,24.427696306250027]]},"properties":{"CSB_":190,"CSB_ID":200,"MMS_REGION":"G","BDRY_TYPE_":"11","BDRY_PT_PR":"NG16-12","BDRY_APRV_":"09-SEP-1998","BLOCK_NUMB":"546","BDRY_NAME_":1005,"BDRY_NAME1":"U.S.-Cuba Provisional Maritime Boundary","BDRY_COV_S":201503}},
{"type":"Feature","geometry":{"type":"LineString","coordinates":[[-85.07431955468746,24.427696306250027],[-85.02707330468746,24.404445110937502]]},"properties":{"CSB_":191,"CSB_ID":201,"MMS_REGION":"G","BDRY_TYPE_":"11","BDRY_PT_PR":"NG16-12","BDRY_APRV_":"09-SEP-1998","BLOCK_NUMB":"547","BDRY_NAME_":1005,"BDRY_NAME1":"U.S.-Cuba Provisional Maritime Boundary","BDRY_COV_S":201503}},
{"type":"Feature","geometry":{"type":"LineString","coordinates":[[-85.02707330468746,24.404445110937502],[-85.00072877656248,24.391470146875008]]},"properties":{"CSB_":192,"CSB_ID":202,"MMS_REGION":"G","BDRY_TYPE_":"11","BDRY_PT_PR":"NG16-12","BDRY_APRV_":"09-SEP-1998","BLOCK_NUMB":"548","BDRY_NAME_":1005,"BDRY_NAME1":"U.S.-Cuba Provisional Maritime Boundary","BDRY_COV_S":201503}},
{"type":"Feature","geometry":{"type":"LineString","coordinates":[[-85.00072877656248,24.391470146875008],[-85,24.391111110937516],[-84.97984445468745,24.38122509843754]]},"properties":{"CSB_":193,"CSB_ID":203,"MMS_REGION":"G","BDRY_TYPE_":"11","BDRY_PT_PR":"NG16-12","BDRY_APRV_":"09-SEP-1998","BLOCK_NUMB":"592","BDRY_NAME_":1005,"BDRY_NAME1":"U.S.-Cuba Provisional Maritime Boundary","BDRY_COV_S":201503}},
{"type":"Feature","geometry":{"type":"LineString","coordinates":[[-84.97984445468745,24.38122509843754],[-84.93263271249998,24.358051668750022]]},"properties":{"CSB_":194,"CSB_ID":204,"MMS_REGION":"G","BDRY_TYPE_":"11","BDRY_PT_PR":"NG16-12","BDRY_APRV_":"09-SEP-1998","BLOCK_NUMB":"593","BDRY_NAME_":1005,"BDRY_NAME1":"U.S.-Cuba Provisional Maritime Boundary","BDRY_COV_S":201503}},
{"type":"Feature","geometry":{"type":"LineString","coordinates":[[-84.93263271249998,24.358051668750022],[-84.90941727031247,24.346648140625007]]},"properties":{"CSB_":195,"CSB_ID":205,"MMS_REGION":"G","BDRY_TYPE_":"11","BDRY_PT_PR":"NG16-12","BDRY_APRV_":"09-SEP-1998","BLOCK_NUMB":"594","BDRY_NAME_":1005,"BDRY_NAME1":"U.S.-Cuba Provisional Maritime Boundary","BDRY_COV_S":201503}},
{"type":"Feature","geometry":{"type":"LineString","coordinates":[[-84.90941727031247,24.346648140625007],[-84.88543902968746,24.334864032812504]]},"properties":{"CSB_":196,"CSB_ID":206,"MMS_REGION":"G","BDRY_TYPE_":"11","BDRY_PT_PR":"NG16-12","BDRY_APRV_":"09-SEP-1998","BLOCK_NUMB":"638","BDRY_NAME_":1005,"BDRY_NAME1":"U.S.-Cuba Provisional Maritime Boundary","BDRY_COV_S":201503}},
{"type":"Feature","geometry":{"type":"LineString","coordinates":[[-84.88543902968746,24.334864032812504],[-84.8382634125,24.311661967187547]]},"properties":{"CSB_":197,"CSB_ID":207,"MMS_REGION":"G","BDRY_TYPE_":"11","BDRY_PT_PR":"NG16-12","BDRY_APRV_":"09-SEP-1998","BLOCK_NUMB":"639","BDRY_NAME_":1005,"BDRY_NAME1":"U.S.-Cuba Provisional Maritime Boundary","BDRY_COV_S":201503}},
{"type":"Feature","geometry":{"type":"LineString","coordinates":[[-84.8382634125,24.311661967187547],[-84.81817551093746,24.301775281250002]]},"properties":{"CSB_":198,"CSB_ID":208,"MMS_REGION":"G","BDRY_TYPE_":"11","BDRY_PT_PR":"NG16-12","BDRY_APRV_":"09-SEP-1998","BLOCK_NUMB":"640","BDRY_NAME_":1005,"BDRY_NAME1":"U.S.-Cuba Provisional Maritime Boundary","BDRY_COV_S":201503}},
{"type":"Feature","geometry":{"type":"LineString","coordinates":[[-84.81817551093746,24.301775281250002],[-84.79110586249999,24.288445737500012]]},"properties":{"CSB_":199,"CSB_ID":209,"MMS_REGION":"G","BDRY_TYPE_":"11","BDRY_PT_PR":"NG16-12","BDRY_APRV_":"09-SEP-1998","BLOCK_NUMB":"684","BDRY_NAME_":1005,"BDRY_NAME1":"U.S.-Cuba Provisional Maritime Boundary","BDRY_COV_S":201503}},
{"type":"Feature","geometry":{"type":"LineString","coordinates":[[-84.79110586249999,24.288445737500012],[-84.76888889062496,24.277500000000032],[-84.7439468515625,24.266321598437514]]},"properties":{"CSB_":200,"CSB_ID":210,"MMS_REGION":"G","BDRY_TYPE_":"11","BDRY_PT_PR":"NG16-12","BDRY_APRV_":"09-SEP-1998","BLOCK_NUMB":"685","BDRY_NAME_":1005,"BDRY_NAME1":"U.S.-Cuba Provisional Maritime Boundary","BDRY_COV_S":201503}},
{"type":"Feature","geometry":{"type":"LineString","coordinates":[[-84.7439468515625,24.266321598437514],[-84.72268403281248,24.256787278125046]]},"properties":{"CSB_":201,"CSB_ID":211,"MMS_REGION":"G","BDRY_TYPE_":"11","BDRY_PT_PR":"NG16-12","BDRY_APRV_":"09-SEP-1998","BLOCK_NUMB":"686","BDRY_NAME_":1005,"BDRY_NAME1":"U.S.-Cuba Provisional Maritime Boundary","BDRY_COV_S":201503}},
{"type":"Feature","geometry":{"type":"LineString","coordinates":[[-84.72268403281248,24.256787278125046],[-84.696787384375,24.245169257812506]]},"properties":{"CSB_":202,"CSB_ID":212,"MMS_REGION":"G","BDRY_TYPE_":"11","BDRY_PT_PR":"NG16-12","BDRY_APRV_":"09-SEP-1998","BLOCK_NUMB":"730","BDRY_NAME_":1005,"BDRY_NAME1":"U.S.-Cuba Provisional Maritime Boundary","BDRY_COV_S":201503}},
{"type":"Feature","geometry":{"type":"LineString","coordinates":[[-84.696787384375,24.245169257812506],[-84.64964454062499,24.224002740624996]]},"properties":{"CSB_":203,"CSB_ID":213,"MMS_REGION":"G","BDRY_TYPE_":"11","BDRY_PT_PR":"NG16-12","BDRY_APRV_":"09-SEP-1998","BLOCK_NUMB":"731","BDRY_NAME_":1005,"BDRY_NAME1":"U.S.-Cuba Provisional Maritime Boundary","BDRY_COV_S":201503}},
{"type":"Feature","geometry":{"type":"LineString","coordinates":[[-84.64964454062499,24.224002740624996],[-84.64444034374998,24.221889479687547],[-84.6195483265625,24.211623576562545]]},"properties":{"CSB_":204,"CSB_ID":214,"MMS_REGION":"G","BDRY_TYPE_":"11","BDRY_PT_PR":"NG16-12","BDRY_APRV_":"09-SEP-1998","BLOCK_NUMB":"732","BDRY_NAME_":1005,"BDRY_NAME1":"U.S.-Cuba Provisional Maritime Boundary","BDRY_COV_S":201503}},
{"type":"Feature","geometry":{"type":"LineString","coordinates":[[-84.6195483265625,24.211623576562545],[-84.60248250937497,24.2047359890625]]},"properties":{"CSB_":205,"CSB_ID":215,"MMS_REGION":"G","BDRY_TYPE_":"11","BDRY_PT_PR":"NG16-12","BDRY_APRV_":"09-SEP-1998","BLOCK_NUMB":"776","BDRY_NAME_":1005,"BDRY_NAME1":"U.S.-Cuba Provisional Maritime Boundary","BDRY_COV_S":201503}},
{"type":"Feature","geometry":{"type":"LineString","coordinates":[[-84.60248250937497,24.2047359890625],[-84.5553312578125,24.185692345312532]]},"properties":{"CSB_":206,"CSB_ID":216,"MMS_REGION":"G","BDRY_TYPE_":"11","BDRY_PT_PR":"NG16-12","BDRY_APRV_":"09-SEP-1998","BLOCK_NUMB":"777","BDRY_NAME_":1005,"BDRY_NAME1":"U.S.-Cuba Provisional Maritime Boundary","BDRY_COV_S":201503}},
{"type":"Feature","geometry":{"type":"LineString","coordinates":[[-84.5553312578125,24.185692345312532],[-84.50819515625,24.16663457031251]]},"properties":{"CSB_":207,"CSB_ID":217,"MMS_REGION":"G","BDRY_TYPE_":"11","BDRY_PT_PR":"NG16-12","BDRY_APRV_":"09-SEP-1998","BLOCK_NUMB":"778","BDRY_NAME_":1005,"BDRY_NAME1":"U.S.-Cuba Provisional Maritime Boundary","BDRY_COV_S":201503}},
{"type":"Feature","geometry":{"type":"LineString","coordinates":[[-84.50819515625,24.16663457031251],[-84.50723033437498,24.166244251562546]]},"properties":{"CSB_":208,"CSB_ID":218,"MMS_REGION":"G","BDRY_TYPE_":"11","BDRY_PT_PR":"NG16-12","BDRY_APRV_":"09-SEP-1998","BLOCK_NUMB":"779","BDRY_NAME_":1005,"BDRY_NAME1":"U.S.-Cuba Provisional Maritime Boundary","BDRY_COV_S":201503}},
{"type":"Feature","geometry":{"type":"LineString","coordinates":[[-84.50723033437498,24.166244251562546],[-84.49111110937497,24.15972222187503],[-84.46105412656249,24.148579198437517]]},"properties":{"CSB_":209,"CSB_ID":219,"MMS_REGION":"G","BDRY_TYPE_":"11","BDRY_PT_PR":"NG16-12","BDRY_APRV_":"09-SEP-1998","BLOCK_NUMB":"823","BDRY_NAME_":1005,"BDRY_NAME1":"U.S.-Cuba Provisional Maritime Boundary","BDRY_COV_S":201503}},
{"type":"Feature","geometry":{"type":"LineString","coordinates":[[-84.46105412656249,24.148579198437517],[-84.41391593749995,24.1310877640625]]},"properties":{"CSB_":210,"CSB_ID":220,"MMS_REGION":"G","BDRY_TYPE_":"11","BDRY_PT_PR":"NG16-12","BDRY_APRV_":"09-SEP-1998","BLOCK_NUMB":"824","BDRY_NAME_":1005,"BDRY_NAME1":"U.S.-Cuba Provisional Maritime Boundary","BDRY_COV_S":201503}},
{"type":"Feature","geometry":{"type":"LineString","coordinates":[[-84.41391593749995,24.1310877640625],[-84.38575889687496,24.120630429687537]]},"properties":{"CSB_":211,"CSB_ID":221,"MMS_REGION":"G","BDRY_TYPE_":"11","BDRY_PT_PR":"NG16-12","BDRY_APRV_":"09-SEP-1998","BLOCK_NUMB":"825","BDRY_NAME_":1005,"BDRY_NAME1":"U.S.-Cuba Provisional Maritime Boundary","BDRY_COV_S":201503}},
{"type":"Feature","geometry":{"type":"LineString","coordinates":[[-84.38575889687496,24.120630429687537],[-84.36679183125,24.113582287500037]]},"properties":{"CSB_":212,"CSB_ID":222,"MMS_REGION":"G","BDRY_TYPE_":"11","BDRY_PT_PR":"NG16-12","BDRY_APRV_":"09-SEP-1998","BLOCK_NUMB":"869","BDRY_NAME_":1005,"BDRY_NAME1":"U.S.-Cuba Provisional Maritime Boundary","BDRY_COV_S":201503}},
{"type":"Feature","geometry":{"type":"LineString","coordinates":[[-84.36679183125,24.113582287500037],[-84.31968182656249,24.096062721875]]},"properties":{"CSB_":213,"CSB_ID":223,"MMS_REGION":"G","BDRY_TYPE_":"11","BDRY_PT_PR":"NG16-12","BDRY_APRV_":"09-SEP-1998","BLOCK_NUMB":"870","BDRY_NAME_":1005,"BDRY_NAME1":"U.S.-Cuba Provisional Maritime Boundary","BDRY_COV_S":201503}},
{"type":"Feature","geometry":{"type":"LineString","coordinates":[[-84.31968182656249,24.096062721875],[-84.27258594374996,24.07852907812503]]},"properties":{"CSB_":214,"CSB_ID":224,"MMS_REGION":"G","BDRY_TYPE_":"11","BDRY_PT_PR":"NG16-12","BDRY_APRV_":"09-SEP-1998","BLOCK_NUMB":"871","BDRY_NAME_":1005,"BDRY_NAME1":"U.S.-Cuba Provisional Maritime Boundary","BDRY_COV_S":201503}},
{"type":"Feature","geometry":{"type":"LineString","coordinates":[[-84.27258594374996,24.07852907812503],[-84.26284341093748,24.074899523437523]]},"properties":{"CSB_":215,"CSB_ID":225,"MMS_REGION":"G","BDRY_TYPE_":"11","BDRY_PT_PR":"NG16-12","BDRY_APRV_":"09-SEP-1998","BLOCK_NUMB":"872","BDRY_NAME_":1005,"BDRY_NAME1":"U.S.-Cuba Provisional Maritime Boundary","BDRY_COV_S":201503}},
{"type":"Feature","geometry":{"type":"LineString","coordinates":[[-84.26284341093748,24.074899523437523],[-84.22550420312496,24.060981335937527]]},"properties":{"CSB_":216,"CSB_ID":226,"MMS_REGION":"G","BDRY_TYPE_":"11","BDRY_PT_PR":"NG16-12","BDRY_APRV_":"09-SEP-1998","BLOCK_NUMB":"916","BDRY_NAME_":1005,"BDRY_NAME1":"U.S.-Cuba Provisional Maritime Boundary","BDRY_COV_S":201503}},
{"type":"Feature","geometry":{"type":"LineString","coordinates":[[-84.22550420312496,24.060981335937527],[-84.17843662031248,24.0434195859375]]},"properties":{"CSB_":217,"CSB_ID":227,"MMS_REGION":"G","BDRY_TYPE_":"11","BDRY_PT_PR":"NG16-12","BDRY_APRV_":"09-SEP-1998","BLOCK_NUMB":"917","BDRY_NAME_":1005,"BDRY_NAME1":"U.S.-Cuba Provisional Maritime Boundary","BDRY_COV_S":201503}},
{"type":"Feature","geometry":{"type":"LineString","coordinates":[[-84.17843662031248,24.0434195859375],[-84.140036528125,24.029077587500012]]},"properties":{"CSB_":218,"CSB_ID":228,"MMS_REGION":"G","BDRY_TYPE_":"11","BDRY_PT_PR":"NG16-12","BDRY_APRV_":"09-SEP-1998","BLOCK_NUMB":"918","BDRY_NAME_":1005,"BDRY_NAME1":"U.S.-Cuba Provisional Maritime Boundary","BDRY_COV_S":201503}},
{"type":"Feature","geometry":{"type":"LineString","coordinates":[[-84.140036528125,24.029077587500012],[-84.13138321406245,24.02584386875003]]},"properties":{"CSB_":219,"CSB_ID":229,"MMS_REGION":"G","BDRY_TYPE_":"11","BDRY_PT_PR":"NG16-12","BDRY_APRV_":"09-SEP-1998","BLOCK_NUMB":"962","BDRY_NAME_":1005,"BDRY_NAME1":"U.S.-Cuba Provisional Maritime Boundary","BDRY_COV_S":201503}},
{"type":"Feature","geometry":{"type":"LineString","coordinates":[[-84.13138321406245,24.02584386875003],[-84.0843440015625,24.00825421875004]]},"properties":{"CSB_":220,"CSB_ID":230,"MMS_REGION":"G","BDRY_TYPE_":"11","BDRY_PT_PR":"NG16-12","BDRY_APRV_":"09-SEP-1998","BLOCK_NUMB":"963","BDRY_NAME_":1005,"BDRY_NAME1":"U.S.-Cuba Provisional Maritime Boundary","BDRY_COV_S":201503}},
{"type":"Feature","geometry":{"type":"LineString","coordinates":[[-84.0843440015625,24.00825421875004],[-84.03731900312499,23.990650615625043]]},"properties":{"CSB_":221,"CSB_ID":231,"MMS_REGION":"G","BDRY_TYPE_":"11","BDRY_PT_PR":"NG16-12","BDRY_APRV_":"09-SEP-1998","BLOCK_NUMB":"964","BDRY_NAME_":1005,"BDRY_NAME1":"U.S.-Cuba Provisional Maritime Boundary","BDRY_COV_S":201503}},
{"type":"Feature","geometry":{"type":"LineString","coordinates":[[-84.03731900312499,23.990650615625043],[-84.0173389046875,23.983165306250044]]},"properties":{"CSB_":222,"CSB_ID":232,"MMS_REGION":"G","BDRY_TYPE_":"11","BDRY_PT_PR":"NG16-12","BDRY_APRV_":"09-SEP-1998","BLOCK_NUMB":"965","BDRY_NAME_":1005,"BDRY_NAME1":"U.S.-Cuba Provisional Maritime Boundary","BDRY_COV_S":201503}},
{"type":"Feature","geometry":{"type":"LineString","coordinates":[[-84.0173389046875,23.983165306250044],[-83.99999999687498,23.976666667187544],[-83.99027819687495,23.974325246875026]]},"properties":{"CSB_":223,"CSB_ID":233,"MMS_REGION":"G","BDRY_TYPE_":"11","BDRY_PT_PR":"NG16-12","BDRY_APRV_":"09-SEP-1998","BLOCK_NUMB":"1009","BDRY_NAME_":1005,"BDRY_NAME1":"U.S.-Cuba Provisional Maritime Boundary","BDRY_COV_S":201503}},
{"type":"Feature","geometry":{"type":"LineString","coordinates":[[-83.99027819687495,23.974325246875026],[-83.94313334062497,23.962961321875014]]},"properties":{"CSB_":224,"CSB_ID":234,"MMS_REGION":"G","BDRY_TYPE_":"11","BDRY_PT_PR":"NG16-12","BDRY_APRV_":"09-SEP-1998","BLOCK_NUMB":"1010","BDRY_NAME_":1005,"BDRY_NAME1":"U.S.-Cuba Provisional Maritime Boundary","BDRY_COV_S":201503}},
{"type":"Feature","geometry":{"type":"LineString","coordinates":[[-83.94313334062497,23.962961321875014],[-83.9203584234375,23.957465826562498]]},"properties":{"CSB_":225,"CSB_ID":235,"MMS_REGION":"G","BDRY_TYPE_":"11","BDRY_PT_PR":"NG16-12","BDRY_APRV_":"09-SEP-1998","BLOCK_NUMB":"1011","BDRY_NAME_":1005,"BDRY_NAME1":"U.S.-Cuba Provisional Maritime Boundary","BDRY_COV_S":201503}},
{"type":"Feature","geometry":{"type":"LineString","coordinates":[[-83.92035842499996,23.957465684374995],[-83.87269229843747,23.945951334375025]]},"properties":{"CSB_":226,"CSB_ID":237,"MMS_REGION":"G","BDRY_TYPE_":"11","BDRY_PT_PR":"NG17-10","BDRY_APRV_":"01-OCT-2014","BLOCK_NUMB":"969","BDRY_NAME_":1005,"BDRY_NAME1":"U.S.-Cuba Provisional Maritime Boundary","BDRY_COV_S":201503}},
{"type":"Feature","geometry":{"type":"LineString","coordinates":[[-83.87269229843747,23.945951334375025],[-83.85634107499999,23.941997612500018]]},"properties":{"CSB_":227,"CSB_ID":238,"MMS_REGION":"G","BDRY_TYPE_":"11","BDRY_PT_PR":"NG17-10","BDRY_APRV_":"01-OCT-2014","BLOCK_NUMB":"970","BDRY_NAME_":1005,"BDRY_NAME1":"U.S.-Cuba Provisional Maritime Boundary","BDRY_COV_S":201503}},
{"type":"Feature","geometry":{"type":"LineString","coordinates":[[-83.85634107499999,23.941997612500018],[-83.82503311093745,23.934421806250043]]},"properties":{"CSB_":228,"CSB_ID":240,"MMS_REGION":"G","BDRY_TYPE_":"11","BDRY_PT_PR":"NF17-01","BDRY_APRV_":"09-SEP-1998","BLOCK_NUMB":"2","BDRY_NAME_":1005,"BDRY_NAME1":"U.S.-Cuba Provisional Maritime Boundary","BDRY_COV_S":201503}},
{"type":"Feature","geometry":{"type":"LineString","coordinates":[[-83.82503311093745,23.934421806250043],[-83.803333334375,23.92916666562502],[-83.7773711546875,23.922422059375037]]},"properties":{"CSB_":229,"CSB_ID":241,"MMS_REGION":"G","BDRY_TYPE_":"11","BDRY_PT_PR":"NF17-01","BDRY_APRV_":"09-SEP-1998","BLOCK_NUMB":"3","BDRY_NAME_":1005,"BDRY_NAME1":"U.S.-Cuba Provisional Maritime Boundary","BDRY_COV_S":201503}},
{"type":"Feature","geometry":{"type":"LineString","coordinates":[[-83.7773711546875,23.922422059375037],[-83.72970855156245,23.91002691875002]]},"properties":{"CSB_":230,"CSB_ID":242,"MMS_REGION":"G","BDRY_TYPE_":"11","BDRY_PT_PR":"NF17-01","BDRY_APRV_":"09-SEP-1998","BLOCK_NUMB":"4","BDRY_NAME_":1005,"BDRY_NAME1":"U.S.-Cuba Provisional Maritime Boundary","BDRY_COV_S":201503}},
{"type":"Feature","geometry":{"type":"LineString","coordinates":[[-83.72970855156245,23.91002691875002],[-83.69625042812498,23.901315487500028]]},"properties":{"CSB_":231,"CSB_ID":243,"MMS_REGION":"G","BDRY_TYPE_":"11","BDRY_PT_PR":"NF17-01","BDRY_APRV_":"09-SEP-1998","BLOCK_NUMB":"5","BDRY_NAME_":1005,"BDRY_NAME1":"U.S.-Cuba Provisional Maritime Boundary","BDRY_COV_S":201503}},
{"type":"Feature","geometry":{"type":"LineString","coordinates":[[-83.69625042812498,23.901315487500028],[-83.69333333437498,23.900555554687514],[-83.68207050625,23.898435218750024]]},"properties":{"CSB_":232,"CSB_ID":244,"MMS_REGION":"G","BDRY_TYPE_":"11","BDRY_PT_PR":"NF17-01","BDRY_APRV_":"09-SEP-1998","BLOCK_NUMB":"49","BDRY_NAME_":1005,"BDRY_NAME1":"U.S.-Cuba Provisional Maritime Boundary","BDRY_COV_S":201503}},
{"type":"Feature","geometry":{"type":"LineString","coordinates":[[-83.68207050625,23.898435218750024],[-83.63449303593745,23.889468710937535]]},"properties":{"CSB_":233,"CSB_ID":245,"MMS_REGION":"G","BDRY_TYPE_":"11","BDRY_PT_PR":"NF17-01","BDRY_APRV_":"09-SEP-1998","BLOCK_NUMB":"50","BDRY_NAME_":1005,"BDRY_NAME1":"U.S.-Cuba Provisional Maritime Boundary","BDRY_COV_S":201503}},
{"type":"Feature","geometry":{"type":"LineString","coordinates":[[-83.63449303593745,23.889468710937535],[-83.58692068593746,23.880487373437518]]},"properties":{"CSB_":234,"CSB_ID":246,"MMS_REGION":"G","BDRY_TYPE_":"11","BDRY_PT_PR":"NF17-01","BDRY_APRV_":"09-SEP-1998","BLOCK_NUMB":"51","BDRY_NAME_":1005,"BDRY_NAME1":"U.S.-Cuba Provisional Maritime Boundary","BDRY_COV_S":201503}},
{"type":"Feature","geometry":{"type":"LineString","coordinates":[[-83.58692068593746,23.880487373437518],[-83.55055555625,23.873611112500043],[-83.53936207499999,23.871930950000035]]},"properties":{"CSB_":235,"CSB_ID":247,"MMS_REGION":"G","BDRY_TYPE_":"11","BDRY_PT_PR":"NF17-01","BDRY_APRV_":"09-SEP-1998","BLOCK_NUMB":"52","BDRY_NAME_":1005,"BDRY_NAME1":"U.S.-Cuba Provisional Maritime Boundary","BDRY_COV_S":201503}},
{"type":"Feature","geometry":{"type":"LineString","coordinates":[[-83.53936207499999,23.871930950000035],[-83.49183566562499,23.864788128125042]]},"properties":{"CSB_":236,"CSB_ID":248,"MMS_REGION":"G","BDRY_TYPE_":"11","BDRY_PT_PR":"NF17-01","BDRY_APRV_":"09-SEP-1998","BLOCK_NUMB":"53","BDRY_NAME_":1005,"BDRY_NAME1":"U.S.-Cuba Provisional Maritime Boundary","BDRY_COV_S":201503}},
{"type":"Feature","geometry":{"type":"LineString","coordinates":[[-83.49183566562499,23.864788128125042],[-83.47020062499996,23.861531506250003]]},"properties":{"CSB_":237,"CSB_ID":249,"MMS_REGION":"G","BDRY_TYPE_":"11","BDRY_PT_PR":"NF17-01","BDRY_APRV_":"09-SEP-1998","BLOCK_NUMB":"54","BDRY_NAME_":1005,"BDRY_NAME1":"U.S.-Cuba Provisional Maritime Boundary","BDRY_COV_S":201503}},
{"type":"Feature","geometry":{"type":"LineString","coordinates":[[-83.47020062499996,23.861531506250003],[-83.44431308749995,23.85763053281255]]},"properties":{"CSB_":238,"CSB_ID":250,"MMS_REGION":"G","BDRY_TYPE_":"11","BDRY_PT_PR":"NF17-01","BDRY_APRV_":"09-SEP-1998","BLOCK_NUMB":"98","BDRY_NAME_":1005,"BDRY_NAME1":"U.S.-Cuba Provisional Maritime Boundary","BDRY_COV_S":201503}},
{"type":"Feature","geometry":{"type":"LineString","coordinates":[[-83.44431308749995,23.85763053281255],[-83.43055555625,23.85555555625001],[-83.39680247499996,23.85089858125002]]},"properties":{"CSB_":239,"CSB_ID":251,"MMS_REGION":"G","BDRY_TYPE_":"11","BDRY_PT_PR":"NF17-01","BDRY_APRV_":"09-SEP-1998","BLOCK_NUMB":"99","BDRY_NAME_":1005,"BDRY_NAME1":"U.S.-Cuba Provisional Maritime Boundary","BDRY_COV_S":201503}},
{"type":"Feature","geometry":{"type":"LineString","coordinates":[[-83.39680247499996,23.85089858125002],[-83.34929867968748,23.844331714062548]]},"properties":{"CSB_":240,"CSB_ID":252,"MMS_REGION":"G","BDRY_TYPE_":"11","BDRY_PT_PR":"NF17-01","BDRY_APRV_":"09-SEP-1998","BLOCK_NUMB":"100","BDRY_NAME_":1005,"BDRY_NAME1":"U.S.-Cuba Provisional Maritime Boundary","BDRY_COV_S":201503}},
{"type":"Feature","geometry":{"type":"LineString","coordinates":[[-83.34929867968748,23.844331714062548],[-83.30179835937497,23.837750185937523]]},"properties":{"CSB_":241,"CSB_ID":253,"MMS_REGION":"G","BDRY_TYPE_":"11","BDRY_PT_PR":"NF17-01","BDRY_APRV_":"09-SEP-1998","BLOCK_NUMB":"101","BDRY_NAME_":1005,"BDRY_NAME1":"U.S.-Cuba Provisional Maritime Boundary","BDRY_COV_S":201503}},
{"type":"Feature","geometry":{"type":"LineString","coordinates":[[-83.30179835937497,23.837750185937523],[-83.25430154687496,23.83115370312504]]},"properties":{"CSB_":242,"CSB_ID":254,"MMS_REGION":"G","BDRY_TYPE_":"11","BDRY_PT_PR":"NF17-01","BDRY_APRV_":"09-SEP-1998","BLOCK_NUMB":"102","BDRY_NAME_":1005,"BDRY_NAME1":"U.S.-Cuba Provisional Maritime Boundary","BDRY_COV_S":201503}},
{"type":"Feature","geometry":{"type":"LineString","coordinates":[[-83.25430154687496,23.83115370312504],[-83.25,23.83055555468752],[-83.20688782031249,23.829243093749994]]},"properties":{"CSB_":243,"CSB_ID":255,"MMS_REGION":"G","BDRY_TYPE_":"11","BDRY_PT_PR":"NF17-01","BDRY_APRV_":"09-SEP-1998","BLOCK_NUMB":"103","BDRY_NAME_":1005,"BDRY_NAME1":"U.S.-Cuba Provisional Maritime Boundary","BDRY_COV_S":201503}},
{"type":"Feature","geometry":{"type":"LineString","coordinates":[[-83.20688782031249,23.829243093749994],[-83.15948197656246,23.827786153125032]]},"properties":{"CSB_":244,"CSB_ID":256,"MMS_REGION":"G","BDRY_TYPE_":"11","BDRY_PT_PR":"NF17-01","BDRY_APRV_":"09-SEP-1998","BLOCK_NUMB":"104","BDRY_NAME_":1005,"BDRY_NAME1":"U.S.-Cuba Provisional Maritime Boundary","BDRY_COV_S":201503}},
{"type":"Feature","geometry":{"type":"LineString","coordinates":[[-83.15948197656246,23.827786153125032],[-83.11207595624995,23.826314679687528]]},"properties":{"CSB_":245,"CSB_ID":257,"MMS_REGION":"G","BDRY_TYPE_":"11","BDRY_PT_PR":"NF17-01","BDRY_APRV_":"09-SEP-1998","BLOCK_NUMB":"105","BDRY_NAME_":1005,"BDRY_NAME1":"U.S.-Cuba Provisional Maritime Boundary","BDRY_COV_S":201503}},
{"type":"Feature","geometry":{"type":"LineString","coordinates":[[-83.11207595624995,23.826314679687528],[-83.06466979843748,23.82482864375004]]},"properties":{"CSB_":246,"CSB_ID":258,"MMS_REGION":"G","BDRY_TYPE_":"11","BDRY_PT_PR":"NF17-01","BDRY_APRV_":"09-SEP-1998","BLOCK_NUMB":"106","BDRY_NAME_":1005,"BDRY_NAME1":"U.S.-Cuba Provisional Maritime Boundary","BDRY_COV_S":201503}},
{"type":"Feature","geometry":{"type":"LineString","coordinates":[[-83.06466979843748,23.82482864375004],[-83.0443065140625,23.824185804687545]]},"properties":{"CSB_":247,"CSB_ID":259,"MMS_REGION":"G","BDRY_TYPE_":"11","BDRY_PT_PR":"NF17-01","BDRY_APRV_":"09-SEP-1998","BLOCK_NUMB":"107","BDRY_NAME_":1005,"BDRY_NAME1":"U.S.-Cuba Provisional Maritime Boundary","BDRY_COV_S":201503}},
{"type":"Feature","geometry":{"type":"LineString","coordinates":[[-83.0443065140625,23.824185804687545],[-83.01726353749996,23.82332791406253]]},"properties":{"CSB_":248,"CSB_ID":260,"MMS_REGION":"G","BDRY_TYPE_":"11","BDRY_PT_PR":"NF17-01","BDRY_APRV_":"09-SEP-1998","BLOCK_NUMB":"151","BDRY_NAME_":1005,"BDRY_NAME1":"U.S.-Cuba Provisional Maritime Boundary","BDRY_COV_S":201503}},
{"type":"Feature","geometry":{"type":"LineString","coordinates":[[-83.01726353749996,23.82332791406253],[-83,23.822777776562532]]},"properties":{"CSB_":249,"CSB_ID":262,"MMS_REGION":"G","BDRY_TYPE_":"11","BDRY_PT_PR":"NF17-01","BDRY_APRV_":"09-SEP-1998","BLOCK_NUMB":"152","BDRY_NAME_":1005,"BDRY_NAME1":"U.S.-Cuba Provisional Maritime Boundary","BDRY_COV_S":201503}},
{"type":"Feature","geometry":{"type":"LineString","coordinates":[[-93.39572275312497,25.973845259375025],[-93.4129665390625,25.981852826562545]]},"properties":{"CSB_":250,"CSB_ID":1,"MMS_REGION":"G","BDRY_TYPE_":"B","BDRY_PT_PR":"NG15-05","BDRY_APRV_":"01-OCT-2014","BLOCK_NUMB":"979","BDRY_NAME_":1020,"BDRY_NAME1":"U.S.-Mexico Continental Shelf Boundary","BDRY_COV_S":201503}},
{"type":"Feature","geometry":{"type":"LineString","coordinates":[[-93.4129665390625,25.981852826562545],[-93.44505277499997,25.996744437500013]]},"properties":{"CSB_":251,"CSB_ID":2,"MMS_REGION":"G","BDRY_TYPE_":"B","BDRY_PT_PR":"NG15-05","BDRY_APRV_":"01-OCT-2014","BLOCK_NUMB":"978","BDRY_NAME_":1020,"BDRY_NAME1":"U.S.-Mexico Continental Shelf Boundary","BDRY_COV_S":201503}},
{"type":"Feature","geometry":{"type":"LineString","coordinates":[[-91.92096179062497,25.625984254687523],[-91.96902676093748,25.628397500000005]]},"properties":{"CSB_":252,"CSB_ID":4,"MMS_REGION":"G","BDRY_TYPE_":"B","BDRY_PT_PR":"NG15-08","BDRY_APRV_":"01-OCT-2014","BLOCK_NUMB":"349","BDRY_NAME_":1020,"BDRY_NAME1":"U.S.-Mexico Continental Shelf Boundary","BDRY_COV_S":201503}},
{"type":"Feature","geometry":{"type":"LineString","coordinates":[[-91.96902676093748,25.628397500000005],[-92.00983683906247,25.630434029687535],[-92.01709414062498,25.630808114062518]]},"properties":{"CSB_":253,"CSB_ID":5,"MMS_REGION":"G","BDRY_TYPE_":"B","BDRY_PT_PR":"NG15-08","BDRY_APRV_":"01-OCT-2014","BLOCK_NUMB":"348","BDRY_NAME_":1020,"BDRY_NAME1":"U.S.-Mexico Continental Shelf Boundary","BDRY_COV_S":201503}},
{"type":"Feature","geometry":{"type":"LineString","coordinates":[[-92.01709414062498,25.630808114062518],[-92.06516343281248,25.63327680468751]]},"properties":{"CSB_":254,"CSB_ID":6,"MMS_REGION":"G","BDRY_TYPE_":"B","BDRY_PT_PR":"NG15-08","BDRY_APRV_":"01-OCT-2014","BLOCK_NUMB":"347","BDRY_NAME_":1020,"BDRY_NAME1":"U.S.-Mexico Continental Shelf Boundary","BDRY_COV_S":201503}},
{"type":"Feature","geometry":{"type":"LineString","coordinates":[[-92.06516343281248,25.63327680468751],[-92.11323523281249,25.635729703125037]]},"properties":{"CSB_":255,"CSB_ID":7,"MMS_REGION":"G","BDRY_TYPE_":"B","BDRY_PT_PR":"NG15-08","BDRY_APRV_":"01-OCT-2014","BLOCK_NUMB":"346","BDRY_NAME_":1020,"BDRY_NAME1":"U.S.-Mexico Continental Shelf Boundary","BDRY_COV_S":201503}},
{"type":"Feature","geometry":{"type":"LineString","coordinates":[[-92.11323523281249,25.635729703125037],[-92.13311012499997,25.636739179687538],[-92.16130967343747,25.63814194843752]]},"properties":{"CSB_":256,"CSB_ID":8,"MMS_REGION":"G","BDRY_TYPE_":"B","BDRY_PT_PR":"NG15-08","BDRY_APRV_":"01-OCT-2014","BLOCK_NUMB":"345","BDRY_NAME_":1020,"BDRY_NAME1":"U.S.-Mexico Continental Shelf Boundary","BDRY_COV_S":201503}},
{"type":"Feature","geometry":{"type":"LineString","coordinates":[[-92.16130967343747,25.63814194843752],[-92.20938663749996,25.640520857812533]]},"properties":{"CSB_":257,"CSB_ID":9,"MMS_REGION":"G","BDRY_TYPE_":"B","BDRY_PT_PR":"NG15-08","BDRY_APRV_":"01-OCT-2014","BLOCK_NUMB":"344","BDRY_NAME_":1020,"BDRY_NAME1":"U.S.-Mexico Continental Shelf Boundary","BDRY_COV_S":201503}},
{"type":"Feature","geometry":{"type":"LineString","coordinates":[[-92.20938663749996,25.640520857812533],[-92.25746595312495,25.642883953125022]]},"properties":{"CSB_":258,"CSB_ID":10,"MMS_REGION":"G","BDRY_TYPE_":"B","BDRY_PT_PR":"NG15-08","BDRY_APRV_":"01-OCT-2014","BLOCK_NUMB":"343","BDRY_NAME_":1020,"BDRY_NAME1":"U.S.-Mexico Continental Shelf Boundary","BDRY_COV_S":201503}},
{"type":"Feature","geometry":{"type":"LineString","coordinates":[[-92.25746595312495,25.642883953125022],[-92.30554758437495,25.645231231250023]]},"properties":{"CSB_":259,"CSB_ID":11,"MMS_REGION":"G","BDRY_TYPE_":"B","BDRY_PT_PR":"NG15-08","BDRY_APRV_":"01-OCT-2014","BLOCK_NUMB":"342","BDRY_NAME_":1020,"BDRY_NAME1":"U.S.-Mexico Continental Shelf Boundary","BDRY_COV_S":201503}},
{"type":"Feature","geometry":{"type":"LineString","coordinates":[[-92.30554758437495,25.645231231250023],[-92.35363148906248,25.64756268906251]]},"properties":{"CSB_":260,"CSB_ID":12,"MMS_REGION":"G","BDRY_TYPE_":"B","BDRY_PT_PR":"NG15-08","BDRY_APRV_":"01-OCT-2014","BLOCK_NUMB":"341","BDRY_NAME_":1020,"BDRY_NAME1":"U.S.-Mexico Continental Shelf Boundary","BDRY_COV_S":201503}},
{"type":"Feature","geometry":{"type":"LineString","coordinates":[[-92.35363148906248,25.64756268906251],[-92.40171762656246,25.649878346875028]]},"properties":{"CSB_":261,"CSB_ID":13,"MMS_REGION":"G","BDRY_TYPE_":"B","BDRY_PT_PR":"NG15-08","BDRY_APRV_":"01-OCT-2014","BLOCK_NUMB":"340","BDRY_NAME_":1020,"BDRY_NAME1":"U.S.-Mexico Continental Shelf Boundary","BDRY_COV_S":201503}},
{"type":"Feature","geometry":{"type":"LineString","coordinates":[[-92.40171762656246,25.649878346875028],[-92.44980595781249,25.652178143750007]]},"properties":{"CSB_":262,"CSB_ID":14,"MMS_REGION":"G","BDRY_TYPE_":"B","BDRY_PT_PR":"NG15-08","BDRY_APRV_":"01-OCT-2014","BLOCK_NUMB":"339","BDRY_NAME_":1020,"BDRY_NAME1":"U.S.-Mexico Continental Shelf Boundary","BDRY_COV_S":201503}},
{"type":"Feature","geometry":{"type":"LineString","coordinates":[[-92.44980595781249,25.652178143750007],[-92.49789644218748,25.65446213281251]]},"properties":{"CSB_":263,"CSB_ID":15,"MMS_REGION":"G","BDRY_TYPE_":"B","BDRY_PT_PR":"NG15-08","BDRY_APRV_":"01-OCT-2014","BLOCK_NUMB":"338","BDRY_NAME_":1020,"BDRY_NAME1":"U.S.-Mexico Continental Shelf Boundary","BDRY_COV_S":201503}},
{"type":"Feature","geometry":{"type":"LineString","coordinates":[[-92.49789644218748,25.65446213281251],[-92.52784543749999,25.65587645625004],[-92.53709510468747,25.65629307812503],[-92.545989146875,25.65670245000001]]},"properties":{"CSB_":264,"CSB_ID":16,"MMS_REGION":"G","BDRY_TYPE_":"B","BDRY_PT_PR":"NG15-08","BDRY_APRV_":"01-OCT-2014","BLOCK_NUMB":"337","BDRY_NAME_":1020,"BDRY_NAME1":"U.S.-Mexico Continental Shelf Boundary","BDRY_COV_S":201503}},
{"type":"Feature","geometry":{"type":"LineString","coordinates":[[-92.545989146875,25.65670245000001],[-92.59408396875,25.658906771875024]]},"properties":{"CSB_":265,"CSB_ID":17,"MMS_REGION":"G","BDRY_TYPE_":"B","BDRY_PT_PR":"NG15-08","BDRY_APRV_":"01-OCT-2014","BLOCK_NUMB":"336","BDRY_NAME_":1020,"BDRY_NAME1":"U.S.-Mexico Continental Shelf Boundary","BDRY_COV_S":201503}},
{"type":"Feature","geometry":{"type":"LineString","coordinates":[[-92.59408396875,25.658906771875024],[-92.64218078749997,25.661095267187534]]},"properties":{"CSB_":266,"CSB_ID":18,"MMS_REGION":"G","BDRY_TYPE_":"B","BDRY_PT_PR":"NG15-08","BDRY_APRV_":"01-OCT-2014","BLOCK_NUMB":"335","BDRY_NAME_":1020,"BDRY_NAME1":"U.S.-Mexico Continental Shelf Boundary","BDRY_COV_S":201503}},
{"type":"Feature","geometry":{"type":"LineString","coordinates":[[-92.64218078749997,25.661095267187534],[-92.69027955937497,25.66326790625004]]},"properties":{"CSB_":267,"CSB_ID":19,"MMS_REGION":"G","BDRY_TYPE_":"B","BDRY_PT_PR":"NG15-08","BDRY_APRV_":"01-OCT-2014","BLOCK_NUMB":"334","BDRY_NAME_":1020,"BDRY_NAME1":"U.S.-Mexico Continental Shelf Boundary","BDRY_COV_S":201503}},
{"type":"Feature","geometry":{"type":"LineString","coordinates":[[-92.69027955937497,25.66326790625004],[-92.73838024687495,25.665424710937543]]},"properties":{"CSB_":268,"CSB_ID":20,"MMS_REGION":"G","BDRY_TYPE_":"B","BDRY_PT_PR":"NG15-08","BDRY_APRV_":"01-OCT-2014","BLOCK_NUMB":"333","BDRY_NAME_":1020,"BDRY_NAME1":"U.S.-Mexico Continental Shelf Boundary","BDRY_COV_S":201503}},
{"type":"Feature","geometry":{"type":"LineString","coordinates":[[-92.73838024687495,25.665424710937543],[-92.77905806874998,25.667236209375005],[-92.78648281093746,25.66756454531253]]},"properties":{"CSB_":269,"CSB_ID":21,"MMS_REGION":"G","BDRY_TYPE_":"B","BDRY_PT_PR":"NG15-08","BDRY_APRV_":"01-OCT-2014","BLOCK_NUMB":"332","BDRY_NAME_":1020,"BDRY_NAME1":"U.S.-Mexico Continental Shelf Boundary","BDRY_COV_S":201503}},
{"type":"Feature","geometry":{"type":"LineString","coordinates":[[-92.78648281093746,25.66756454531253],[-92.820865675,25.669079993750017]]},"properties":{"CSB_":270,"CSB_ID":22,"MMS_REGION":"G","BDRY_TYPE_":"B","BDRY_PT_PR":"NG15-08","BDRY_APRV_":"01-OCT-2014","BLOCK_NUMB":"331","BDRY_NAME_":1020,"BDRY_NAME1":"U.S.-Mexico Continental Shelf Boundary","BDRY_COV_S":201503}},
{"type":"Feature","geometry":{"type":"LineString","coordinates":[[-92.820865675,25.669079993750017],[-92.83458721562499,25.669682509375036]]},"properties":{"CSB_":271,"CSB_ID":23,"MMS_REGION":"G","BDRY_TYPE_":"B","BDRY_PT_PR":"NG15-08","BDRY_APRV_":"01-OCT-2014","BLOCK_NUMB":"287","BDRY_NAME_":1020,"BDRY_NAME1":"U.S.-Mexico Continental Shelf Boundary","BDRY_COV_S":201503}},
{"type":"Feature","geometry":{"type":"LineString","coordinates":[[-92.83458721562499,25.669682509375036],[-92.88269340937495,25.671784625000043]]},"properties":{"CSB_":272,"CSB_ID":24,"MMS_REGION":"G","BDRY_TYPE_":"B","BDRY_PT_PR":"NG15-08","BDRY_APRV_":"01-OCT-2014","BLOCK_NUMB":"286","BDRY_NAME_":1020,"BDRY_NAME1":"U.S.-Mexico Continental Shelf Boundary","BDRY_COV_S":201503}},
{"type":"Feature","geometry":{"type":"LineString","coordinates":[[-92.88269340937495,25.671784625000043],[-92.93080135312499,25.673870914062547]]},"properties":{"CSB_":273,"CSB_ID":25,"MMS_REGION":"G","BDRY_TYPE_":"B","BDRY_PT_PR":"NG15-08","BDRY_APRV_":"01-OCT-2014","BLOCK_NUMB":"285","BDRY_NAME_":1020,"BDRY_NAME1":"U.S.-Mexico Continental Shelf Boundary","BDRY_COV_S":201503}},
{"type":"Feature","geometry":{"type":"LineString","coordinates":[[-92.93080135312499,25.673870914062547],[-92.93216316093748,25.67392974218751],[-92.95438302656248,25.71001368281253],[-92.95608444531246,25.712783584375018]]},"properties":{"CSB_":274,"CSB_ID":26,"MMS_REGION":"G","BDRY_TYPE_":"B","BDRY_PT_PR":"NG15-08","BDRY_APRV_":"01-OCT-2014","BLOCK_NUMB":"284","BDRY_NAME_":1020,"BDRY_NAME1":"U.S.-Mexico Continental Shelf Boundary","BDRY_COV_S":201503}},
{"type":"Feature","geometry":{"type":"LineString","coordinates":[[-92.95608444531246,25.712783584375018],[-92.9788979609375,25.749909662500045]]},"properties":{"CSB_":275,"CSB_ID":27,"MMS_REGION":"G","BDRY_TYPE_":"B","BDRY_PT_PR":"NG15-08","BDRY_APRV_":"01-OCT-2014","BLOCK_NUMB":"240","BDRY_NAME_":1020,"BDRY_NAME1":"U.S.-Mexico Continental Shelf Boundary","BDRY_COV_S":201503}},
{"type":"Feature","geometry":{"type":"LineString","coordinates":[[-92.9788979609375,25.749909662500045],[-92.98288127499995,25.756389201562513]]},"properties":{"CSB_":276,"CSB_ID":28,"MMS_REGION":"G","BDRY_TYPE_":"B","BDRY_PT_PR":"NG15-08","BDRY_APRV_":"01-OCT-2014","BLOCK_NUMB":"239","BDRY_NAME_":1020,"BDRY_NAME1":"U.S.-Mexico Continental Shelf Boundary","BDRY_COV_S":201503}},
{"type":"Feature","geometry":{"type":"LineString","coordinates":[[-92.98288127499995,25.756389201562513],[-92.994795453125,25.775764867187547],[-93.02704816093745,25.792225215625024]]},"properties":{"CSB_":277,"CSB_ID":29,"MMS_REGION":"G","BDRY_TYPE_":"B","BDRY_PT_PR":"NG15-08","BDRY_APRV_":"01-OCT-2014","BLOCK_NUMB":"195","BDRY_NAME_":1020,"BDRY_NAME1":"U.S.-Mexico Continental Shelf Boundary","BDRY_COV_S":201503}},
{"type":"Feature","geometry":{"type":"LineString","coordinates":[[-93.02704816093745,25.792225215625024],[-93.04225846093749,25.799983812500045]]},"properties":{"CSB_":278,"CSB_ID":30,"MMS_REGION":"G","BDRY_TYPE_":"B","BDRY_PT_PR":"NG15-08","BDRY_APRV_":"01-OCT-2014","BLOCK_NUMB":"194","BDRY_NAME_":1020,"BDRY_NAME1":"U.S.-Mexico Continental Shelf Boundary","BDRY_COV_S":201503}},
{"type":"Feature","geometry":{"type":"LineString","coordinates":[[-93.04225846093749,25.799983812500045],[-93.06629128749995,25.81223735468751],[-93.07522134375,25.816799312499995]]},"properties":{"CSB_":279,"CSB_ID":31,"MMS_REGION":"G","BDRY_TYPE_":"B","BDRY_PT_PR":"NG15-08","BDRY_APRV_":"01-OCT-2014","BLOCK_NUMB":"150","BDRY_NAME_":1020,"BDRY_NAME1":"U.S.-Mexico Continental Shelf Boundary","BDRY_COV_S":201503}},
{"type":"Feature","geometry":{"type":"LineString","coordinates":[[-93.07522134375,25.816799312499995],[-93.12341442343745,25.84140335781251]]},"properties":{"CSB_":280,"CSB_ID":32,"MMS_REGION":"G","BDRY_TYPE_":"B","BDRY_PT_PR":"NG15-08","BDRY_APRV_":"01-OCT-2014","BLOCK_NUMB":"149","BDRY_NAME_":1020,"BDRY_NAME1":"U.S.-Mexico Continental Shelf Boundary","BDRY_COV_S":201503}},
{"type":"Feature","geometry":{"type":"LineString","coordinates":[[-93.12341442343745,25.84140335781251],[-93.12758902031248,25.843533390624998]]},"properties":{"CSB_":281,"CSB_ID":33,"MMS_REGION":"G","BDRY_TYPE_":"B","BDRY_PT_PR":"NG15-08","BDRY_APRV_":"01-OCT-2014","BLOCK_NUMB":"148","BDRY_NAME_":1020,"BDRY_NAME1":"U.S.-Mexico Continental Shelf Boundary","BDRY_COV_S":201503}},
{"type":"Feature","geometry":{"type":"LineString","coordinates":[[-93.12758902031248,25.843533390624998],[-93.16742427968745,25.863848820312512],[-93.17162739218747,25.86599284531252]]},"properties":{"CSB_":282,"CSB_ID":34,"MMS_REGION":"G","BDRY_TYPE_":"B","BDRY_PT_PR":"NG15-08","BDRY_APRV_":"01-OCT-2014","BLOCK_NUMB":"104","BDRY_NAME_":1020,"BDRY_NAME1":"U.S.-Mexico Continental Shelf Boundary","BDRY_COV_S":201503}},
{"type":"Feature","geometry":{"type":"LineString","coordinates":[[-93.17162739218747,25.86599284531252],[-93.21289389999998,25.88703243125002]]},"properties":{"CSB_":283,"CSB_ID":35,"MMS_REGION":"G","BDRY_TYPE_":"B","BDRY_PT_PR":"NG15-08","BDRY_APRV_":"01-OCT-2014","BLOCK_NUMB":"103","BDRY_NAME_":1020,"BDRY_NAME1":"U.S.-Mexico Continental Shelf Boundary","BDRY_COV_S":201503}},
{"type":"Feature","geometry":{"type":"LineString","coordinates":[[-93.21289389999998,25.88703243125002],[-93.21986027499997,25.890582312500044]]},"properties":{"CSB_":284,"CSB_ID":36,"MMS_REGION":"G","BDRY_TYPE_":"B","BDRY_PT_PR":"NG15-08","BDRY_APRV_":"01-OCT-2014","BLOCK_NUMB":"59","BDRY_NAME_":1020,"BDRY_NAME1":"U.S.-Mexico Continental Shelf Boundary","BDRY_COV_S":201503}},
{"type":"Feature","geometry":{"type":"LineString","coordinates":[[-93.21986027499997,25.890582312500044],[-93.25266932812497,25.90729358125003],[-93.26811154218746,25.914488057812548]]},"properties":{"CSB_":285,"CSB_ID":37,"MMS_REGION":"G","BDRY_TYPE_":"B","BDRY_PT_PR":"NG15-08","BDRY_APRV_":"01-OCT-2014","BLOCK_NUMB":"58","BDRY_NAME_":1020,"BDRY_NAME1":"U.S.-Mexico Continental Shelf Boundary","BDRY_COV_S":201503}},
{"type":"Feature","geometry":{"type":"LineString","coordinates":[[-93.26811154218746,25.914488057812548],[-93.30243863124997,25.93047195781253]]},"properties":{"CSB_":286,"CSB_ID":38,"MMS_REGION":"G","BDRY_TYPE_":"B","BDRY_PT_PR":"NG15-08","BDRY_APRV_":"01-OCT-2014","BLOCK_NUMB":"57","BDRY_NAME_":1020,"BDRY_NAME1":"U.S.-Mexico Continental Shelf Boundary","BDRY_COV_S":201503}},
{"type":"Feature","geometry":{"type":"LineString","coordinates":[[-93.30243863124997,25.93047195781253],[-93.3163783671875,25.93695921406254]]},"properties":{"CSB_":287,"CSB_ID":39,"MMS_REGION":"G","BDRY_TYPE_":"B","BDRY_PT_PR":"NG15-08","BDRY_APRV_":"01-OCT-2014","BLOCK_NUMB":"13","BDRY_NAME_":1020,"BDRY_NAME1":"U.S.-Mexico Continental Shelf Boundary","BDRY_COV_S":201503}},
{"type":"Feature","geometry":{"type":"LineString","coordinates":[[-93.3163783671875,25.93695921406254],[-93.36466336874997,25.95941415312501]]},"properties":{"CSB_":288,"CSB_ID":40,"MMS_REGION":"G","BDRY_TYPE_":"B","BDRY_PT_PR":"NG15-08","BDRY_APRV_":"01-OCT-2014","BLOCK_NUMB":"12","BDRY_NAME_":1020,"BDRY_NAME1":"U.S.-Mexico Continental Shelf Boundary","BDRY_COV_S":201503}},
{"type":"Feature","geometry":{"type":"LineString","coordinates":[[-93.36466336874997,25.95941415312501],[-93.39572275312497,25.973845259375025]]},"properties":{"CSB_":289,"CSB_ID":41,"MMS_REGION":"G","BDRY_TYPE_":"B","BDRY_PT_PR":"NG15-08","BDRY_APRV_":"01-OCT-2014","BLOCK_NUMB":"11","BDRY_NAME_":1020,"BDRY_NAME1":"U.S.-Mexico Continental Shelf Boundary","BDRY_COV_S":201503}},
{"type":"Feature","geometry":{"type":"LineString","coordinates":[[-91.87289937968745,25.623555203125022],[-91.92096179062497,25.625984254687523]]},"properties":{"CSB_":290,"CSB_ID":43,"MMS_REGION":"G","BDRY_TYPE_":"B","BDRY_PT_PR":"NG15-09","BDRY_APRV_":"01-OCT-2014","BLOCK_NUMB":"309","BDRY_NAME_":1020,"BDRY_NAME1":"U.S.-Mexico Continental Shelf Boundary","BDRY_COV_S":201503}},
{"type":"Feature","geometry":{"type":"LineString","coordinates":[[-91.82483956406247,25.621110376562513],[-91.87289937968745,25.623555203125022]]},"properties":{"CSB_":291,"CSB_ID":44,"MMS_REGION":"G","BDRY_TYPE_":"B","BDRY_PT_PR":"NG15-09","BDRY_APRV_":"01-OCT-2014","BLOCK_NUMB":"310","BDRY_NAME_":1020,"BDRY_NAME1":"U.S.-Mexico Continental Shelf Boundary","BDRY_COV_S":201503}},
{"type":"Feature","geometry":{"type":"LineString","coordinates":[[-91.81910605781246,25.62081763750001],[-91.82483956406247,25.621110376562513]]},"properties":{"CSB_":292,"CSB_ID":45,"MMS_REGION":"G","BDRY_TYPE_":"B","BDRY_PT_PR":"NG15-09","BDRY_APRV_":"01-OCT-2014","BLOCK_NUMB":"311","BDRY_NAME_":1020,"BDRY_NAME1":"U.S.-Mexico Continental Shelf Boundary","BDRY_COV_S":201503}},
{"type":"Feature","geometry":{"type":"LineString","coordinates":[[-91.77678238593745,25.618649781250042],[-91.81910605781246,25.62081763750001]]},"properties":{"CSB_":293,"CSB_ID":46,"MMS_REGION":"G","BDRY_TYPE_":"B","BDRY_PT_PR":"NG15-09","BDRY_APRV_":"01-OCT-2014","BLOCK_NUMB":"355","BDRY_NAME_":1020,"BDRY_NAME1":"U.S.-Mexico Continental Shelf Boundary","BDRY_COV_S":201503}},
{"type":"Feature","geometry":{"type":"LineString","coordinates":[[-91.72872787187498,25.616174689062518],[-91.73862431406246,25.616684689062538],[-91.77678238593745,25.618649781250042]]},"properties":{"CSB_":294,"CSB_ID":47,"MMS_REGION":"G","BDRY_TYPE_":"B","BDRY_PT_PR":"NG15-09","BDRY_APRV_":"01-OCT-2014","BLOCK_NUMB":"356","BDRY_NAME_":1020,"BDRY_NAME1":"U.S.-Mexico Continental Shelf Boundary","BDRY_COV_S":201503}},
{"type":"Feature","geometry":{"type":"LineString","coordinates":[[-91.68067602031249,25.6136887359375],[-91.72872787187498,25.616174689062518]]},"properties":{"CSB_":295,"CSB_ID":48,"MMS_REGION":"G","BDRY_TYPE_":"B","BDRY_PT_PR":"NG15-09","BDRY_APRV_":"01-OCT-2014","BLOCK_NUMB":"357","BDRY_NAME_":1020,"BDRY_NAME1":"U.S.-Mexico Continental Shelf Boundary","BDRY_COV_S":201503}},
{"type":"Feature","geometry":{"type":"LineString","coordinates":[[-91.63256619843747,25.616522384375003],[-91.65815493437498,25.61251814531255],[-91.68067602031249,25.6136887359375]]},"properties":{"CSB_":296,"CSB_ID":49,"MMS_REGION":"G","BDRY_TYPE_":"B","BDRY_PT_PR":"NG15-09","BDRY_APRV_":"01-OCT-2014","BLOCK_NUMB":"358","BDRY_NAME_":1020,"BDRY_NAME1":"U.S.-Mexico Continental Shelf Boundary","BDRY_COV_S":201503}},
{"type":"Feature","geometry":{"type":"LineString","coordinates":[[-91.61646554999999,25.61903945625005],[-91.63256619843747,25.616522384375003]]},"properties":{"CSB_":297,"CSB_ID":50,"MMS_REGION":"G","BDRY_TYPE_":"B","BDRY_PT_PR":"NG15-09","BDRY_APRV_":"01-OCT-2014","BLOCK_NUMB":"359","BDRY_NAME_":1020,"BDRY_NAME1":"U.S.-Mexico Continental Shelf Boundary","BDRY_COV_S":201503}},
{"type":"Feature","geometry":{"type":"LineString","coordinates":[[-91.58439942499996,25.62404686562502],[-91.61646554999999,25.61903945625005]]},"properties":{"CSB_":298,"CSB_ID":51,"MMS_REGION":"G","BDRY_TYPE_":"B","BDRY_PT_PR":"NG15-09","BDRY_APRV_":"01-OCT-2014","BLOCK_NUMB":"315","BDRY_NAME_":1020,"BDRY_NAME1":"U.S.-Mexico Continental Shelf Boundary","BDRY_COV_S":201503}},
{"type":"Feature","geometry":{"type":"LineString","coordinates":[[-91.53622741249995,25.63155530625005],[-91.58439942499996,25.62404686562502]]},"properties":{"CSB_":299,"CSB_ID":52,"MMS_REGION":"G","BDRY_TYPE_":"B","BDRY_PT_PR":"NG15-09","BDRY_APRV_":"01-OCT-2014","BLOCK_NUMB":"316","BDRY_NAME_":1020,"BDRY_NAME1":"U.S.-Mexico Continental Shelf Boundary","BDRY_COV_S":201503}},
{"type":"Feature","geometry":{"type":"LineString","coordinates":[[-91.48805019843746,25.63904774843752],[-91.53622741249995,25.63155530625005]]},"properties":{"CSB_":300,"CSB_ID":53,"MMS_REGION":"G","BDRY_TYPE_":"B","BDRY_PT_PR":"NG15-09","BDRY_APRV_":"01-OCT-2014","BLOCK_NUMB":"317","BDRY_NAME_":1020,"BDRY_NAME1":"U.S.-Mexico Continental Shelf Boundary","BDRY_COV_S":201503}},
{"type":"Feature","geometry":{"type":"LineString","coordinates":[[-91.43986781718746,25.646524121875018],[-91.48805019843746,25.63904774843752]]},"properties":{"CSB_":301,"CSB_ID":54,"MMS_REGION":"G","BDRY_TYPE_":"B","BDRY_PT_PR":"NG15-09","BDRY_APRV_":"01-OCT-2014","BLOCK_NUMB":"318","BDRY_NAME_":1020,"BDRY_NAME1":"U.S.-Mexico Continental Shelf Boundary","BDRY_COV_S":201503}},
{"type":"Feature","geometry":{"type":"LineString","coordinates":[[-91.39168031093749,25.653984435937502],[-91.43986781718746,25.646524121875018]]},"properties":{"CSB_":302,"CSB_ID":55,"MMS_REGION":"G","BDRY_TYPE_":"B","BDRY_PT_PR":"NG15-09","BDRY_APRV_":"01-OCT-2014","BLOCK_NUMB":"319","BDRY_NAME_":1020,"BDRY_NAME1":"U.S.-Mexico Continental Shelf Boundary","BDRY_COV_S":201503}},
{"type":"Feature","geometry":{"type":"LineString","coordinates":[[-91.35338701874997,25.65990091562503],[-91.39168031093749,25.653984435937502]]},"properties":{"CSB_":303,"CSB_ID":56,"MMS_REGION":"G","BDRY_TYPE_":"B","BDRY_PT_PR":"NG15-09","BDRY_APRV_":"01-OCT-2014","BLOCK_NUMB":"320","BDRY_NAME_":1020,"BDRY_NAME1":"U.S.-Mexico Continental Shelf Boundary","BDRY_COV_S":201503}},
{"type":"Feature","geometry":{"type":"LineString","coordinates":[[-91.34348771249995,25.661428676562537],[-91.35338701874997,25.65990091562503]]},"properties":{"CSB_":304,"CSB_ID":57,"MMS_REGION":"G","BDRY_TYPE_":"B","BDRY_PT_PR":"NG15-09","BDRY_APRV_":"01-OCT-2014","BLOCK_NUMB":"276","BDRY_NAME_":1020,"BDRY_NAME1":"U.S.-Mexico Continental Shelf Boundary","BDRY_COV_S":201503}},
{"type":"Feature","geometry":{"type":"LineString","coordinates":[[-91.29528117812498,25.669481242187544],[-91.34199615468748,25.661658825000018],[-91.34348771249995,25.661428676562537]]},"properties":{"CSB_":305,"CSB_ID":58,"MMS_REGION":"G","BDRY_TYPE_":"B","BDRY_PT_PR":"NG15-09","BDRY_APRV_":"01-OCT-2014","BLOCK_NUMB":"277","BDRY_NAME_":1020,"BDRY_NAME1":"U.S.-Mexico Continental Shelf Boundary","BDRY_COV_S":201503}},
{"type":"Feature","geometry":{"type":"LineString","coordinates":[[-91.2470688265625,25.677537620312535],[-91.29528117812498,25.669481242187544]]},"properties":{"CSB_":306,"CSB_ID":59,"MMS_REGION":"G","BDRY_TYPE_":"B","BDRY_PT_PR":"NG15-09","BDRY_APRV_":"01-OCT-2014","BLOCK_NUMB":"278","BDRY_NAME_":1020,"BDRY_NAME1":"U.S.-Mexico Continental Shelf Boundary","BDRY_COV_S":201503}},
{"type":"Feature","geometry":{"type":"LineString","coordinates":[[-91.198850971875,25.68557789687503],[-91.2470688265625,25.677537620312535]]},"properties":{"CSB_":307,"CSB_ID":60,"MMS_REGION":"G","BDRY_TYPE_":"B","BDRY_PT_PR":"NG15-09","BDRY_APRV_":"01-OCT-2014","BLOCK_NUMB":"279","BDRY_NAME_":1020,"BDRY_NAME1":"U.S.-Mexico Continental Shelf Boundary","BDRY_COV_S":201503}},
{"type":"Feature","geometry":{"type":"LineString","coordinates":[[-91.15062764999999,25.693602003125022],[-91.198850971875,25.68557789687503]]},"properties":{"CSB_":308,"CSB_ID":61,"MMS_REGION":"G","BDRY_TYPE_":"B","BDRY_PT_PR":"NG15-09","BDRY_APRV_":"01-OCT-2014","BLOCK_NUMB":"280","BDRY_NAME_":1020,"BDRY_NAME1":"U.S.-Mexico Continental Shelf Boundary","BDRY_COV_S":201503}},
{"type":"Feature","geometry":{"type":"LineString","coordinates":[[-91.10894736249998,25.700523675],[-91.15062764999999,25.693602003125022]]},"properties":{"CSB_":309,"CSB_ID":62,"MMS_REGION":"G","BDRY_TYPE_":"B","BDRY_PT_PR":"NG15-09","BDRY_APRV_":"01-OCT-2014","BLOCK_NUMB":"281","BDRY_NAME_":1020,"BDRY_NAME1":"U.S.-Mexico Continental Shelf Boundary","BDRY_COV_S":201503}},
{"type":"Feature","geometry":{"type":"LineString","coordinates":[[-91.10239889531249,25.701609979687532],[-91.10894736249998,25.700523675]]},"properties":{"CSB_":310,"CSB_ID":63,"MMS_REGION":"G","BDRY_TYPE_":"B","BDRY_PT_PR":"NG15-09","BDRY_APRV_":"01-OCT-2014","BLOCK_NUMB":"237","BDRY_NAME_":1020,"BDRY_NAME1":"U.S.-Mexico Continental Shelf Boundary","BDRY_COV_S":201503}},
{"type":"Feature","geometry":{"type":"LineString","coordinates":[[-91.09024722812495,25.70362499062503],[-91.10239889531249,25.701609979687532]]},"properties":{"CSB_":311,"CSB_ID":64,"MMS_REGION":"G","BDRY_TYPE_":"B","BDRY_PT_PR":"NG15-09","BDRY_APRV_":"01-OCT-2014","BLOCK_NUMB":"238","BDRY_NAME_":1020,"BDRY_NAME1":"U.S.-Mexico Continental Shelf Boundary","BDRY_COV_S":201503}},
{"type":"Feature","geometry":{"type":"LineString","coordinates":[[-88.38487222343747,25.69903333281252],[-88.37429956093746,25.698300676562496]]},"properties":{"CSB_":312,"CSB_ID":1,"MMS_REGION":"G","BDRY_TYPE_":"L","BDRY_PT_PR":"NG16-07","BDRY_APRV_":"01-OCT-2014","BLOCK_NUMB":"295","BDRY_NAME_":9014,"BDRY_NAME1":"Limit of Protraction","BDRY_COV_S":201503}},
{"type":"Feature","geometry":{"type":"LineString","coordinates":[[-88.37429956093746,25.698300676562496],[-88.32615104531249,25.69495413281254]]},"properties":{"CSB_":313,"CSB_ID":2,"MMS_REGION":"G","BDRY_TYPE_":"L","BDRY_PT_PR":"NG16-07","BDRY_APRV_":"01-OCT-2014","BLOCK_NUMB":"296","BDRY_NAME_":9014,"BDRY_NAME1":"Limit of Protraction","BDRY_COV_S":201503}},
{"type":"Feature","geometry":{"type":"LineString","coordinates":[[-88.32615104531249,25.69495413281254],[-88.27800446875,25.691591659375035]]},"properties":{"CSB_":314,"CSB_ID":3,"MMS_REGION":"G","BDRY_TYPE_":"L","BDRY_PT_PR":"NG16-07","BDRY_APRV_":"01-OCT-2014","BLOCK_NUMB":"297","BDRY_NAME_":9014,"BDRY_NAME1":"Limit of Protraction","BDRY_COV_S":201503}},
{"type":"Feature","geometry":{"type":"LineString","coordinates":[[-88.27800446875,25.691591659375035],[-88.22985987031245,25.688213182812547]]},"properties":{"CSB_":315,"CSB_ID":4,"MMS_REGION":"G","BDRY_TYPE_":"L","BDRY_PT_PR":"NG16-07","BDRY_APRV_":"01-OCT-2014","BLOCK_NUMB":"298","BDRY_NAME_":9014,"BDRY_NAME1":"Limit of Protraction","BDRY_COV_S":201503}},
{"type":"Feature","geometry":{"type":"LineString","coordinates":[[-88.22985987031245,25.688213182812547],[-88.18171729374995,25.684818928125026]]},"properties":{"CSB_":316,"CSB_ID":5,"MMS_REGION":"G","BDRY_TYPE_":"L","BDRY_PT_PR":"NG16-07","BDRY_APRV_":"01-OCT-2014","BLOCK_NUMB":"299","BDRY_NAME_":9014,"BDRY_NAME1":"Limit of Protraction","BDRY_COV_S":201503}},
{"type":"Feature","geometry":{"type":"LineString","coordinates":[[-88.18171729374995,25.684818928125026],[-88.13357677343748,25.68140865781254]]},"properties":{"CSB_":317,"CSB_ID":6,"MMS_REGION":"G","BDRY_TYPE_":"L","BDRY_PT_PR":"NG16-07","BDRY_APRV_":"01-OCT-2014","BLOCK_NUMB":"300","BDRY_NAME_":9014,"BDRY_NAME1":"Limit of Protraction","BDRY_COV_S":201503}},
{"type":"Feature","geometry":{"type":"LineString","coordinates":[[-88.13357677343748,25.68140865781254],[-88.08543835312497,25.677982429687518]]},"properties":{"CSB_":318,"CSB_ID":7,"MMS_REGION":"G","BDRY_TYPE_":"L","BDRY_PT_PR":"NG16-07","BDRY_APRV_":"01-OCT-2014","BLOCK_NUMB":"301","BDRY_NAME_":9014,"BDRY_NAME1":"Limit of Protraction","BDRY_COV_S":201503}},
{"type":"Feature","geometry":{"type":"LineString","coordinates":[[-88.08543835312497,25.677982429687518],[-88.0373020734375,25.67454030781255]]},"properties":{"CSB_":319,"CSB_ID":8,"MMS_REGION":"G","BDRY_TYPE_":"L","BDRY_PT_PR":"NG16-07","BDRY_APRV_":"01-OCT-2014","BLOCK_NUMB":"302","BDRY_NAME_":9014,"BDRY_NAME1":"Limit of Protraction","BDRY_COV_S":201503}},
{"type":"Feature","geometry":{"type":"LineString","coordinates":[[-88.0373020734375,25.67454030781255],[-87.98916796875,25.67108218750002]]},"properties":{"CSB_":320,"CSB_ID":9,"MMS_REGION":"G","BDRY_TYPE_":"L","BDRY_PT_PR":"NG16-07","BDRY_APRV_":"01-OCT-2014","BLOCK_NUMB":"303","BDRY_NAME_":9014,"BDRY_NAME1":"Limit of Protraction","BDRY_COV_S":201503}},
{"type":"Feature","geometry":{"type":"LineString","coordinates":[[-87.98916796875,25.67108218750002],[-87.94103608437496,25.667608353125047]]},"properties":{"CSB_":321,"CSB_ID":10,"MMS_REGION":"G","BDRY_TYPE_":"L","BDRY_PT_PR":"NG16-07","BDRY_APRV_":"01-OCT-2014","BLOCK_NUMB":"304","BDRY_NAME_":9014,"BDRY_NAME1":"Limit of Protraction","BDRY_COV_S":201503}},
{"type":"Feature","geometry":{"type":"LineString","coordinates":[[-87.94103608437496,25.667608353125047],[-87.92260417343749,25.666273748437504]]},"properties":{"CSB_":322,"CSB_ID":11,"MMS_REGION":"G","BDRY_TYPE_":"L","BDRY_PT_PR":"NG16-07","BDRY_APRV_":"01-OCT-2014","BLOCK_NUMB":"305","BDRY_NAME_":9014,"BDRY_NAME1":"Limit of Protraction","BDRY_COV_S":201503}},
{"type":"Feature","geometry":{"type":"LineString","coordinates":[[-87.92260417343749,25.666273748437504],[-87.89290645624999,25.664118425000026]]},"properties":{"CSB_":323,"CSB_ID":12,"MMS_REGION":"G","BDRY_TYPE_":"L","BDRY_PT_PR":"NG16-07","BDRY_APRV_":"01-OCT-2014","BLOCK_NUMB":"349","BDRY_NAME_":9014,"BDRY_NAME1":"Limit of Protraction","BDRY_COV_S":201503}},
{"type":"Feature","geometry":{"type":"LineString","coordinates":[[-87.89290645624999,25.664118425000026],[-87.84477912656246,25.66061265781252]]},"properties":{"CSB_":324,"CSB_ID":14,"MMS_REGION":"G","BDRY_TYPE_":"L","BDRY_PT_PR":"NG16-08","BDRY_APRV_":"28-FEB-2007","BLOCK_NUMB":"309","BDRY_NAME_":9014,"BDRY_NAME1":"Limit of Protraction","BDRY_COV_S":201503}},
{"type":"Feature","geometry":{"type":"LineString","coordinates":[[-87.84477912656246,25.66061265781252],[-87.79665413281248,25.657090893750023]]},"properties":{"CSB_":325,"CSB_ID":15,"MMS_REGION":"G","BDRY_TYPE_":"L","BDRY_PT_PR":"NG16-08","BDRY_APRV_":"28-FEB-2007","BLOCK_NUMB":"310","BDRY_NAME_":9014,"BDRY_NAME1":"Limit of Protraction","BDRY_COV_S":201503}},
{"type":"Feature","geometry":{"type":"LineString","coordinates":[[-87.79665413281248,25.657090893750023],[-87.74853151718747,25.65355338750004]]},"properties":{"CSB_":326,"CSB_ID":16,"MMS_REGION":"G","BDRY_TYPE_":"L","BDRY_PT_PR":"NG16-08","BDRY_APRV_":"28-FEB-2007","BLOCK_NUMB":"311","BDRY_NAME_":9014,"BDRY_NAME1":"Limit of Protraction","BDRY_COV_S":201503}},
{"type":"Feature","geometry":{"type":"LineString","coordinates":[[-87.74853151718747,25.65355338750004],[-87.7004113171875,25.64999984531255]]},"properties":{"CSB_":327,"CSB_ID":17,"MMS_REGION":"G","BDRY_TYPE_":"L","BDRY_PT_PR":"NG16-08","BDRY_APRV_":"28-FEB-2007","BLOCK_NUMB":"312","BDRY_NAME_":9014,"BDRY_NAME1":"Limit of Protraction","BDRY_COV_S":201503}},
{"type":"Feature","geometry":{"type":"LineString","coordinates":[[-87.7004113171875,25.64999984531255],[-87.65229357499999,25.646430435937532]]},"properties":{"CSB_":328,"CSB_ID":18,"MMS_REGION":"G","BDRY_TYPE_":"L","BDRY_PT_PR":"NG16-08","BDRY_APRV_":"28-FEB-2007","BLOCK_NUMB":"313","BDRY_NAME_":9014,"BDRY_NAME1":"Limit of Protraction","BDRY_COV_S":201503}},
{"type":"Feature","geometry":{"type":"LineString","coordinates":[[-87.65229357499999,25.646430435937532],[-87.60417832812499,25.642845253125017]]},"properties":{"CSB_":329,"CSB_ID":19,"MMS_REGION":"G","BDRY_TYPE_":"L","BDRY_PT_PR":"NG16-08","BDRY_APRV_":"28-FEB-2007","BLOCK_NUMB":"314","BDRY_NAME_":9014,"BDRY_NAME1":"Limit of Protraction","BDRY_COV_S":201503}},
{"type":"Feature","geometry":{"type":"LineString","coordinates":[[-87.60417832812499,25.642845253125017],[-87.55606561562496,25.639244081250013]]},"properties":{"CSB_":330,"CSB_ID":20,"MMS_REGION":"G","BDRY_TYPE_":"L","BDRY_PT_PR":"NG16-08","BDRY_APRV_":"28-FEB-2007","BLOCK_NUMB":"315","BDRY_NAME_":9014,"BDRY_NAME1":"Limit of Protraction","BDRY_COV_S":201503}},
{"type":"Feature","geometry":{"type":"LineString","coordinates":[[-87.55606561562496,25.639244081250013],[-87.50795547812498,25.635626984374994]]},"properties":{"CSB_":331,"CSB_ID":21,"MMS_REGION":"G","BDRY_TYPE_":"L","BDRY_PT_PR":"NG16-08","BDRY_APRV_":"28-FEB-2007","BLOCK_NUMB":"316","BDRY_NAME_":9014,"BDRY_NAME1":"Limit of Protraction","BDRY_COV_S":201503}},
{"type":"Feature","geometry":{"type":"LineString","coordinates":[[-87.50795547812498,25.635626984374994],[-87.45984795781249,25.63199418906254]]},"properties":{"CSB_":332,"CSB_ID":22,"MMS_REGION":"G","BDRY_TYPE_":"L","BDRY_PT_PR":"NG16-08","BDRY_APRV_":"28-FEB-2007","BLOCK_NUMB":"317","BDRY_NAME_":9014,"BDRY_NAME1":"Limit of Protraction","BDRY_COV_S":201503}},
{"type":"Feature","geometry":{"type":"LineString","coordinates":[[-87.45984795781249,25.63199418906254],[-87.4117430890625,25.628345373437526]]},"properties":{"CSB_":333,"CSB_ID":23,"MMS_REGION":"G","BDRY_TYPE_":"L","BDRY_PT_PR":"NG16-08","BDRY_APRV_":"28-FEB-2007","BLOCK_NUMB":"318","BDRY_NAME_":9014,"BDRY_NAME1":"Limit of Protraction","BDRY_COV_S":201503}},
{"type":"Feature","geometry":{"type":"LineString","coordinates":[[-87.4117430890625,25.628345373437526],[-87.36942651562498,25.62512240156252]]},"properties":{"CSB_":334,"CSB_ID":24,"MMS_REGION":"G","BDRY_TYPE_":"L","BDRY_PT_PR":"NG16-08","BDRY_APRV_":"28-FEB-2007","BLOCK_NUMB":"319","BDRY_NAME_":9014,"BDRY_NAME1":"Limit of Protraction","BDRY_COV_S":201503}},
{"type":"Feature","geometry":{"type":"LineString","coordinates":[[-87.36942651562498,25.62512240156252],[-87.36364091562496,25.624680790625007]]},"properties":{"CSB_":335,"CSB_ID":25,"MMS_REGION":"G","BDRY_TYPE_":"L","BDRY_PT_PR":"NG16-08","BDRY_APRV_":"28-FEB-2007","BLOCK_NUMB":"363","BDRY_NAME_":9014,"BDRY_NAME1":"Limit of Protraction","BDRY_COV_S":201503}},
{"type":"Feature","geometry":{"type":"LineString","coordinates":[[-87.36364091562496,25.624680790625007],[-87.31554147656249,25.621000396875047]]},"properties":{"CSB_":336,"CSB_ID":26,"MMS_REGION":"G","BDRY_TYPE_":"L","BDRY_PT_PR":"NG16-08","BDRY_APRV_":"28-FEB-2007","BLOCK_NUMB":"364","BDRY_NAME_":9014,"BDRY_NAME1":"Limit of Protraction","BDRY_COV_S":201503}},
{"type":"Feature","geometry":{"type":"LineString","coordinates":[[-87.31554147656249,25.621000396875047],[-87.26744480937498,25.617303895312546]]},"properties":{"CSB_":337,"CSB_ID":27,"MMS_REGION":"G","BDRY_TYPE_":"L","BDRY_PT_PR":"NG16-08","BDRY_APRV_":"28-FEB-2007","BLOCK_NUMB":"365","BDRY_NAME_":9014,"BDRY_NAME1":"Limit of Protraction","BDRY_COV_S":201503}},
{"type":"Feature","geometry":{"type":"LineString","coordinates":[[-87.26744480937498,25.617303895312546],[-87.21935095468746,25.613591953125024]]},"properties":{"CSB_":338,"CSB_ID":28,"MMS_REGION":"G","BDRY_TYPE_":"L","BDRY_PT_PR":"NG16-08","BDRY_APRV_":"28-FEB-2007","BLOCK_NUMB":"366","BDRY_NAME_":9014,"BDRY_NAME1":"Limit of Protraction","BDRY_COV_S":201503}},
{"type":"Feature","geometry":{"type":"LineString","coordinates":[[-87.21935095468746,25.613591953125024],[-87.17125995156249,25.609863918750023]]},"properties":{"CSB_":339,"CSB_ID":29,"MMS_REGION":"G","BDRY_TYPE_":"L","BDRY_PT_PR":"NG16-08","BDRY_APRV_":"28-FEB-2007","BLOCK_NUMB":"367","BDRY_NAME_":9014,"BDRY_NAME1":"Limit of Protraction","BDRY_COV_S":201503}},
{"type":"Feature","geometry":{"type":"LineString","coordinates":[[-87.17125995156249,25.609863918750023],[-87.12317184062499,25.606120185937527]]},"properties":{"CSB_":340,"CSB_ID":30,"MMS_REGION":"G","BDRY_TYPE_":"L","BDRY_PT_PR":"NG16-08","BDRY_APRV_":"28-FEB-2007","BLOCK_NUMB":"368","BDRY_NAME_":9014,"BDRY_NAME1":"Limit of Protraction","BDRY_COV_S":201503}},
{"type":"Feature","geometry":{"type":"LineString","coordinates":[[-87.12317184062499,25.606120185937527],[-87.07508666249998,25.602360429687508]]},"properties":{"CSB_":341,"CSB_ID":31,"MMS_REGION":"G","BDRY_TYPE_":"L","BDRY_PT_PR":"NG16-08","BDRY_APRV_":"28-FEB-2007","BLOCK_NUMB":"369","BDRY_NAME_":9014,"BDRY_NAME1":"Limit of Protraction","BDRY_COV_S":201503}},
{"type":"Feature","geometry":{"type":"LineString","coordinates":[[-87.07508666249998,25.602360429687508],[-87.04500000156247,25.600000001562535],[-87.0386396359375,25.581983493750045]]},"properties":{"CSB_":342,"CSB_ID":32,"MMS_REGION":"G","BDRY_TYPE_":"L","BDRY_PT_PR":"NG16-08","BDRY_APRV_":"28-FEB-2007","BLOCK_NUMB":"370","BDRY_NAME_":9014,"BDRY_NAME1":"Limit of Protraction","BDRY_COV_S":201503}},
{"type":"Feature","geometry":{"type":"LineString","coordinates":[[-87.0386396359375,25.581983493750045],[-87.02699332656249,25.54897930468752]]},"properties":{"CSB_":343,"CSB_ID":33,"MMS_REGION":"G","BDRY_TYPE_":"L","BDRY_PT_PR":"NG16-08","BDRY_APRV_":"28-FEB-2007","BLOCK_NUMB":"414","BDRY_NAME_":9014,"BDRY_NAME1":"Limit of Protraction","BDRY_COV_S":201503}},
{"type":"Feature","geometry":{"type":"LineString","coordinates":[[-87.02699332656249,25.54897930468752],[-87.02325652656248,25.538385689062522]]},"properties":{"CSB_":344,"CSB_ID":34,"MMS_REGION":"G","BDRY_TYPE_":"L","BDRY_PT_PR":"NG16-08","BDRY_APRV_":"28-FEB-2007","BLOCK_NUMB":"415","BDRY_NAME_":9014,"BDRY_NAME1":"Limit of Protraction","BDRY_COV_S":201503}},
{"type":"Feature","geometry":{"type":"LineString","coordinates":[[-87.02325652656248,25.538385689062522],[-87.00972222343745,25.5],[-87.001563696875,25.4947862046875]]},"properties":{"CSB_":345,"CSB_ID":35,"MMS_REGION":"G","BDRY_TYPE_":"L","BDRY_PT_PR":"NG16-08","BDRY_APRV_":"28-FEB-2007","BLOCK_NUMB":"459","BDRY_NAME_":9014,"BDRY_NAME1":"Limit of Protraction","BDRY_COV_S":201503}},
{"type":"Feature","geometry":{"type":"LineString","coordinates":[[-87.001563696875,25.4947862046875],[-86.97894524843747,25.480326896875]]},"properties":{"CSB_":346,"CSB_ID":36,"MMS_REGION":"G","BDRY_TYPE_":"L","BDRY_PT_PR":"NG16-08","BDRY_APRV_":"28-FEB-2007","BLOCK_NUMB":"503","BDRY_NAME_":9014,"BDRY_NAME1":"Limit of Protraction","BDRY_COV_S":201503}},
{"type":"Feature","geometry":{"type":"LineString","coordinates":[[-86.97894524843747,25.480326896875],[-86.9333682796875,25.45116951093752]]},"properties":{"CSB_":347,"CSB_ID":37,"MMS_REGION":"G","BDRY_TYPE_":"L","BDRY_PT_PR":"NG16-08","BDRY_APRV_":"28-FEB-2007","BLOCK_NUMB":"504","BDRY_NAME_":9014,"BDRY_NAME1":"Limit of Protraction","BDRY_COV_S":201503}},
{"type":"Feature","geometry":{"type":"LineString","coordinates":[[-86.9333682796875,25.45116951093752],[-86.93093006562498,25.449608879687503]]},"properties":{"CSB_":348,"CSB_ID":38,"MMS_REGION":"G","BDRY_TYPE_":"L","BDRY_PT_PR":"NG16-08","BDRY_APRV_":"28-FEB-2007","BLOCK_NUMB":"548","BDRY_NAME_":9014,"BDRY_NAME1":"Limit of Protraction","BDRY_COV_S":201503}},
{"type":"Feature","geometry":{"type":"LineString","coordinates":[[-86.93093006562498,25.449608879687503],[-86.88293927031248,25.41887528437502]]},"properties":{"CSB_":349,"CSB_ID":39,"MMS_REGION":"G","BDRY_TYPE_":"L","BDRY_PT_PR":"NG16-08","BDRY_APRV_":"28-FEB-2007","BLOCK_NUMB":"549","BDRY_NAME_":9014,"BDRY_NAME1":"Limit of Protraction","BDRY_COV_S":201503}},
{"type":"Feature","geometry":{"type":"LineString","coordinates":[[-86.88293927031248,25.41887528437502],[-86.86522204374995,25.407521003124998]]},"properties":{"CSB_":350,"CSB_ID":40,"MMS_REGION":"G","BDRY_TYPE_":"L","BDRY_PT_PR":"NG16-08","BDRY_APRV_":"28-FEB-2007","BLOCK_NUMB":"550","BDRY_NAME_":9014,"BDRY_NAME1":"Limit of Protraction","BDRY_COV_S":201503}},
{"type":"Feature","geometry":{"type":"LineString","coordinates":[[-86.86522204374995,25.407521003124998],[-86.83497284062497,25.38812567812505]]},"properties":{"CSB_":351,"CSB_ID":41,"MMS_REGION":"G","BDRY_TYPE_":"L","BDRY_PT_PR":"NG16-08","BDRY_APRV_":"28-FEB-2007","BLOCK_NUMB":"594","BDRY_NAME_":9014,"BDRY_NAME1":"Limit of Protraction","BDRY_COV_S":201503}},
{"type":"Feature","geometry":{"type":"LineString","coordinates":[[-86.83497284062497,25.38812567812505],[-86.79712532499997,25.36384087343754]]},"properties":{"CSB_":352,"CSB_ID":42,"MMS_REGION":"G","BDRY_TYPE_":"L","BDRY_PT_PR":"NG16-08","BDRY_APRV_":"28-FEB-2007","BLOCK_NUMB":"595","BDRY_NAME_":9014,"BDRY_NAME1":"Limit of Protraction","BDRY_COV_S":201503}},
{"type":"Feature","geometry":{"type":"LineString","coordinates":[[-86.79712532499997,25.36384087343754],[-86.78703075781249,25.357360432812527]]},"properties":{"CSB_":353,"CSB_ID":43,"MMS_REGION":"G","BDRY_TYPE_":"L","BDRY_PT_PR":"NG16-08","BDRY_APRV_":"28-FEB-2007","BLOCK_NUMB":"639","BDRY_NAME_":9014,"BDRY_NAME1":"Limit of Protraction","BDRY_COV_S":201503}},
{"type":"Feature","geometry":{"type":"LineString","coordinates":[[-86.78703075781249,25.357360432812527],[-86.73911299999997,25.326579582812542]]},"properties":{"CSB_":354,"CSB_ID":44,"MMS_REGION":"G","BDRY_TYPE_":"L","BDRY_PT_PR":"NG16-08","BDRY_APRV_":"28-FEB-2007","BLOCK_NUMB":"640","BDRY_NAME_":9014,"BDRY_NAME1":"Limit of Protraction","BDRY_COV_S":201503}},
{"type":"Feature","geometry":{"type":"LineString","coordinates":[[-86.73911299999997,25.326579582812542],[-86.72907782499999,25.32012930156253]]},"properties":{"CSB_":355,"CSB_ID":45,"MMS_REGION":"G","BDRY_TYPE_":"L","BDRY_PT_PR":"NG16-08","BDRY_APRV_":"28-FEB-2007","BLOCK_NUMB":"641","BDRY_NAME_":9014,"BDRY_NAME1":"Limit of Protraction","BDRY_COV_S":201503}},
{"type":"Feature","geometry":{"type":"LineString","coordinates":[[-86.72907782499999,25.32012930156253],[-86.69121955156248,25.295783003124996]]},"properties":{"CSB_":356,"CSB_ID":46,"MMS_REGION":"G","BDRY_TYPE_":"L","BDRY_PT_PR":"NG16-08","BDRY_APRV_":"28-FEB-2007","BLOCK_NUMB":"685","BDRY_NAME_":9014,"BDRY_NAME1":"Limit of Protraction","BDRY_COV_S":201503}},
{"type":"Feature","geometry":{"type":"LineString","coordinates":[[-86.69121955156248,25.295783003124996],[-86.66108000156248,25.276386479687517]]},"properties":{"CSB_":357,"CSB_ID":47,"MMS_REGION":"G","BDRY_TYPE_":"L","BDRY_PT_PR":"NG16-08","BDRY_APRV_":"28-FEB-2007","BLOCK_NUMB":"686","BDRY_NAME_":9014,"BDRY_NAME1":"Limit of Protraction","BDRY_COV_S":201503}},
{"type":"Feature","geometry":{"type":"LineString","coordinates":[[-86.66108000156248,25.276386479687517],[-86.64335039062496,25.264970726562524]]},"properties":{"CSB_":358,"CSB_ID":48,"MMS_REGION":"G","BDRY_TYPE_":"L","BDRY_PT_PR":"NG16-08","BDRY_APRV_":"28-FEB-2007","BLOCK_NUMB":"730","BDRY_NAME_":9014,"BDRY_NAME1":"Limit of Protraction","BDRY_COV_S":201503}},
{"type":"Feature","geometry":{"type":"LineString","coordinates":[[-86.64335039062496,25.264970726562524],[-86.59550549531247,25.234142987500036]]},"properties":{"CSB_":359,"CSB_ID":49,"MMS_REGION":"G","BDRY_TYPE_":"L","BDRY_PT_PR":"NG16-08","BDRY_APRV_":"28-FEB-2007","BLOCK_NUMB":"731","BDRY_NAME_":9014,"BDRY_NAME1":"Limit of Protraction","BDRY_COV_S":201503}},
{"type":"Feature","geometry":{"type":"LineString","coordinates":[[-86.59550549531247,25.234142987500036],[-86.59313164374998,25.232612590625024]]},"properties":{"CSB_":360,"CSB_ID":50,"MMS_REGION":"G","BDRY_TYPE_":"L","BDRY_PT_PR":"NG16-08","BDRY_APRV_":"28-FEB-2007","BLOCK_NUMB":"732","BDRY_NAME_":9014,"BDRY_NAME1":"Limit of Protraction","BDRY_COV_S":201503}},
{"type":"Feature","geometry":{"type":"LineString","coordinates":[[-86.59313164374998,25.232612590625024],[-86.55333333281249,25.206944443750047]]},"properties":{"CSB_":361,"CSB_ID":51,"MMS_REGION":"G","BDRY_TYPE_":"L","BDRY_PT_PR":"NG16-08","BDRY_APRV_":"28-FEB-2007","BLOCK_NUMB":"776","BDRY_NAME_":9014,"BDRY_NAME1":"Limit of Protraction","BDRY_COV_S":201503}},
{"type":"Feature","geometry":{"type":"LineString","coordinates":[[-83.00000000156246,23.824767164062507],[-83,23.822777776562532]]},"properties":{"CSB_":362,"CSB_ID":1,"MMS_REGION":"G","BDRY_TYPE_":"O","BDRY_PT_PR":"NF17-01","BDRY_APRV_":"09-SEP-1998","BLOCK_NUMB":"152","BDRY_NAME_":3007,"BDRY_NAME1":"Gulf of Mexico Limit","BDRY_COV_S":201503}},
{"type":"Feature","geometry":{"type":"LineString","coordinates":[[-83.00000000156246,23.824767164062507],[-83,23.868360284375]]},"properties":{"CSB_":363,"CSB_ID":2,"MMS_REGION":"G","BDRY_TYPE_":"O","BDRY_PT_PR":"NF17-01","BDRY_APRV_":"09-SEP-1998","BLOCK_NUMB":"108","BDRY_NAME_":3007,"BDRY_NAME1":"Gulf of Mexico Limit","BDRY_COV_S":201503}},
{"type":"Feature","geometry":{"type":"LineString","coordinates":[[-83,23.868360284375],[-83.00000000156246,23.911953184375022]]},"properties":{"CSB_":364,"CSB_ID":3,"MMS_REGION":"G","BDRY_TYPE_":"O","BDRY_PT_PR":"NF17-01","BDRY_APRV_":"09-SEP-1998","BLOCK_NUMB":"64","BDRY_NAME_":3007,"BDRY_NAME1":"Gulf of Mexico Limit","BDRY_COV_S":201503}},
{"type":"Feature","geometry":{"type":"LineString","coordinates":[[-83.00000000156246,23.911953184375022],[-83.00000000156246,23.955545865625027]]},"properties":{"CSB_":365,"CSB_ID":4,"MMS_REGION":"G","BDRY_TYPE_":"O","BDRY_PT_PR":"NF17-01","BDRY_APRV_":"09-SEP-1998","BLOCK_NUMB":"20","BDRY_NAME_":3007,"BDRY_NAME1":"Gulf of Mexico Limit","BDRY_COV_S":201503}},
{"type":"Feature","geometry":{"type":"LineString","coordinates":[[-83.00000000156246,23.955545865625027],[-83.00000000156246,23.999138326562502]]},"properties":{"CSB_":366,"CSB_ID":6,"MMS_REGION":"G","BDRY_TYPE_":"O","BDRY_PT_PR":"NG17-10","BDRY_APRV_":"01-OCT-2014","BLOCK_NUMB":"988","BDRY_NAME_":3007,"BDRY_NAME1":"Gulf of Mexico Limit","BDRY_COV_S":201503}},
{"type":"Feature","geometry":{"type":"LineString","coordinates":[[-83.00000000156246,23.999138326562502],[-83.00000000156246,24.042730567187505]]},"properties":{"CSB_":367,"CSB_ID":7,"MMS_REGION":"G","BDRY_TYPE_":"O","BDRY_PT_PR":"NG17-10","BDRY_APRV_":"01-OCT-2014","BLOCK_NUMB":"944","BDRY_NAME_":3007,"BDRY_NAME1":"Gulf of Mexico Limit","BDRY_COV_S":201503}},
{"type":"Feature","geometry":{"type":"LineString","coordinates":[[-83.00000000156246,24.042730567187505],[-83,24.086322585937523]]},"properties":{"CSB_":368,"CSB_ID":8,"MMS_REGION":"G","BDRY_TYPE_":"O","BDRY_PT_PR":"NG17-10","BDRY_APRV_":"01-OCT-2014","BLOCK_NUMB":"900","BDRY_NAME_":3007,"BDRY_NAME1":"Gulf of Mexico Limit","BDRY_COV_S":201503}},
{"type":"Feature","geometry":{"type":"LineString","coordinates":[[-83,24.086322585937523],[-83,24.129914384375013]]},"properties":{"CSB_":369,"CSB_ID":9,"MMS_REGION":"G","BDRY_TYPE_":"O","BDRY_PT_PR":"NG17-10","BDRY_APRV_":"01-OCT-2014","BLOCK_NUMB":"856","BDRY_NAME_":3007,"BDRY_NAME1":"Gulf of Mexico Limit","BDRY_COV_S":201503}},
{"type":"Feature","geometry":{"type":"LineString","coordinates":[[-83,24.129914384375013],[-83,24.17350596250003]]},"properties":{"CSB_":370,"CSB_ID":10,"MMS_REGION":"G","BDRY_TYPE_":"O","BDRY_PT_PR":"NG17-10","BDRY_APRV_":"01-OCT-2014","BLOCK_NUMB":"812","BDRY_NAME_":3007,"BDRY_NAME1":"Gulf of Mexico Limit","BDRY_COV_S":201503}},
{"type":"Feature","geometry":{"type":"LineString","coordinates":[[-83,24.17350596250003],[-83.00000000156246,24.217097318750007]]},"properties":{"CSB_":371,"CSB_ID":11,"MMS_REGION":"G","BDRY_TYPE_":"O","BDRY_PT_PR":"NG17-10","BDRY_APRV_":"01-OCT-2014","BLOCK_NUMB":"768","BDRY_NAME_":3007,"BDRY_NAME1":"Gulf of Mexico Limit","BDRY_COV_S":201503}},
{"type":"Feature","geometry":{"type":"LineString","coordinates":[[-83.00000000156246,24.217097318750007],[-83,24.260688453125]]},"properties":{"CSB_":372,"CSB_ID":12,"MMS_REGION":"G","BDRY_TYPE_":"O","BDRY_PT_PR":"NG17-10","BDRY_APRV_":"01-OCT-2014","BLOCK_NUMB":"724","BDRY_NAME_":3007,"BDRY_NAME1":"Gulf of Mexico Limit","BDRY_COV_S":201503}},
{"type":"Feature","geometry":{"type":"LineString","coordinates":[[-83,24.260688453125],[-83.00000000156246,24.304279365625007]]},"properties":{"CSB_":373,"CSB_ID":13,"MMS_REGION":"G","BDRY_TYPE_":"O","BDRY_PT_PR":"NG17-10","BDRY_APRV_":"01-OCT-2014","BLOCK_NUMB":"680","BDRY_NAME_":3007,"BDRY_NAME1":"Gulf of Mexico Limit","BDRY_COV_S":201503}},
{"type":"Feature","geometry":{"type":"LineString","coordinates":[[-83.00000000156246,24.304279365625007],[-83.00000000156246,24.34787005625003]]},"properties":{"CSB_":374,"CSB_ID":14,"MMS_REGION":"G","BDRY_TYPE_":"O","BDRY_PT_PR":"NG17-10","BDRY_APRV_":"01-OCT-2014","BLOCK_NUMB":"636","BDRY_NAME_":3007,"BDRY_NAME1":"Gulf of Mexico Limit","BDRY_COV_S":201503}},
{"type":"Feature","geometry":{"type":"LineString","coordinates":[[-83.00000000156246,24.34787005625003],[-82.99999999843749,24.391460521875047]]},"properties":{"CSB_":375,"CSB_ID":15,"MMS_REGION":"G","BDRY_TYPE_":"O","BDRY_PT_PR":"NG17-10","BDRY_APRV_":"01-OCT-2014","BLOCK_NUMB":"592","BDRY_NAME_":3007,"BDRY_NAME1":"Gulf of Mexico Limit","BDRY_COV_S":201503}},
{"type":"Feature","geometry":{"type":"LineString","coordinates":[[-82.99999999843749,24.391460521875047],[-83,24.425315400000045],[-83,24.43505076562502]]},"properties":{"CSB_":376,"CSB_ID":16,"MMS_REGION":"G","BDRY_TYPE_":"O","BDRY_PT_PR":"NG17-10","BDRY_APRV_":"01-OCT-2014","BLOCK_NUMB":"548","BDRY_NAME_":3007,"BDRY_NAME1":"Gulf of Mexico Limit","BDRY_COV_S":201503}},
{"type":"Feature","geometry":{"type":"LineString","coordinates":[[-83,24.43505076562502],[-83,24.477896604687544]]},"properties":{"CSB_":377,"CSB_ID":17,"MMS_REGION":"G","BDRY_TYPE_":"O","BDRY_PT_PR":"NG17-10","BDRY_APRV_":"01-OCT-2014","BLOCK_NUMB":"504","BDRY_NAME_":3007,"BDRY_NAME1":"Gulf of Mexico Limit","BDRY_COV_S":201503}},
{"type":"Feature","geometry":{"type":"LineString","coordinates":[[-82.65675480781249,24.58333334218753],[-82.6479155359375,24.58333334218753]]},"properties":{"CSB_":378,"CSB_ID":19,"MMS_REGION":"G","BDRY_TYPE_":"O","BDRY_PT_PR":"NG17-10","BDRY_APRV_":"01-OCT-2014","BLOCK_NUMB":"371","BDRY_NAME_":3007,"BDRY_NAME1":"Gulf of Mexico Limit","BDRY_COV_S":201503}},
{"type":"Feature","geometry":{"type":"LineString","coordinates":[[-82.6479155359375,24.58333334218753],[-82.60024336718749,24.583333339062506]]},"properties":{"CSB_":379,"CSB_ID":20,"MMS_REGION":"G","BDRY_TYPE_":"O","BDRY_PT_PR":"NG17-10","BDRY_APRV_":"01-OCT-2014","BLOCK_NUMB":"372","BDRY_NAME_":3007,"BDRY_NAME1":"Gulf of Mexico Limit","BDRY_COV_S":201503}},
{"type":"Feature","geometry":{"type":"LineString","coordinates":[[-82.60024336718749,24.583333339062506],[-82.5974720390625,24.583333339062506],[-82.55257046874999,24.583333345312496]]},"properties":{"CSB_":380,"CSB_ID":21,"MMS_REGION":"G","BDRY_TYPE_":"O","BDRY_PT_PR":"NG17-10","BDRY_APRV_":"01-OCT-2014","BLOCK_NUMB":"373","BDRY_NAME_":3007,"BDRY_NAME1":"Gulf of Mexico Limit","BDRY_COV_S":201503}},
{"type":"Feature","geometry":{"type":"LineString","coordinates":[[-82.55257046874999,24.583333345312496],[-82.5048968625,24.583333331250003]]},"properties":{"CSB_":381,"CSB_ID":22,"MMS_REGION":"G","BDRY_TYPE_":"O","BDRY_PT_PR":"NG17-10","BDRY_APRV_":"01-OCT-2014","BLOCK_NUMB":"374","BDRY_NAME_":3007,"BDRY_NAME1":"Gulf of Mexico Limit","BDRY_COV_S":201503}},
{"type":"Feature","geometry":{"type":"LineString","coordinates":[[-82.5048968625,24.583333331250003],[-82.45722257031247,24.583333325000012]]},"properties":{"CSB_":382,"CSB_ID":23,"MMS_REGION":"G","BDRY_TYPE_":"O","BDRY_PT_PR":"NG17-10","BDRY_APRV_":"01-OCT-2014","BLOCK_NUMB":"375","BDRY_NAME_":3007,"BDRY_NAME1":"Gulf of Mexico Limit","BDRY_COV_S":201503}},
{"type":"Feature","geometry":{"type":"LineString","coordinates":[[-82.45722257031247,24.583333325000012],[-82.40954761406249,24.583333329687548]]},"properties":{"CSB_":383,"CSB_ID":24,"MMS_REGION":"G","BDRY_TYPE_":"O","BDRY_PT_PR":"NG17-10","BDRY_APRV_":"01-OCT-2014","BLOCK_NUMB":"376","BDRY_NAME_":3007,"BDRY_NAME1":"Gulf of Mexico Limit","BDRY_COV_S":201503}},
{"type":"Feature","geometry":{"type":"LineString","coordinates":[[-82.40954761406249,24.583333329687548],[-82.38329238124999,24.58333333750005],[-82.36187201562495,24.58333334218753]]},"properties":{"CSB_":384,"CSB_ID":25,"MMS_REGION":"G","BDRY_TYPE_":"O","BDRY_PT_PR":"NG17-10","BDRY_APRV_":"01-OCT-2014","BLOCK_NUMB":"377","BDRY_NAME_":3007,"BDRY_NAME1":"Gulf of Mexico Limit","BDRY_COV_S":201503}},
{"type":"Feature","geometry":{"type":"LineString","coordinates":[[-82.36187201562495,24.58333334218753],[-82.3280309609375,24.58333334218753]]},"properties":{"CSB_":385,"CSB_ID":26,"MMS_REGION":"G","BDRY_TYPE_":"O","BDRY_PT_PR":"NG17-10","BDRY_APRV_":"01-OCT-2014","BLOCK_NUMB":"378","BDRY_NAME_":3007,"BDRY_NAME1":"Gulf of Mexico Limit","BDRY_COV_S":201503}}
]}