{"type":"FeatureCollection", "features": [
{"type":"Feature","geometry":{"type":"Polygon","coordinates":[[[-93.56668226499994,29.58022331400008],[-93.56668190999994,29.558182060000036],[-93.56668189499999,29.55722601800005],[-93.56668172399998,29.546607659000074],[-93.55943413999995,29.548173982000037],[-93.55072118099997,29.55005698900004],[-93.52132505899999,29.556545482000047],[-93.47716913099998,29.566041434000056],[-93.46105035499994,29.56486820300006],[-93.45993386999999,29.564770707000037],[-93.45180808099997,29.564061137000067],[-93.43866135699994,29.56275137700004],[-93.39199758199999,29.558102216000066],[-93.37979784599997,29.557002156000067],[-93.34999045399996,29.554586666000034],[-93.34999045399996,29.55459866600006],[-93.34999078499999,29.573863734000042],[-93.34999147499997,29.613926740000068],[-93.34999147999997,29.614237354000068],[-93.34999179599998,29.632604281000056],[-93.34999179899995,29.63274738800004],[-93.35685906799995,29.625481104000073],[-93.35764605299994,29.62527988800008],[-93.35767205199994,29.62527318800005],[-93.37942723699996,29.62052069600003],[-93.39805488699994,29.616745576000028],[-93.45196627699994,29.605742857000052],[-93.46943454799998,29.60197845400006],[-93.48508065199997,29.59855218200005],[-93.49572495199999,29.596221298000046],[-93.50929551799999,29.593326626000078],[-93.51428433399997,29.59216077600007],[-93.54323435999999,29.585985092000044],[-93.54963965399998,29.58454845800003],[-93.56668227499995,29.580875442000035],[-93.56668226499994,29.58022331400008]]]},"properties":{"OBJL":"152","THEMELAYER":"Traffic Separation Schemes/Traffic Lanes","INFORM":"Safety fairway, drilling restricted, 33 CFR 166.200","OBJNAM":"","Shape_Leng":0.556242341027,"Shape_Area":0.00985830987384}},
{"type":"Feature","geometry":{"type":"Polygon","coordinates":[[[-93.77716504899996,29.599989037000057],[-93.78385567099997,29.605805885000052],[-93.78738207599997,29.608871769000075],[-93.79049731099997,29.613016794000032],[-93.79079660399998,29.613414916000067],[-93.80030499999998,29.625941798000042],[-93.80348742999996,29.630134526000063],[-93.81016438099994,29.63895420700004],[-93.81479269499994,29.64656530600007],[-93.81972867499996,29.644808598000054],[-93.82180138299998,29.644070894000038],[-93.82208286999997,29.643970694000075],[-93.82293573199996,29.643667192000066],[-93.82368309899994,29.643401191000066],[-93.82264181299996,29.641222181000046],[-93.82078703799999,29.637340984000048],[-93.80715030399995,29.608790440000064],[-93.80572552099994,29.60580748900003],[-93.80443663499994,29.603108753000072],[-93.80300244899996,29.59998939600007],[-93.80293325199995,29.599989395000023],[-93.79626510999998,29.59998930200004],[-93.79552923799997,29.599989292000032],[-93.77716504899996,29.599989037000057]]]},"properties":{"OBJL":"152","THEMELAYER":"Traffic Separation Schemes/Traffic Lanes","INFORM":"Safety fairway, drilling restricted, 33 CFR 166.200","OBJNAM":"","Shape_Leng":0.143542673884,"Shape_Area":0.000738583411234}},
{"type":"Feature","geometry":{"type":"Polygon","coordinates":[[[-93.80572234399995,29.599989434000065],[-93.80639183699998,29.60143880700008],[-93.80714652899997,29.603072289000067],[-93.81109558399999,29.611340907000056],[-93.81884028899998,29.627553927000065],[-93.81884178899998,29.627557127000046],[-93.82112095999997,29.632328469000072],[-93.82146525599995,29.633047205000025],[-93.82293983699998,29.63613366100003],[-93.82601529599998,29.64257108700008],[-93.82793790999995,29.64188688400003],[-93.82852758399997,29.641676983000025],[-93.82933944799998,29.64138808200005],[-93.83129196199997,29.64069317900004],[-93.83147695299994,29.640627278000068],[-93.83316957799997,29.64002487500005],[-93.83255247599999,29.637824270000067],[-93.83123886999994,29.63313974600004],[-93.83109356899996,29.632621421000067],[-93.82449872199999,29.60825675800004],[-93.82240859799998,29.599989666000056],[-93.81887693499999,29.599989617000062],[-93.81818796099998,29.599989607000055],[-93.80592103599997,29.599989437000033],[-93.80572234399995,29.599989434000065]]]},"properties":{"OBJL":"152","THEMELAYER":"Traffic Separation Schemes/Traffic Lanes","INFORM":"Safety fairway, drilling restricted, 33 CFR 166.200","OBJNAM":"","Shape_Leng":0.112907951126,"Shape_Area":0.000509641413218}},
{"type":"Feature","geometry":{"type":"Polygon","coordinates":[[[-94.43214741599996,29.156743004000077],[-94.43210439599994,29.156783843000028],[-94.43199731999994,29.15670280300003],[-94.42970037199996,29.158807067000055],[-94.50187251499995,29.21360926500006],[-94.56506002399999,29.261589162000064],[-94.56508862299995,29.26156436200006],[-94.56762878699999,29.259354402000042],[-94.56732798699994,29.259126742000035],[-94.56741339499996,29.259041593000063],[-94.56636422499997,29.25824816900007],[-94.56409229199994,29.25652991800007],[-94.50392987899994,29.211030402000063],[-94.48218673599996,29.194586565000066],[-94.47503195899998,29.189175559000034],[-94.43214741599996,29.156743004000077]]]},"properties":{"OBJL":"150","THEMELAYER":"Traffic Separation Schemes","INFORM":"","OBJNAM":"","Shape_Leng":0.3467646338,"Shape_Area":0.000558949747814}},
{"type":"Feature","geometry":{"type":"Polygon","coordinates":[[[-90.01033329799998,28.87022189700008],[-90.01027919899997,28.86986088100008],[-90.01005071699996,28.869181961000038],[-90.00970423899997,28.868543041000066],[-90.00924856399996,28.867959520000056],[-90.00869468999997,28.86744600000003],[-90.00805651899998,28.867015081000034],[-90.00734964799994,28.866677364000054],[-90.00659137699995,28.866441149000025],[-90.00580050599996,28.866312235000066],[-90.00499643299997,28.86629382500007],[-90.00419905799998,28.866386517000024],[-90.00342788099994,28.866587713000058],[-90.00270210099995,28.866892711000048],[-90.00203931699997,28.86729381300006],[-90.00184778199997,28.86745386800004],[-90.00083104399994,28.868134619000045],[-90.00014434799994,28.869295840000063],[-89.99976494399993,28.870441065000023],[-89.99963843399996,28.871379588000025],[-89.99977392099998,28.871848800000066],[-90.00017139099998,28.872803228000066],[-90.00047857199996,28.873391747000028],[-90.00098454399995,28.874027969000053],[-90.00177960599996,28.874791498000036],[-90.00329744299995,28.875507336000055],[-90.00443590099997,28.875745856000037],[-90.00584535399997,28.875745874000074],[-90.00694761899996,28.875570983000046],[-90.00799569199995,28.875093784000057],[-90.00862807599998,28.874712083000077],[-90.00935086299995,28.87402807500007],[-90.00973035799996,28.87353816700005],[-90.00989305599995,28.873328264000065],[-90.01041705899996,28.87202393700005],[-90.01041707199994,28.871228617000043],[-90.01038387699998,28.87058004200003],[-90.01038438399996,28.870562800000073],[-90.01038227399994,28.870548719000055],[-90.01037188799995,28.87034579400006],[-90.01033329799998,28.87022189700008]]]},"properties":{"OBJL":"112","THEMELAYER":"Area to be Avoided","INFORM":"Anchoring in the vicinity of the LOOP marine pipelines must be avoided . Anchoring near these submerged lines may result in damage to the anchor or pipelines.","OBJNAM":"","Shape_Leng":0.0318481954794,"Shape_Area":0.0000797297856351}},
{"type":"Feature","geometry":{"type":"Polygon","coordinates":[[[-90.00560259899999,28.90517136400007],[-90.00563598799994,28.905295516000024],[-90.00580975899999,28.905553315000077],[-90.00582017799996,28.905572525000025],[-90.00583860399996,28.905596109000044],[-90.00630574999997,28.90628914900003],[-90.00720520699997,28.907063780000044],[-90.00808556899995,28.90756910400006],[-90.00942521699994,28.90802373300005],[-90.01036298399998,28.90809114700005],[-90.01147294699996,28.90804066000004],[-90.01242981899998,28.907788066000023],[-90.01331019499997,28.907400667000047],[-90.01432447299999,28.906642861000023],[-90.01487956499994,28.90600295200005],[-90.01531965999999,28.905362941000078],[-90.01556846399995,28.904622026000027],[-90.01568337099997,28.903931510000064],[-90.01568338499999,28.903038887000037],[-90.01551110499997,28.902196764000053],[-90.01519532599997,28.901531543000033],[-90.01471695399994,28.90077371800004],[-90.01389399399994,28.900032588000045],[-90.01330071999996,28.899645271000054],[-90.01293331699998,28.899477355000045],[-90.01234245999996,28.899195148000047],[-90.01158408899994,28.89895903200005],[-90.01079321799995,28.898830119000024],[-90.00998914499996,28.89881180800006],[-90.00919187099998,28.898904300000027],[-90.00842069299995,28.89910549500007],[-90.00769481299994,28.89941039400003],[-90.00703202899996,28.89981149500005],[-90.00644864099996,28.90029880000003],[-90.00595914799999,28.90086050800005],[-90.00557555099994,28.901482619000035],[-90.00530724999999,28.902149832000077],[-90.00516084399999,28.902845848000027],[-90.00513993299995,28.903553465000073],[-90.00524511799995,28.904255084000056],[-90.00547369999998,28.90493370400003],[-90.00560259899999,28.90517136400007]]]},"properties":{"OBJL":"112","THEMELAYER":"Area to be Avoided","INFORM":"Anchoring in the vicinity of the LOOP marine pipelines must be avoided . Anchoring near these submerged lines may result in damage to the anchor or pipelines.","OBJNAM":"","Shape_Leng":0.0312094337646,"Shape_Area":0.0000767288514585}},
{"type":"Feature","geometry":{"type":"Polygon","coordinates":[[[-90.02854642599999,28.863525829000025],[-90.02867329199995,28.862922036000043],[-90.02869420199994,28.862214218000076],[-90.02858911699997,28.86151219900006],[-90.02836043599996,28.860833179000053],[-90.02801405799994,28.86019415900006],[-90.02755838199994,28.85961063800005],[-90.02700460899996,28.859097218000045],[-90.02636633799995,28.858666199000027],[-90.02565946699997,28.858328482000047],[-90.02490129599994,28.858092267000075],[-90.02411032499998,28.857963253000037],[-90.02330635199996,28.857944943000064],[-90.02250887699995,28.85803743500003],[-90.02173779999998,28.85823873100003],[-90.02101181899997,28.858543729000075],[-90.02034913499995,28.858944931000053],[-90.01976584699997,28.859432436000077],[-90.01975040399998,28.859450164000066],[-90.01933305599994,28.85978214000005],[-90.01852496299995,28.861033961000032],[-90.01827705299996,28.862158887000078],[-90.01821983899998,28.86314941100005],[-90.01841051599996,28.86417343900007],[-90.01892538499999,28.86506326800003],[-90.01934496199999,28.865583687000026],[-90.02029841799998,28.866322317000026],[-90.02111838399998,28.866775639000025],[-90.02252962999995,28.867161767000027],[-90.02342589799997,28.86726248000008],[-90.02375818799999,28.86723208400008],[-90.02434126899999,28.867178590000037],[-90.02571432899998,28.866792497000063],[-90.02666780599998,28.866204894000077],[-90.02771668599996,28.865298384000027],[-90.02823158199999,28.86444216900003],[-90.02853678399998,28.86365315300003],[-90.02854642599999,28.863525829000025]]]},"properties":{"OBJL":"112","THEMELAYER":"Area to be Avoided","INFORM":"Anchoring in the vicinity of the LOOP marine pipelines must be avoided . Anchoring near these submerged lines may result in damage to the anchor or pipelines.","OBJNAM":"","Shape_Leng":0.0311108863029,"Shape_Area":0.0000762249723473}},
{"type":"Feature","geometry":{"type":"Polygon","coordinates":[[[-90.04600972999998,28.865580673000068],[-90.04592437099996,28.86550151800003],[-90.04569405299998,28.86534602300003],[-90.04534289699995,28.86508500000008],[-90.04471462299995,28.864763784000047],[-90.04384305699995,28.86447826500006],[-90.04280939499995,28.864281947000052],[-90.04205942099998,28.864246337000054],[-90.04110684899996,28.864442530000076],[-90.04005288099995,28.864710224000078],[-90.03923189799997,28.86534363000004],[-90.03864411099994,28.865736132000052],[-90.03785362299999,28.86664614600005],[-90.03740771999998,28.86777026900006],[-90.03722530199997,28.869286905000024],[-90.03740768399996,28.87001842600006],[-90.03777255799997,28.870874852000043],[-90.03835012499997,28.871704480000062],[-90.03887709999998,28.872150598000076],[-90.03958656699996,28.872703621000028],[-90.04072152199996,28.873167548000026],[-90.04169448599998,28.873363865000044],[-90.04264705299994,28.873399578000033],[-90.04372131899999,28.87329248800006],[-90.04469419199995,28.872935692000055],[-90.04477446499999,28.87288226800007],[-90.04505918199999,28.872762692000038],[-90.04572186699994,28.87236149000006],[-90.04630515499997,28.871873985000036],[-90.04679464699996,28.87131217700005],[-90.04717834499996,28.870689866000077],[-90.04744674599999,28.870022452000057],[-90.04759305299996,28.86932613600004],[-90.04761396299995,28.868618318000074],[-90.04750887799997,28.867916299000058],[-90.04728019699996,28.86723747900004],[-90.04693381899995,28.866598458000055],[-90.04647814399999,28.866015038000057],[-90.04635924799999,28.865904784000065],[-90.04625505499996,28.86576302800006],[-90.04600972999998,28.865580673000068]]]},"properties":{"OBJL":"112","THEMELAYER":"Area to be Avoided","INFORM":"Anchoring in the vicinity of the LOOP marine pipelines must be avoided . Anchoring near these submerged lines may result in damage to the anchor or pipelines.","OBJNAM":"","Shape_Leng":0.0306694038513,"Shape_Area":0.0000739950349669}},
{"type":"Feature","geometry":{"type":"Polygon","coordinates":[[[-90.00334816899993,28.884584477000033],[-90.00314310599998,28.884394357000076],[-90.00250493499999,28.883963538000046],[-90.00179786399997,28.883625821000066],[-90.00103969299994,28.883389605000048],[-90.00024882199995,28.88326069200008],[-89.99944475299998,28.883242385000074],[-89.99864738299999,28.883334882000042],[-89.99857526299996,28.883353707000026],[-89.99832499499996,28.88337818100007],[-89.99721483399998,28.883733482000025],[-89.99598346999994,28.884550794000063],[-89.99527698499998,28.88533250900008],[-89.99470169599994,28.88608752400006],[-89.99447959199995,28.886904843000025],[-89.99441907599999,28.888077372000055],[-89.99462084899994,28.889232203000063],[-89.99514570799994,28.890493538000044],[-89.99579157199997,28.89113315900005],[-89.99682101799999,28.891950386000076],[-89.99785047099994,28.892359003000024],[-89.99900112099994,28.892625418000023],[-90.00059576099994,28.892607732000045],[-90.00176652599998,28.892341240000064],[-90.00263450299997,28.891914840000027],[-90.00371447999999,28.891088833000026],[-90.00444116499995,28.890484727000057],[-90.00466316399996,28.890093920000027],[-90.00480446899996,28.889472106000028],[-90.00492558499997,28.888246277000064],[-90.00484490599996,28.887091447000046],[-90.00476841199998,28.88688934100003],[-90.00464523799997,28.886564140000075],[-90.00449903299995,28.886130018000074],[-90.00443859699999,28.88601857200007],[-90.00442103799998,28.88597221300006],[-90.00437501699997,28.885901328000045],[-90.00415255499996,28.885491098000045],[-90.00369687899996,28.884907777000024],[-90.00335674799999,28.884592431000044],[-90.00335119599998,28.884586365000075],[-90.00334816899993,28.884584477000033]]]},"properties":{"OBJL":"112","THEMELAYER":"Area to be Avoided","INFORM":"Anchoring in the vicinity of the LOOP marine pipelines must be avoided . Anchoring near these submerged lines may result in damage to the anchor or pipelines.","OBJNAM":"","Shape_Leng":0.0315886381387,"Shape_Area":0.0000783782602737}},
{"type":"Feature","geometry":{"type":"Polygon","coordinates":[[[-93.07236273199999,28.087744310000062],[-93.07236273799998,28.087399203000075],[-93.07234064999994,28.086709289000055],[-93.07228896199996,28.086020675000043],[-93.07220787599994,28.08533416100005],[-93.07209748999998,28.084650948000046],[-93.07195790499998,28.08397193500008],[-93.07187731299996,28.083634328000073],[-93.07169442899999,28.082963516000063],[-93.07159223699995,28.08263050900007],[-93.07136655499994,28.08196989700008],[-93.07124316299996,28.081642591000048],[-93.07097548199994,28.080994580000038],[-93.07083129099999,28.080673974000035],[-93.07052240999997,28.080040463000046],[-93.07018662999997,28.07941775300003],[-93.07000883999996,28.079110847000038],[-93.06963365999997,28.078506137000034],[-93.06932717599994,28.078050630000064],[-93.06902309199995,28.077623723000045],[-93.06880710199994,28.07733661900005],[-93.06858511299998,28.077053215000035],[-93.06812293499996,28.076497906000043],[-93.06763735799996,28.075958498000034],[-93.06738596899999,28.07569509500007],[-93.06712898099994,28.07543589100004],[-93.06659870399994,28.074930684000037],[-93.06604712699999,28.074443778000045],[-93.06576363899995,28.07420737500007],[-93.06547515099999,28.07397577200004],[-93.06488347499999,28.073527367000054],[-93.06458058699997,28.073310665000065],[-93.06396121099999,28.072892860000024],[-93.06332433599994,28.072496157000046],[-93.06299964799996,28.072305955000047],[-93.06267095999999,28.07212115300007],[-93.06200198499994,28.071768551000048],[-93.06166199699999,28.07160065000005],[-93.06097152199999,28.071282348000068],[-93.06026784599999,28.07098744700005],[-93.05991145899998,28.07084894600007],[-93.05918998299995,28.070590046000063],[-93.05882529499996,28.070469846000037],[-93.05845810699998,28.070355646000053],[-93.05771663199994,28.07014614700006],[-93.05696675599995,28.06996164800006],[-93.05658896799997,28.069878949000042],[-93.05620947999995,28.069802550000077],[-93.05544590299996,28.06966905300004],[-93.05467722699996,28.069561356000065],[-93.05429133799998,28.069517258000076],[-93.05351696099996,28.069448562000048],[-93.05312887199995,28.06942406400003],[-93.05235139499996,28.069394569000053],[-93.05196230599995,28.069389672000057],[-93.05157321699994,28.069391274000054],[-93.05079543799997,28.069414180000024],[-93.05001915899999,28.069463287000076],[-93.04963196899996,28.069497590000026],[-93.04886018999997,28.06958579700006],[-93.04847579899996,28.069639601000063],[-93.04771091899994,28.069766609000055],[-93.04733062799994,28.069839813000044],[-93.04695193799995,28.069919318000075],[-93.04620015599994,28.070097427000064],[-93.04545647299994,28.070300736000036],[-93.04508798199998,28.070411741000044],[-93.04446209599996,28.070617150000032],[-93.04399780599994,28.07078175600003],[-93.04363991399998,28.070917262000023],[-93.04293322899997,28.07120627300003],[-93.04223934299995,28.071518884000056],[-93.04189754999999,28.07168389000003],[-93.04122486299997,28.07203090200005],[-93.04089426899998,28.07221290800004],[-93.04024488099998,28.072593420000032],[-93.03992648699995,28.07279182700006],[-93.03961229199996,28.07299553300004],[-93.03899740199995,28.073418546000028],[-93.03869680699995,28.07363775300007],[-93.03811011599998,28.07409126700003],[-93.03782401999996,28.074325273000056],[-93.03743812499994,28.074656783000023],[-93.03699683099995,28.07505569400007],[-93.03673163399998,28.07530820200003],[-93.03621763999996,28.07582661600003],[-93.03572634399995,28.076361831000042],[-93.03525824799999,28.07691324500007],[-93.03481405099996,28.077479960000062],[-93.03439445299995,28.07806127500004],[-93.03400005399999,28.078656291000073],[-93.03381245399999,28.078958698000065],[-93.03345685399995,28.07957271300006],[-93.03312775299997,28.080198129000053],[-93.03282565099994,28.080834244000073],[-93.03255104699997,28.081480060000047],[-93.03230424299994,28.082134675000077],[-93.03208563799996,28.082797090000042],[-93.03189553199996,28.08346640600007],[-93.03181122899997,28.083803313000033],[-93.03166442199995,28.08448112800005],[-93.03161891899998,28.08474463400006],[-93.03154671399994,28.085163343000033],[-93.03145820399999,28.085849058000065],[-93.03142499999996,28.086192866000033],[-93.03138068899995,28.086881980000044],[-93.03136597799994,28.087571995000076],[-93.03138056599994,28.088262109000027],[-93.03142465299999,28.088951223000038],[-93.03149823999996,28.08963823700003],[-93.03160112499995,28.090322351000054],[-93.03170771299995,28.090870761000076],[-93.03173330999994,28.091002564000064],[-93.03189449399997,28.09167777700003],[-93.03198598599994,28.092013183000063],[-93.03219036899998,28.09267909600004],[-93.03242315199998,28.09333760800007],[-93.03268383399995,28.09398791900003],[-93.03297221499997,28.094628931000045],[-93.03328789499994,28.095259742000053],[-93.03363027499995,28.095879452000077],[-93.03399895499996,28.09648726200004],[-93.03439333399996,28.097082172000057],[-93.03481291299994,28.097663381000075],[-93.03503200199998,28.09794858500004],[-93.03548817999996,28.098507694000034],[-93.03596795699997,28.099051002000067],[-93.03647073399998,28.099577709000073],[-93.03699561099995,28.100087216000077],[-93.03754198799999,28.100578623000047],[-93.03810896399995,28.10105132800004],[-93.03869573999998,28.101504634000037],[-93.03930151599997,28.101937839000072],[-93.03992539199999,28.102350243000046],[-93.04056646799995,28.10274144600004],[-93.04122384299995,28.103110749000052],[-93.04155843099994,28.103287051000052],[-93.04223840699996,28.10362265300006],[-93.04293228199998,28.10393505500008],[-93.04363905799994,28.104223856000033],[-93.04435763399994,28.104488656000058],[-93.04508710899995,28.104729156000076],[-93.04545549699998,28.104840156000023],[-93.04619917299999,28.105043355000078],[-93.04695104899997,28.10522145300007],[-93.04771002599995,28.10537405100007],[-93.04847490299994,28.105501048000065],[-93.04924467999996,28.105602145000034],[-93.05001825699998,28.105677341000046],[-93.05079453499997,28.105726436000054],[-93.05157231299995,28.105749331000027],[-93.05235049099997,28.105746026000077],[-93.05273937999999,28.105734623000046],[-93.05351615999996,28.105692016000035],[-93.05429043899994,28.105623410000078],[-93.05506131999994,28.105528702000072],[-93.05544510999994,28.105471598000065],[-93.05620859099997,28.105338190000055],[-93.05696587299997,28.10517918100004],[-93.05734176399994,28.10509017700008],[-93.05808764599999,28.104893168000046],[-93.05845723799996,28.104785263000053],[-93.05918922099994,28.104550953000057],[-93.05955131299999,28.104424548000054],[-93.06026709799994,28.104153737000047],[-93.06097068299994,28.103858926000044],[-93.06166126999995,28.103540714000076],[-93.06233765599995,28.10319940200003],[-93.06267024999994,28.103020296000068],[-93.06332363799999,28.10264548400005],[-93.06364423299999,28.102449878000073],[-93.06427252199995,28.102042665000056],[-93.06488291199997,28.10161455100007],[-93.06547450299996,28.101166238000076],[-93.06604659499999,28.100698324000064],[-93.06632499099999,28.10045721700004],[-93.06659808699999,28.100211510000065],[-93.06712848099994,28.099706496000067],[-93.06763687599994,28.099183982000056],[-93.06788257299996,28.098916374000055],[-93.06835656899995,28.098368959000027],[-93.06880676599997,28.09780614500005],[-93.06923256299996,28.09722843000003],[-93.06943616299998,28.09693432200004],[-93.06982416199997,28.09633610700007],[-93.07000856099995,28.096032199000035],[-93.07035756199997,28.095415384000034],[-93.07052206199995,28.095102676000067],[-93.07083096399998,28.094469161000063],[-93.07097516599998,28.094148653000047],[-93.07124286899995,28.093500638000023],[-93.07148267299999,28.092844023000055],[-93.07159197499999,28.092512815000077],[-93.07178928099995,28.091845200000023],[-93.07195778699997,28.09117148400003],[-93.07209739399997,28.090492469000026],[-93.07220780199998,28.089809254000045],[-93.07228891099999,28.089122840000073],[-93.07234062099997,28.08843422500007],[-93.07236273199999,28.087744310000062]]]},"properties":{"OBJL":"112","THEMELAYER":"Area to be Avoided","INFORM":"","OBJNAM":"","Shape_Leng":0.121619254455,"Shape_Area":0.00117059880121}},
{"type":"Feature","geometry":{"type":"Polygon","coordinates":[[[-90.02996877599998,28.88815854300003],[-90.03017143899996,28.887925989000053],[-90.03063393599996,28.88717607600006],[-90.03095723799998,28.88637176000003],[-90.03113374499998,28.885532641000054],[-90.03115885799997,28.884679719000076],[-90.03103217599994,28.883833796000033],[-90.03075669799995,28.883015672000056],[-90.03033912499995,28.882245647000047],[-90.02978985499999,28.881542422000052],[-90.02912238699997,28.88092369800006],[-90.02835322099997,28.880404275000046],[-90.02750115699996,28.879997354000068],[-90.02658729199999,28.87971263600008],[-90.02563402699997,28.87955732000006],[-90.02466495899995,28.87953520700006],[-90.02457776199998,28.879545306000068],[-90.02370388999998,28.879646698000045],[-90.02277441699994,28.879889192000064],[-90.02189954099998,28.880256790000033],[-90.02110075999997,28.880740192000076],[-90.02039767399998,28.881327698000064],[-90.02039307399997,28.88133299800006],[-90.01982247799998,28.881987732000027],[-90.01956988799998,28.88219771000007],[-90.01939152499995,28.882679868000025],[-90.01934538699999,28.882754721000026],[-90.01902188499997,28.883559137000077],[-90.01884547699996,28.88439815600003],[-90.01883950899997,28.88460004500007],[-90.01880367299998,28.88476676500005],[-90.01883081299997,28.884894246000044],[-90.01882026499999,28.885251078000067],[-90.01883526199998,28.885351480000054],[-90.01894704699998,28.886097001000053],[-90.01922262399995,28.88691512500003],[-90.01964009799997,28.88768525000006],[-90.02018926799997,28.88838827400008],[-90.02039666199994,28.888580525000066],[-90.02049105199995,28.88874058700003],[-90.02133011299998,28.889447116000042],[-90.02240646699994,28.890009043000077],[-90.02390230999998,28.89044257300003],[-90.02537995799997,28.890570995000076],[-90.02686671299995,28.890274007000073],[-90.02777878799998,28.889920809000046],[-90.02882616299996,28.889240906000055],[-90.02918145499996,28.889010304000067],[-90.02923815399998,28.888973504000035],[-90.02954783399997,28.888631083000064],[-90.02958144799999,28.888602999000057],[-90.02979894799995,28.888353419000055],[-90.02994964199996,28.888186793000045],[-90.02996877599998,28.88815854300003]]]},"properties":{"OBJL":"112","THEMELAYER":"Area to be Avoided","INFORM":"","OBJNAM":"","Shape_Leng":0.0366825735577,"Shape_Area":0.000106049569936}},
{"type":"Feature","geometry":{"type":"Polygon","coordinates":[[[-90.05378797899994,28.881770972000027],[-90.05364524999999,28.881642827000064],[-90.05357895299994,28.881583324000076],[-90.05290168199997,28.881235607000065],[-90.05235620399998,28.88095409300007],[-90.05126504499998,28.880689172000075],[-90.05032447699995,28.88067256000005],[-90.04934620999995,28.880672548000064],[-90.04844323599997,28.880970544000036],[-90.04786004999994,28.88128514400006],[-90.04682537399998,28.88199714900003],[-90.04607288499994,28.882858162000048],[-90.04547088899994,28.883901381000044],[-90.04528277899999,28.884911404000036],[-90.04533915899998,28.885987632000024],[-90.04569663099994,28.88703076300004],[-90.04593171599998,28.887469578000037],[-90.04632679399998,28.887999396000055],[-90.04715445499994,28.888694824000027],[-90.04781292499996,28.88912524400007],[-90.04864059099998,28.889539265000053],[-90.04997634099999,28.889804189000074],[-90.05112070399997,28.889748202000078],[-90.05133079699999,28.88973790400007],[-90.05238426499994,28.889489611000045],[-90.05285598299997,28.889244287000054],[-90.05309204699995,28.88914511100006],[-90.05375473099997,28.88874400900005],[-90.05433801999999,28.88825660400005],[-90.05482751199997,28.88769499600005],[-90.05488215499997,28.88760636300003],[-90.05488631199995,28.887602095000034],[-90.05489461199994,28.887586157000044],[-90.05521110899997,28.887072785000043],[-90.05547951099999,28.88640537200007],[-90.05554767199999,28.886081287000025],[-90.05563881499995,28.885813858000063],[-90.05564822899998,28.88496113700006],[-90.05562633399995,28.884864777000075],[-90.05554164299997,28.884299619000046],[-90.05531306199998,28.88362089800006],[-90.05496668399996,28.882981978000032],[-90.05451090899999,28.882398657000067],[-90.05395713499996,28.88188513700004],[-90.05378797899994,28.881770972000027]]]},"properties":{"OBJL":"112","THEMELAYER":"Area to be Avoided","INFORM":"Anchoring in the vicinity of the LOOP marine pipelines must be avoided . Anchoring near these submerged lines may result in damage to the anchor or pipelines.","OBJNAM":"","Shape_Leng":0.0306724277793,"Shape_Area":0.0000740622582111}},
{"type":"Feature","geometry":{"type":"Polygon","coordinates":[[[-94.63472024999999,29.330596970000045],[-94.63507463299999,29.330064118000053],[-94.63510584599999,29.330076656000074],[-94.63511984599995,29.33005365500003],[-94.63777414699996,29.325913419000074],[-94.64123139699996,29.320564088000026],[-94.64128931499994,29.32043242800006],[-94.64293268299997,29.31787821200004],[-94.64308108199998,29.317647606000037],[-94.64308468199994,29.31764200500004],[-94.64308548199995,29.317640805000053],[-94.64340147899998,29.317149691000054],[-94.64369967699997,29.316686178000054],[-94.64370777699997,29.316673578000064],[-94.64401027399998,29.316203465000058],[-94.64431907199997,29.315723451000054],[-94.64445947099995,29.31550514500003],[-94.64546166199995,29.313947701000075],[-94.64652795399996,29.31229055400007],[-94.64904973299997,29.308371042000033],[-94.65117171499998,29.305156951000072],[-94.65337069699996,29.30174785300005],[-94.65341069599998,29.30168985100005],[-94.65290071099997,29.301254838000034],[-94.64827885199998,29.297042705000024],[-94.64415397699997,29.293277587000034],[-94.64014709899999,29.289641473000074],[-94.63425627699996,29.284317307000038],[-94.63146836199996,29.281778228000064],[-94.62418658399997,29.27518102500005],[-94.62382148099994,29.27485112200003],[-94.61984521599999,29.271188003000077],[-94.61616172799995,29.26786750100007],[-94.59721839499997,29.284921371000053],[-94.59710959599994,29.28501937300007],[-94.59550721799997,29.286531815000046],[-94.59533342099996,29.286695819000045],[-94.58075792399995,29.299871774000053],[-94.59268081099998,29.30732323700005],[-94.59996378799997,29.311952056000052],[-94.60004768499994,29.312011958000028],[-94.61007410399998,29.31854936600007],[-94.61804288199994,29.323623530000077],[-94.61823537599997,29.32374763400003],[-94.63424766199995,29.330400663000034],[-94.63472024999999,29.330596970000045]]]},"properties":{"OBJL":"96","THEMELAYER":"Precautionary Areas","INFORM":"A pilot boarding area is located near the center of the inshore precautionary area.  Due to heavy vessel traffic, mariners are advised not to anchor or linger in this precautionary area except to pick up or disembark a pilot.","OBJNAM":"","Shape_Leng":0.194781579407,"Shape_Area":0.00232801503986}},
{"type":"Feature","geometry":{"type":"Polygon","coordinates":[[[-94.37218126999994,29.127671564000025],[-94.34297552399994,29.151602712000056],[-94.34298484299995,29.151608425000063],[-94.34231263799995,29.152158129000043],[-94.37423732299999,29.171798628000033],[-94.39893494799998,29.18699282700004],[-94.39941161799999,29.186556126000028],[-94.39953223399999,29.18663221500003],[-94.43038435499994,29.158416654000064],[-94.43214741599996,29.156743004000077],[-94.45402708599994,29.13652034000006],[-94.46239842699998,29.128850976000024],[-94.46235930699999,29.128819140000076],[-94.46314650999994,29.128091554000036],[-94.45831926699998,29.124169271000028],[-94.43648078299998,29.106424489000062],[-94.41724912999996,29.106424552000078],[-94.39814847199995,29.106424615000037],[-94.39415666499997,29.109690814000032],[-94.38118366399999,29.120305537000036],[-94.37218126999994,29.127671564000025]]]},"properties":{"OBJL":"96","THEMELAYER":"Precautionary Areas","INFORM":"","OBJNAM":"","Shape_Leng":0.29865835438,"Shape_Area":0.0053043789358}},
{"type":"Feature","geometry":{"type":"Polygon","coordinates":[[[-94.43038435499994,29.158416654000064],[-94.42984083599998,29.158913725000048],[-94.42970037199996,29.158807067000055],[-94.39893494799998,29.18699282700004],[-94.45797963799998,29.223479808000036],[-94.48378446499999,29.23942598900004],[-94.50915812999995,29.255105823000065],[-94.58075792399995,29.299871774000053],[-94.58083815099997,29.299799251000024],[-94.58109011599998,29.299956577000046],[-94.59572121199994,29.28672512000003],[-94.59573691099996,29.286710920000075],[-94.59550717499997,29.286531856000067],[-94.59550721799997,29.286531815000046],[-94.57203730699996,29.268238559000054],[-94.57203723099997,29.268238629000052],[-94.57194950999997,29.268170257000065],[-94.57194960999999,29.268170157000043],[-94.57194950999997,29.268170057000077],[-94.56654657999997,29.262735796000072],[-94.56513352499996,29.26131455500007],[-94.56494352999994,29.261169450000068],[-94.56249390199997,29.259298795000063],[-94.56215141199999,29.25903728700007],[-94.50216850999999,29.213232756000025],[-94.47920811099999,29.195699706000028],[-94.47273641299995,29.190757709000025],[-94.43038435499994,29.158416654000064]]]},"properties":{"OBJL":"148","THEMELAYER":"Traffic Separation Schemes/Traffic Lanes","INFORM":"Galveston Entrance Traffic Lane Inbound","OBJNAM":"","Shape_Leng":0.486175200345,"Shape_Area":0.0065177448752}},
{"type":"Feature","geometry":{"type":"Polygon","coordinates":[[[-94.56762878699999,29.259354402000042],[-94.57350828899996,29.26664501600004],[-94.57362378799996,29.266531212000075],[-94.57362368799994,29.26653131200004],[-94.59748408699994,29.285128677000046],[-94.59748418699996,29.285128577000023],[-94.59749378699996,29.285119877000056],[-94.60004805099999,29.28280161400005],[-94.60004804799996,29.283154224000043],[-94.61408555099996,29.27049657500004],[-94.61654181599994,29.268281814000034],[-94.61654681599998,29.268277814000044],[-94.61612723799999,29.267898552000077],[-94.61616172799995,29.26786750100007],[-94.59012613399995,29.24438495000004],[-94.57348730299998,29.229142212000056],[-94.57338230599998,29.22904661000007],[-94.54268061199997,29.201094080000075],[-94.53223499699999,29.19146653000007],[-94.52712313899997,29.186755008000034],[-94.52351203899997,29.183426722000036],[-94.52020573199997,29.180409245000078],[-94.50645272299994,29.167857522000077],[-94.50367790299998,29.165325057000075],[-94.49404420099995,29.156561659000033],[-94.46974899099996,29.13446139200005],[-94.46314650999994,29.128091554000036],[-94.45402708599994,29.13652034000006],[-94.43199731999994,29.15670280300003],[-94.50387237999996,29.21110080400007],[-94.56762878699999,29.259354402000042]]]},"properties":{"OBJL":"148","THEMELAYER":"Traffic Separation Schemes/Traffic Lanes","INFORM":"Galveston Entrance Traffic Lane Outbound","OBJNAM":"","Shape_Leng":0.486066260428,"Shape_Area":0.00677977066569}},
{"type":"Feature","geometry":{"type":"Polygon","coordinates":[[[-97.26524523999996,26.560950323000043],[-97.26321801199998,26.55617952800003],[-97.26228413999996,26.556162826000048],[-97.25919443299995,26.556107719000067],[-97.24232331399998,26.55580651500003],[-97.24340564699997,26.561080976000028],[-97.24380742299996,26.563038636000044],[-97.24381279699998,26.563064822000058],[-97.24388780299995,26.565445511000064],[-97.24414753699995,26.57369306700008],[-97.24430679599999,26.578750524000043],[-97.26309655899996,26.57782360500005],[-97.26372564899998,26.57657396700006],[-97.26490619999998,26.574228817000062],[-97.26493332899997,26.574249296000062],[-97.26614381099995,26.571827323000036],[-97.26804203099994,26.568029178000074],[-97.26856560899995,26.567203134000067],[-97.26904036299999,26.566494460000058],[-97.26929235799997,26.566118249000056],[-97.27006084299995,26.56497111400006],[-97.27001464499995,26.564959914000042],[-97.26999773199998,26.564943778000043],[-97.27003504499999,26.564884912000025],[-97.26987390899995,26.564653563000036],[-97.26942316999998,26.56396028200004],[-97.26898608799996,26.56328786000006],[-97.26895388899999,26.563238358000035],[-97.26837521299996,26.562348129000043],[-97.26836251399999,26.562253226000053],[-97.26836185499997,26.56225177400006],[-97.26838191299998,26.56225022600006],[-97.26914109099994,26.56219052600005],[-97.27003506499995,26.562165126000025],[-97.27025656199999,26.56164731100006],[-97.27042576099996,26.561089593000077],[-97.27044186299997,26.560694781000052],[-97.26977138299998,26.560727781000026],[-97.26634428399996,26.560896280000065],[-97.26524523999996,26.560950323000043]]]},"properties":{"OBJL":"51","THEMELAYER":"Shipping Fairways Lanes and Zones","INFORM":"Safety fairway, 33 CFR 166.200","OBJNAM":"","Shape_Leng":0.094363828011,"Shape_Area":0.000505792519902}},
{"type":"Feature","geometry":{"type":"Polygon","coordinates":[[[-82.29468558099995,26.717201338000052],[-82.29581008199995,26.715819915000054],[-82.30081900899995,26.70962677800003],[-82.30685219899993,26.702167192000047],[-82.30941410999998,26.69899957100006],[-82.31550029699997,26.691514484000038],[-82.31837579599994,26.687978048000048],[-82.31904747199997,26.68715191600006],[-82.32289995899998,26.684881931000064],[-82.32896651899995,26.681307348000075],[-82.34435873499996,26.67342979800003],[-82.38455983299997,26.65015461200005],[-82.43323644899993,26.621972430000028],[-82.47547963499994,26.59751488200004],[-82.48431835699995,26.59239748300007],[-82.49640397599995,26.585400310000068],[-82.50506039299995,26.580388534000065],[-82.59011536199995,26.531144437000023],[-82.66387782799995,26.488438435000035],[-82.95507578399997,26.31984520800006],[-83.11696439799994,26.226118300000053],[-83.29377839299997,26.123938863000035],[-83.49996619799998,26.00478552000004],[-83.67161507299994,25.904653091000057],[-83.74749989999998,25.860385287000042],[-83.75014586699996,25.858841763000044],[-83.75014601099997,25.82045053400003],[-83.73319241199994,25.830348084000036],[-83.66370318099996,25.870915921000062],[-83.47059696499997,25.98365208900003],[-83.28237570299996,26.092347011000072],[-83.08648501999994,26.20547194200003],[-82.93852025699994,26.29167613800007],[-82.80257016699994,26.370881109000038],[-82.65167322099995,26.45781585800006],[-82.58224861099995,26.497812874000033],[-82.50354071899994,26.543158049000056],[-82.49174070199996,26.549956302000055],[-82.47053527799994,26.562173381000036],[-82.45787967899997,26.56946456600008],[-82.43323575299996,26.58366251900003],[-82.43323345299996,26.583663844000057],[-82.43323344299995,26.582770784000047],[-82.33166194599994,26.641121928000075],[-82.31682758899996,26.649739856000053],[-82.31554664799995,26.652837976000058],[-82.31036908599998,26.665360461000034],[-82.31028498999996,26.665563768000027],[-82.30825468299997,26.67047425800007],[-82.30781620299996,26.671534699000063],[-82.30744031699999,26.672012318000043],[-82.30700603199995,26.672563839000077],[-82.30576007599996,26.67414660000003],[-82.30311326999998,26.677508929000055],[-82.29999677999996,26.681467781000038],[-82.29933030399997,26.682314313000063],[-82.29923640699997,26.68243351800004],[-82.29155654699997,26.692189335000023],[-82.29105929099995,26.692389699000046],[-82.29093259499996,26.692440801000032],[-82.27527512399996,26.698751134000076],[-82.27304983999994,26.699647974000072],[-82.27150732699994,26.700241189000053],[-82.25862447599997,26.705195471000025],[-82.25843078199995,26.705269974000032],[-82.25828818499997,26.705324776000054],[-82.25754760499996,26.70560968600006],[-82.25728301399994,26.70591039800007],[-82.25709475599996,26.706078338000054],[-82.25699612299996,26.706118106000076],[-82.25671089399998,26.70623304800006],[-82.25661433099998,26.70596850000004],[-82.25322952199997,26.70727014700003],[-82.25345087399995,26.70754688200003],[-82.25303902999997,26.70771286400003],[-82.25256364099994,26.70767456200008],[-82.25180095899998,26.707612959000073],[-82.25199455699999,26.707889970000053],[-82.25266314899994,26.70884650800008],[-82.25284774599999,26.709110618000068],[-82.25332564099995,26.709794445000057],[-82.25356073799998,26.71013085800007],[-82.25377253499994,26.71043387000003],[-82.25874217599994,26.717544350000026],[-82.25900067299995,26.717914165000025],[-82.25913677199998,26.718108872000073],[-82.25916007099994,26.71806457100007],[-82.25918706999994,26.71801846900007],[-82.25926016699998,26.71789316400003],[-82.25939666199997,26.717737958000043],[-82.25952395799999,26.717615554000076],[-82.25965135499996,26.717517550000025],[-82.25976055099994,26.71742764700008],[-82.25992424699996,26.717337943000075],[-82.26008109799994,26.717250816000046],[-82.26034203899997,26.717644756000027],[-82.26224189199996,26.717377647000035],[-82.26231553699995,26.717374074000077],[-82.26274208699994,26.71821078000005],[-82.26318663299998,26.718689547000054],[-82.26338897999995,26.719169317000024],[-82.26342667999995,26.719258921000062],[-82.26350057899998,26.71937122500003],[-82.26361437699995,26.719493630000045],[-82.26376217499995,26.719626335000044],[-82.26400667099995,26.719820243000072],[-82.26415832899994,26.71995958900004],[-82.26415666799994,26.71996574900004],[-82.26407637099999,26.720102754000038],[-82.26383137899995,26.720308362000026],[-82.26367878399998,26.72051747000006],[-82.26357038799995,26.720697777000055],[-82.26350619299996,26.721029590000057],[-82.26340169999997,26.721678815000075],[-82.26333750999999,26.722684954000044],[-82.26322504699993,26.72668440900003],[-82.26309257099996,26.729205206000074],[-82.26312697799995,26.73015044300007],[-82.26321709699994,26.732627439000055],[-82.26328941199995,26.73465761800003],[-82.26347411099994,26.735043433000044],[-82.26359861099996,26.73544374900007],[-82.26361072099996,26.73659039300003],[-82.26360664499998,26.73953640800005],[-82.26352636699994,26.741869398000063],[-82.26351437399995,26.742727631000037],[-82.26357457699999,26.743279253000026],[-82.26380347799994,26.743967980000036],[-82.26398418199994,26.744945118000032],[-82.26430548799993,26.746600082000043],[-82.26442999799997,26.748118041000055],[-82.26444610099998,26.74855795900004],[-82.26447420699998,26.749261086000047],[-82.26451031399995,26.750227324000036],[-82.26453041599996,26.750735746000032],[-82.26438993199997,26.752531221000027],[-82.26438993299996,26.752646626000057],[-82.26439793699996,26.75337135700005],[-82.26440594099995,26.753966182000056],[-82.26442204099999,26.75406358600003],[-82.26471218999995,26.753697893000037],[-82.26470833199994,26.753709671000024],[-82.26469123399994,26.753893379000033],[-82.26467993499995,26.754051486000037],[-82.26468183699996,26.754288596000038],[-82.26591569799996,26.75274673200005],[-82.26609849199997,26.75251832200007],[-82.26656897699996,26.75193039800007],[-82.26695516499996,26.751447778000056],[-82.27547317799997,26.74080336800006],[-82.27656094099996,26.739467017000038],[-82.27662791499995,26.739384741000038],[-82.27708553299999,26.740017039000065],[-82.29010998299998,26.72332200200003],[-82.29468558099995,26.717201338000052]]]},"properties":{"OBJL":"51","THEMELAYER":"Shipping Fairways Lanes and Zones","INFORM":"Safety fairway, 33 CFR 166.200:Navigation regulations are published in Chapter 2 of the U.S. Coast Pilot for this geographic area. Refer to regulation section numbers","OBJNAM":"","Shape_Leng":3.585419278,"Shape_Area":0.0566707808166}},
{"type":"Feature","geometry":{"type":"Polygon","coordinates":[[[-85.72146378599996,30.137263759000064],[-85.72147948599996,30.137222158000043],[-85.72150568499995,30.137095655000053],[-85.72140738899998,30.136995253000066],[-85.72134598999997,30.13698085300007],[-85.72120619499998,30.137003255000025],[-85.72120689399998,30.137115557000072],[-85.72122989299999,30.13718305900005],[-85.72123069299994,30.137316362000035],[-85.72123619199994,30.137539266000033],[-85.72136318799994,30.13764126800004],[-85.72148148399998,30.137662067000065],[-85.72154678199996,30.137687568000047],[-85.72156418199995,30.137688267000044],[-85.72221116199995,30.137645262000035],[-85.72233815799996,30.137622260000057],[-85.72459819299996,30.13615561200004],[-85.72457179399998,30.13611971100005],[-85.72456239499996,30.136070910000058],[-85.72449109799999,30.135581200000047],[-85.72449109799999,30.13552519900003],[-85.72449079799998,30.135521099000073],[-85.72438780199997,30.13551209900004],[-85.72420250699997,30.135567802000025],[-85.72410450999996,30.135619704000078],[-85.72406741099996,30.13562620400006],[-85.72402711299998,30.13548940100003],[-85.72395771499998,30.135430101000054],[-85.72392751599995,30.13542490100008],[-85.72390771599999,30.13550610300007],[-85.72386551699998,30.135569204000035],[-85.72383151899999,30.13552160300003],[-85.72373572199996,30.135478603000024],[-85.72365722399996,30.13549970400004],[-85.72338493199999,30.135535007000044],[-85.72332283399999,30.135584808000033],[-85.72327613499994,30.135701211000026],[-85.72316373799998,30.13569581200005],[-85.72302604299995,30.13566531200007],[-85.72289024699995,30.13561141200006],[-85.72279404999995,30.13562941300006],[-85.72268905299995,30.135624714000073],[-85.72259655599998,30.135622114000057],[-85.72249995899995,30.13564851600006],[-85.72251965799995,30.135717517000046],[-85.72244395999996,30.135729818000073],[-85.72236316299995,30.135751319000065],[-85.72232796399999,30.135813221000035],[-85.72227876499994,30.135846022000067],[-85.72212166999998,30.135835823000036],[-85.72206727199995,30.135841223000057],[-85.72187647699997,30.135914626000044],[-85.72175858099996,30.135963728000036],[-85.72165738399997,30.136012030000074],[-85.72159898499996,30.136067431000072],[-85.72153278699994,30.136172634000047],[-85.72145618899998,30.136228036000034],[-85.72147908799997,30.136284937000028],[-85.72155368599994,30.13637693900006],[-85.72159618399996,30.13647664000007],[-85.72154768499996,30.136569243000054],[-85.72150968599999,30.13667014500004],[-85.72156428499994,30.136713446000044],[-85.72158958399996,30.13680664800006],[-85.72154088499997,30.136841549000053],[-85.72149918599996,30.136911851000036],[-85.72156918399997,30.137030953000078],[-85.72158238299994,30.13709795400007],[-85.72154768399997,30.13715135600006],[-85.72146378599996,30.137263759000064]]]},"properties":{"OBJL":"51","THEMELAYER":"Shipping Fairways Lanes and Zones","INFORM":"33 CFR 166.200: Navigation regulations are published in Chapter 2 of the  U.S. Coast Pilot for this geographic area. Refer to regulation section numbers.","OBJNAM":"","Shape_Leng":0.0104761952789,"Shape_Area":0.00000447919403183}},
{"type":"Feature","geometry":{"type":"Polygon","coordinates":[[[-82.89714935799998,27.583751762000077],[-82.88451313899998,27.585076060000063],[-82.84453481199995,27.58926574800006],[-82.83995844599997,27.589745335000032],[-82.83553527499998,27.590208923000034],[-82.80962523299996,27.59292435100008],[-82.79126706999995,27.594848300000024],[-82.79140875399997,27.595194551000077],[-82.78733388299997,27.59563720400007],[-82.78211723599998,27.59620399000005],[-82.78196393999997,27.59622058900004],[-82.77702038399997,27.596757377000074],[-82.77417496699996,27.59706666900007],[-82.77394877399996,27.597091269000032],[-82.76575551299999,27.59798114700004],[-82.76500893399998,27.598054845000036],[-82.76412115999995,27.59814244200004],[-82.76377266999998,27.598176841000054],[-82.76378576999997,27.598296246000075],[-82.76387606399999,27.599117378000074],[-82.76391405899994,27.600297623000074],[-82.76387805899998,27.600645136000026],[-82.76385585899999,27.60085924400005],[-82.76373686099998,27.601379763000068],[-82.76344536799996,27.601781277000043],[-82.76282558499997,27.602444598000034],[-82.76287588099996,27.602997619000064],[-82.76290377899994,27.603361433000032],[-82.76292317799994,27.603613943000028],[-82.76295207599998,27.603991458000053],[-82.76298917299994,27.60447507600003],[-82.76299757199996,27.604584180000074],[-82.76325395399994,27.60792741000006],[-82.76325415399998,27.607929610000042],[-82.77260497299994,27.609907448000058],[-82.77791871599999,27.61019499500003],[-82.78322455899996,27.610481941000046],[-82.79709343599995,27.609087188000046],[-82.79785415899994,27.61094625100003],[-82.79771063199996,27.610960657000078],[-82.79753793699996,27.61097805600008],[-82.79746243899996,27.610985656000025],[-82.79741203999998,27.610990756000035],[-82.79726044499995,27.611005955000053],[-82.77773001299994,27.61296949900003],[-82.77453620799997,27.61229415200006],[-82.76340844299995,27.60994088800004],[-82.76352863399995,27.611507948000053],[-82.76357313099999,27.61208767100004],[-82.76357893099998,27.612163373000044],[-82.76361642799998,27.61265239200003],[-82.76366992399994,27.613348719000044],[-82.76371372099999,27.61392124100007],[-82.76381771399997,27.61527739400003],[-82.76436497399999,27.62241197000003],[-82.76495553199999,27.630110967000064],[-82.79962702899996,27.626574264000055],[-82.80035120799994,27.626501466000036],[-82.83212818699997,27.623306657000057],[-82.83305365999996,27.623213559000078],[-82.83843540399994,27.622691475000067],[-82.84752563999996,27.621809503000065],[-82.85573330199998,27.621013228000038],[-82.86192792199995,27.620315142000038],[-82.86345787799996,27.620161547000066],[-82.86434325199997,27.62007274900003],[-82.86831703599995,27.619673961000046],[-82.87686138799995,27.618816286000026],[-82.89230563799998,27.61731293200006],[-82.89707629899993,27.616864547000034],[-82.89958262599998,27.61659925400005],[-82.90001621399995,27.61655105500006],[-82.90523006199999,27.61602577000008],[-82.90890655499999,27.615651381000077],[-82.91259874699995,27.61526659100008],[-82.91624444099995,27.614905102000023],[-82.91762929999999,27.61477020600006],[-82.91856057299998,27.61468050900004],[-82.91887946399999,27.614632209000035],[-82.92116889699997,27.61440061600007],[-82.92267295299996,27.614260220000062],[-82.92301224399995,27.61421492100004],[-82.93193308299999,27.613361449000024],[-82.93203985999997,27.62413835600006],[-82.93223912999997,27.63758606400006],[-82.93225562699996,27.638836612000034],[-82.93226842299998,27.64072688300007],[-82.93240750199999,27.649939432000053],[-82.93266589399997,27.65006783800004],[-82.93289368699999,27.650181144000044],[-82.93506642399996,27.650102355000058],[-82.93599919699994,27.650068460000057],[-82.93954239499999,27.649951179000027],[-82.93964259199998,27.64994788000007],[-82.94340478199996,27.649947605000023],[-82.98276033899998,27.649944565000055],[-83.00058241599999,27.650064789000055],[-83.00054896399996,27.61328430700007],[-83.00552877499996,27.61328145300007],[-83.01670824999997,27.61327505500003],[-83.01669500699995,27.64998443500008],[-83.03350327199996,27.649869787000057],[-83.03350330799998,27.617456566000044],[-83.03350330899997,27.616201819000025],[-83.03350331199994,27.613315811000064],[-83.03350331299998,27.612360022000075],[-83.04856364099999,27.612332511000034],[-83.05999410699997,27.612311615000067],[-83.08677788899996,27.612318661000074],[-83.18039903299996,27.612343319000047],[-83.21658815899997,27.612352851000026],[-83.48607148999997,27.612144330000035],[-83.75014313699995,27.611326691000045],[-83.95418965199997,27.613245394000046],[-84.22250610999998,27.613135783000075],[-84.35543631699994,27.613081428000044],[-84.37314203799997,27.613074203000053],[-84.65090526399996,27.612960199000042],[-84.65047202599999,27.605564197000035],[-84.64895694299997,27.57969944100006],[-84.64806836699995,27.579699533000053],[-84.36570541599997,27.57972618200006],[-84.34500677199998,27.579728077000027],[-84.21079227799999,27.579740608000066],[-83.95108164899995,27.579764718000035],[-83.75014320799994,27.57748464900004],[-83.40386636099998,27.57872290000006],[-83.39580135099999,27.578751710000063],[-83.21690664799996,27.578863573000035],[-83.09849236899998,27.578937904000043],[-83.08677731599994,27.578945298000065],[-83.04355656599995,27.578972408000027],[-82.99174687299995,27.57900495900003],[-82.94214514399994,27.579036123000037],[-82.93365513199996,27.579925892000063],[-82.93184584699998,27.579918086000077],[-82.90119094899995,27.583305206000034],[-82.89714935799998,27.583751762000077]],[[-82.86484565999996,27.602273981000053],[-82.86590555099997,27.602167397000073],[-82.86640836799995,27.604053761000046],[-82.83813845399999,27.606896074000076],[-82.82591961099996,27.608124538000027],[-82.82579741399996,27.608136838000064],[-82.82579721399998,27.608136838000064],[-82.81502962799993,27.60921940700007],[-82.81317722999995,27.609405645000038],[-82.81306328699998,27.60853946800006],[-82.83179004299996,27.606177604000038],[-82.84350980199997,27.604793630000074],[-82.86484565999996,27.602273981000053]]]},"properties":{"OBJL":"51","THEMELAYER":"Shipping Fairways Lanes and Zones","INFORM":"Safety fairway, 33 CFR 166.200:Navigation regulations are published in Chapter 2 of the U.S. Coast Pilot for this geographic area. Refer to regulation section numbers","OBJNAM":"","Shape_Leng":4.16496169167,"Shape_Area":0.0661146885219}},
{"type":"Feature","geometry":{"type":"Polygon","coordinates":[[[-89.07980652499998,30.345933193000064],[-89.08207870199999,30.348613761000024],[-89.08216189799998,30.34871186400005],[-89.08216299799994,30.348713064000037],[-89.08367293599997,30.348885481000025],[-89.08367293899994,30.348885478000057],[-89.08510497699996,30.349048998000058],[-89.08637594499999,30.347692186000074],[-89.08640844399997,30.347657386000037],[-89.08684663199995,30.347188282000047],[-89.08830809499995,30.345623669000076],[-89.08881838199994,30.345079165000072],[-89.08948966499997,30.344362559000047],[-89.08960626199996,30.34423805700004],[-89.08874750199999,30.343754941000043],[-89.08797603499994,30.34354663000005],[-89.08795844399998,30.343548433000024],[-89.08795843499996,30.343548430000055],[-89.08775814399996,30.343478627000025],[-89.08731925999996,30.343613925000056],[-89.08731916999994,30.343613952000055],[-89.08716626499995,30.343629624000073],[-89.08152266499997,30.34539600000005],[-89.08013861399996,30.34583189400007],[-89.07987768699996,30.345911486000034],[-89.07987722299998,30.34591159300004],[-89.07985846899999,30.345917348000057],[-89.07980652499998,30.345933193000064]]]},"properties":{"OBJL":"51","THEMELAYER":"Shipping Fairways Lanes and Zones","INFORM":"Safety fairway 33 CFR 166.200: Navigation regulations are published in Chapter 2 of the U.S. Coast Pilot for this geographic area. Refer to regulation section numbers.","OBJNAM":"","Shape_Leng":0.0235328633972,"Shape_Area":0.0000289715970342}},
{"type":"Feature","geometry":{"type":"Polygon","coordinates":[[[-87.18091988899994,30.421641819000058],[-87.18100190799998,30.42159864100006],[-87.18130150399998,30.421479485000077],[-87.18256856599999,30.42114603400006],[-87.18445001299995,30.420934033000037],[-87.18447493299999,30.420931995000046],[-87.18460560799997,30.420922834000066],[-87.18467751199995,30.42091542000003],[-87.18647691499996,30.420768198000076],[-87.18679194599997,30.420754035000073],[-87.18712763599996,30.420722735000027],[-87.18745680299998,30.420689614000025],[-87.18818650599997,30.42064253500007],[-87.18954456699998,30.420548836000023],[-87.18973526299999,30.420474635000062],[-87.19067673999996,30.419905624000023],[-87.19114433099998,30.419463981000035],[-87.19138932399994,30.41928241200003],[-87.19165532299996,30.419057873000042],[-87.19174321599996,30.41903990800006],[-87.19197590899995,30.41907900900003],[-87.19205515699997,30.419032473000073],[-87.19207210599996,30.419057809000037],[-87.19290498599997,30.418609701000037],[-87.19309308099997,30.41850849900004],[-87.19311818099999,30.418494999000075],[-87.19323917799994,30.418425998000032],[-87.19323587799994,30.41842299800004],[-87.19321747799995,30.418397597000023],[-87.19321557899997,30.418387297000038],[-87.19324147799995,30.418327996000073],[-87.19331577699995,30.418189093000024],[-87.19333747699994,30.41813169200003],[-87.19334027799994,30.418071590000068],[-87.19333867799998,30.418029389000026],[-87.19332837899998,30.417997589000038],[-87.19327378099996,30.417908187000023],[-87.19309268899997,30.417594579000024],[-87.19304049099998,30.417518178000023],[-87.19298689299995,30.417459076000057],[-87.19279859999995,30.417308373000026],[-87.19275430099998,30.41731707300005],[-87.19244161699999,30.41648265400005],[-87.19241621899994,30.416317650000053],[-87.19217393099996,30.415669236000042],[-87.19187274699999,30.41486321800005],[-87.19208824399999,30.414448909000043],[-87.19212624299996,30.414421408000067],[-87.19212884299998,30.414419508000037],[-87.19216274199994,30.41440430800003],[-87.19220364099994,30.414393408000024],[-87.19224123999999,30.414389508000056],[-87.19235683699998,30.41439360800007],[-87.19238053599997,30.414395008000042],[-87.19258602999997,30.414407109000024],[-87.19260132899996,30.414408009000056],[-87.19299221899996,30.414293608000037],[-87.19310151599996,30.41426260700007],[-87.19326241099998,30.41433880900007],[-87.19359779299998,30.415281530000073],[-87.19359889299994,30.415285830000073],[-87.19371668599996,30.415757641000027],[-87.19374398499997,30.415831643000047],[-87.19405556799995,30.416677262000064],[-87.19409126699998,30.41671816300004],[-87.19412156599998,30.416739263000068],[-87.19415046499995,30.416758964000053],[-87.19422336299994,30.416801065000072],[-87.19431595899994,30.416876066000043],[-87.19451035199995,30.417023370000038],[-87.19466374699994,30.417114172000026],[-87.19468124699995,30.417124573000024],[-87.19484594099998,30.417224575000034],[-87.19486713999999,30.41723247500005],[-87.19489453899996,30.417232375000026],[-87.19491123899996,30.41722317500006],[-87.19492333899996,30.417217975000028],[-87.19492633899995,30.417194275000043],[-87.19492783899994,30.41716927400006],[-87.19492933899994,30.41715477400004],[-87.19493543899995,30.417144274000066],[-87.19496273799996,30.417125773000066],[-87.19499763799996,30.417103473000054],[-87.19509483499996,30.417058672000053],[-87.19513123399997,30.417037572000027],[-87.19513843399994,30.41703267200006],[-87.19514493399998,30.41702837200006],[-87.19517983299994,30.417016571000033],[-87.19522233199996,30.417011271000035],[-87.19527092999994,30.417016472000057],[-87.19540452599995,30.41709537400004],[-87.19544092499996,30.417121674000043],[-87.19546372399998,30.41715987500004],[-87.19552151999994,30.417341479000072],[-87.19552151999994,30.41735988000005],[-87.19551701999995,30.41737168000003],[-87.19550791999995,30.417379580000045],[-87.19546842199998,30.417382280000027],[-87.19542742299996,30.417367780000063],[-87.19533782599996,30.41730597800006],[-87.19530892699999,30.41729147800004],[-87.19526492799997,30.417284977000065],[-87.19523612899997,30.417286277000073],[-87.19518902999994,30.417303378000042],[-87.19514803099997,30.41732317800006],[-87.19511623199998,30.417334978000042],[-87.19510713199998,30.417348178000054],[-87.19510553199996,30.417357379000066],[-87.19511773199997,30.417370479000056],[-87.19531962499997,30.417474382000023],[-87.19556111699995,30.41757298400006],[-87.19567651399996,30.41761238500004],[-87.19575691099999,30.417653186000052],[-87.19582220899997,30.417701888000067],[-87.19585830699998,30.41771508800008],[-87.19588540699993,30.417717888000027],[-87.19595170499997,30.41771828800006],[-87.19628469499997,30.41770328900003],[-87.19632849399994,30.417696989000035],[-87.19636779299998,30.41767888800007],[-87.19643129099995,30.417647988000056],[-87.19645479099995,30.417641288000027],[-87.19646748999997,30.41763768800007],[-87.19649008999994,30.417633988000034],[-87.19661678599994,30.417618988000072],[-87.19664228499994,30.417630888000076],[-87.19666488499996,30.41763498800003],[-87.19671468299998,30.41762348800006],[-87.19679778099999,30.417593987000032],[-87.19682497999997,30.41758108700003],[-87.19686117999998,30.417570787000045],[-87.19688687899998,30.417569687000025],[-87.19693047699997,30.41757118700008],[-87.19696807599996,30.41758058700003],[-87.19707187299997,30.417608588000064],[-87.19712907099995,30.41760628800006],[-87.19715927099998,30.41760128800007],[-87.19732696599993,30.417533087000038],[-87.19756865999994,30.41745868600003],[-87.19768785699995,30.417424186000062],[-87.19780285399997,30.41736218400007],[-87.19800844899999,30.41727458300005],[-87.19816714499996,30.417203682000036],[-87.19830324099996,30.417133981000063],[-87.19838503899996,30.417079580000063],[-87.19848343699994,30.417010978000064],[-87.19869223199998,30.41689987600006],[-87.19876952999994,30.41684417500005],[-87.19883312899998,30.416792374000067],[-87.19898172499995,30.416678372000035],[-87.19906652299994,30.41661877100006],[-87.19928521899999,30.41639286700007],[-87.19934441799995,30.416334465000034],[-87.19936871699997,30.416303265000067],[-87.19945261599997,30.416174462000072],[-87.19950581499995,30.416113361000043],[-87.19954531399998,30.41606926000003],[-87.19961351299997,30.41601085900004],[-87.19967571099994,30.41595245800005],[-87.19968181099995,30.415944658000058],[-87.19973081099994,30.415845756000067],[-87.19975660999995,30.415813255000046],[-87.19977490999997,30.41578465400005],[-87.19979760899997,30.415775654000072],[-87.19984140799994,30.415758854000046],[-87.19985660799995,30.41574855400006],[-87.19989140699994,30.415721353000038],[-87.19993740699994,30.41562495100004],[-87.19997420599998,30.41553114900006],[-87.19998350599997,30.415471248000074],[-87.19992170899997,30.41543144700006],[-87.19990350999996,30.415350345000036],[-87.19973441599996,30.415181141000062],[-87.19951182499995,30.414903535000064],[-87.19928863299998,30.414667029000043],[-87.19906454099998,30.414543226000035],[-87.19875575199995,30.414297720000036],[-87.19872225499995,30.414087815000073],[-87.19868825699996,30.41387511100004],[-87.19867425899997,30.413787709000076],[-87.19875225699997,30.41373410800003],[-87.19880515499995,30.41370360700006],[-87.19896745099999,30.413669807000076],[-87.19919344399995,30.413751009000066],[-87.19930113999999,30.41383661100008],[-87.19939923599998,30.41401081500004],[-87.19942423399993,30.41416791900008],[-87.19951052899995,30.414371423000034],[-87.19967882399999,30.414436125000066],[-87.19974052199996,30.414448225000058],[-87.19980681999994,30.414446025000075],[-87.19992141699998,30.414425825000023],[-87.19998941499995,30.414404025000067],[-87.20008001299999,30.41437052400005],[-87.20027520799994,30.414265923000073],[-87.20042210499997,30.414158421000025],[-87.20047650299995,30.414137820000064],[-87.20067419799994,30.414090720000047],[-87.20078449499994,30.414056119000065],[-87.20084939299994,30.41403161900007],[-87.20105688899997,30.413885316000062],[-87.20135218199994,30.41368981200003],[-87.20138398099994,30.41366781200003],[-87.20142647999995,30.413621111000054],[-87.20151937899999,30.413498809000032],[-87.20155587799997,30.41345080800005],[-87.20158327699994,30.413419607000037],[-87.20162267699999,30.41338330600007],[-87.20163487599996,30.413370306000047],[-87.20166817599994,30.41334440600008],[-87.20167877499995,30.41333790500005],[-87.20172727399995,30.413301605000072],[-87.20173787399995,30.413289905000056],[-87.20175467399997,30.413262604000067],[-87.20177737299997,30.41324580400004],[-87.20180917199997,30.413226403000067],[-87.20186807099998,30.413209703000064],[-87.20188466999997,30.41319810300007],[-87.20190446999999,30.41318120300008],[-87.20191056999994,30.413160402000074],[-87.20189867099998,30.413144602000045],[-87.20184007199998,30.413124701000072],[-87.20172097599999,30.413085800000033],[-87.20167327799999,30.41307020000005],[-87.20164627899999,30.413056999000048],[-87.20163287899999,30.413039999000034],[-87.20162397999997,30.413016398000025],[-87.20162857999998,30.413004698000066],[-87.20164957899999,30.412985098000036],[-87.20166047899994,30.41297479800005],[-87.20170137799994,30.412944997000068],[-87.20172867699995,30.41292169600007],[-87.20173327699996,30.412907396000037],[-87.20173197799994,30.412887796000064],[-87.20164438199998,30.412713592000046],[-87.20163408199994,30.412691291000044],[-87.20162378299995,30.412650790000043],[-87.20163468299995,30.41261299000007],[-87.20165908199994,30.412566189000074],[-87.20182367999996,30.412316384000064],[-87.20183597999994,30.41229558300006],[-87.20183767999998,30.412260382000056],[-87.20185037999994,30.412179481000067],[-87.20187187999994,30.412127380000072],[-87.20189927899997,30.41208577900005],[-87.20193147899994,30.41204037800003],[-87.20201417799996,30.41185007400003],[-87.20208277699999,30.411742072000038],[-87.20214967599998,30.411656270000037],[-87.20222707399995,30.41158236800004],[-87.20229227299996,30.41152396700005],[-87.20246036899994,30.411413965000065],[-87.20294105699998,30.411138160000064],[-87.20297375599995,30.411119460000066],[-87.20304925499994,30.411045259000048],[-87.20326914999998,30.410841555000047],[-87.20354194399994,30.41062375000007],[-87.20368584099998,30.41052404900006],[-87.20387043699998,30.410412847000032],[-87.20391583499998,30.410394746000065],[-87.20398203299999,30.41039514600004],[-87.20403613199994,30.410411147000048],[-87.20408272999998,30.410433648000037],[-87.20411422899997,30.410442948000025],[-87.20466211599995,30.410121642000036],[-87.20492270999995,30.40992983800004],[-87.20509850599996,30.409789836000073],[-87.20529040199995,30.40960133200008],[-87.20547999899998,30.409392628000035],[-87.20570309499999,30.40908912200007],[-87.20589389099996,30.408869217000074],[-87.20608578699995,30.408654513000045],[-87.20625588399997,30.40850731000006],[-87.20643357999995,30.408376108000027],[-87.20657407599998,30.408287206000068],[-87.20676987199994,30.40819420500003],[-87.20684846999995,30.408161704000065],[-87.20700696499995,30.40811090300008],[-87.20705856399996,30.40809540300006],[-87.20711656299994,30.40806590300008],[-87.20717476099998,30.408029802000044],[-87.20724065999997,30.407973001000073],[-87.20727215899996,30.407945900000072],[-87.20735615699994,30.407878399000026],[-87.20737405699998,30.40786919900006],[-87.20738955599995,30.40786299900003],[-87.20742275599997,30.40785419900004],[-87.20746235399997,30.407847099000037],[-87.20753675299994,30.407816498000045],[-87.20758195099995,30.407799398000066],[-87.20765864899994,30.407788098000026],[-87.20772404699994,30.407796998000038],[-87.20783364399995,30.40783749900004],[-87.20803493699998,30.40790540100005],[-87.20809693599995,30.40791210100008],[-87.20861492099993,30.40789120200003],[-87.20863481999999,30.407890402000078],[-87.20865911999994,30.40786440200003],[-87.20869691899998,30.40783980100008],[-87.20873771799995,30.407823101000076],[-87.20883731499998,30.407800101000078],[-87.20886601399997,30.407799001000058],[-87.20889011399998,30.407788700000026],[-87.20890541299997,30.407767900000067],[-87.20890711399994,30.407735299000024],[-87.20888241499995,30.407618897000077],[-87.20889011499997,30.407594196000048],[-87.20891361499997,30.407564496000077],[-87.20901641299997,30.40743429300005],[-87.20906331199996,30.407407093000074],[-87.20909041099998,30.40740209200004],[-87.20910101099997,30.40740339300004],[-87.20911450999995,30.407407393000028],[-87.20916870899998,30.407412993000037],[-87.20919430799995,30.407409193000035],[-87.20931240499993,30.40732629100006],[-87.20944580199995,30.40722518900003],[-87.20947900199997,30.407207089000053],[-87.20950620099995,30.407202089000066],[-87.20954389999997,30.407200989000046],[-87.20957839899995,30.40721288900005],[-87.20961889699998,30.40724059000007],[-87.20965199599999,30.407243390000076],[-87.20970779499999,30.40723199000007],[-87.20988588999995,30.407183389000068],[-87.20991458899994,30.407179589000066],[-87.20993718899996,30.40718098900004],[-87.20997478699996,30.40719039000004],[-87.21001388599996,30.40719849000004],[-87.21004708499999,30.407190790000072],[-87.21017718199994,30.407110588000023],[-87.21019838199999,30.40709768800008],[-87.21020758199995,30.407079388000056],[-87.21022308199997,30.40701948700007],[-87.21021808299997,30.406910984000035],[-87.21016678599995,30.40669137900005],[-87.21012098799997,30.406642178000027],[-87.21010768799994,30.40662787800005],[-87.21001999099997,30.406594877000032],[-87.20991139399996,30.40661417700005],[-87.20964750199994,30.406653177000067],[-87.20947400599994,30.406687478000038],[-87.20938050899997,30.40669477800003],[-87.20928861199997,30.406695478000074],[-87.20920891399999,30.40668587700003],[-87.20916631499995,30.406693477000033],[-87.20916111499997,30.40669397700003],[-87.20911571699997,30.406698277000032],[-87.20891912199994,30.40666257600003],[-87.20868972999995,30.40655937300005],[-87.20866053099996,30.40657277400004],[-87.20862293199997,30.40659017400003],[-87.20833853899995,30.406648774000075],[-87.20764575799996,30.406752675000064],[-87.20763145899997,30.406752675000064],[-87.20760935999994,30.40675277500003],[-87.20758085999995,30.40674637500007],[-87.20754686199996,30.40672767500007],[-87.20752866199996,30.406711974000075],[-87.20750246299997,30.406655373000035],[-87.20739327099994,30.406101961000047],[-87.20729557799996,30.40567845100003],[-87.20719958399997,30.405262442000037],[-87.20701159699996,30.40441282300003],[-87.20692270299998,30.403985514000055],[-87.20684880799996,30.403630606000036],[-87.20679211199996,30.40341610100006],[-87.20679131199995,30.403413201000035],[-87.20674861399993,30.403278898000053],[-87.20674251399998,30.403245897000033],[-87.20672841499999,30.403169896000065],[-87.20671611599994,30.403103694000038],[-87.20667401899999,30.402965391000066],[-87.20664482099994,30.402830488000063],[-87.20663062199998,30.402734086000066],[-87.20655582699999,30.40242717900003],[-87.20652032899994,30.402337877000036],[-87.20649702999998,30.402233575000025],[-87.20646273199998,30.40214267300007],[-87.20641973399995,30.40204657000004],[-87.20641303399998,30.402019970000026],[-87.20641543499994,30.401985469000067],[-87.20641803499996,30.401978169000074],[-87.20643893399995,30.401918968000075],[-87.20643593499994,30.401903667000056],[-87.20643123499997,30.401887267000063],[-87.20655153199993,30.40186706700007],[-87.20653523299995,30.401798565000036],[-87.20650023399998,30.401774765000027],[-87.20652113399996,30.401749464000034],[-87.20664922999998,30.401728164000076],[-87.21024743199996,30.401130359000035],[-87.21096461199994,30.401011158000074],[-87.21098361099996,30.401013058000046],[-87.21101080999995,30.40103085800007],[-87.21127399099998,30.402454890000058],[-87.21130588899996,30.40258069300006],[-87.21141887999994,30.40316580500007],[-87.21149967399998,30.40358441500007],[-87.21140287699995,30.403601115000072],[-87.21141527599997,30.40365861600003],[-87.21143367499997,30.403743718000044],[-87.21145997299999,30.403863321000074],[-87.21154487099994,30.40386402100006],[-87.21156156999996,30.403872121000063],[-87.21159356899994,30.403896322000037],[-87.21165486699994,30.40395432300005],[-87.21167576599998,30.403988524000056],[-87.21167926599998,30.403994124000064],[-87.21169286499997,30.404040725000073],[-87.21174096199996,30.40427273000006],[-87.21176905999994,30.40440913300006],[-87.21182175599995,30.404610238000032],[-87.21185965399997,30.404797742000028],[-87.21187775199996,30.404867343000035],[-87.21240673799997,30.40477724300007],[-87.21247753599994,30.404765242000053],[-87.21217995599994,30.403475814000046],[-87.21262464899996,30.40274769900003],[-87.21260065099995,30.40264479700005],[-87.21239546399994,30.40176347700003],[-87.21241386399998,30.401741077000054],[-87.21247866199997,30.401730677000046],[-87.21336293799999,30.40158927500005],[-87.21338413699993,30.401604576000068],[-87.21343753399998,30.401821381000047],[-87.21344873299995,30.401866982000058],[-87.21347653199996,30.401861582000038],[-87.21348863099996,30.40191628300005],[-87.21349833099998,30.40195598400004],[-87.21360952399993,30.402413394000064],[-87.21365292099995,30.402597498000034],[-87.21351632499994,30.402624298000035],[-87.21341502699994,30.402644098000053],[-87.21347352299995,30.402898204000053],[-87.21356251699996,30.40330151300003],[-87.21365121099996,30.40371132200005],[-87.21377450799997,30.40369072200008],[-87.21389720499997,30.403667522000035],[-87.21402810099994,30.403647122000052],[-87.21415059799995,30.403630521000025],[-87.21416709699997,30.403629421000062],[-87.21419259499999,30.403735424000047],[-87.21422109399998,30.40384272600005],[-87.21423859299995,30.403911828000048],[-87.21420029399997,30.403917428000057],[-87.21421079299995,30.403971029000047],[-87.21416949399998,30.403977029000032],[-87.21419529299999,30.404063031000078],[-87.21421409099997,30.40412603200008],[-87.21423188999995,30.404199234000032],[-87.21423028999999,30.40422143400008],[-87.21421968999994,30.404235735000043],[-87.21420609099994,30.404247535000025],[-87.21416539199998,30.404261735000034],[-87.21405229499999,30.404288836000035],[-87.21400249599998,30.404303036000044],[-87.21396779699995,30.404319936000036],[-87.21387879899999,30.40434443600003],[-87.21385169999996,30.40436003700006],[-87.21383949999995,30.404375637000044],[-87.21384389999997,30.40441093800007],[-87.21385299899998,30.40445513900005],[-87.21386169799996,30.404497140000046],[-87.21389869599994,30.40466314300005],[-87.21391649499998,30.40472324500007],[-87.21394049399998,30.404752045000066],[-87.21398059299997,30.404746545000023],[-87.21405778899998,30.404937850000067],[-87.21409868699999,30.405070753000075],[-87.21408048699999,30.405074753000065],[-87.21408888699995,30.405109653000068],[-87.21414248499997,30.40510355300006],[-87.21415768399999,30.405163155000025],[-87.21417968299994,30.40525445700007],[-87.21413818399998,30.405257857000038],[-87.21415548299996,30.40532545800005],[-87.21419907999996,30.40552386300004],[-87.21423687899994,30.405541063000044],[-87.21428317599998,30.40574336800006],[-87.21426207599995,30.405743768000036],[-87.21428687399998,30.40587147000008],[-87.21432517299996,30.40586587000007],[-87.21436527199995,30.405908671000077],[-87.21440346899999,30.406058075000033],[-87.21454926599995,30.406013074000043],[-87.21455806499995,30.406011774000035],[-87.21461646399996,30.40600067400004],[-87.21469436199999,30.405987974000027],[-87.21477975899995,30.40597547400006],[-87.21501865299996,30.405949774000078],[-87.21511175099994,30.405836371000078],[-87.21505005499995,30.405573566000044],[-87.21514905199996,30.405560365000042],[-87.21511335499997,30.405387562000044],[-87.21508895599999,30.40527595900005],[-87.21506385799995,30.405159757000035],[-87.21503625999998,30.405047354000033],[-87.21500986199999,30.404938052000034],[-87.21495856499996,30.404707647000066],[-87.21493236699996,30.40459354400008],[-87.21490686799996,30.404481542000042],[-87.21487866999996,30.40436623900007],[-87.21485437199999,30.404255337000052],[-87.21479967499994,30.404025731000047],[-87.21477917699997,30.403923029000055],[-87.21470768199998,30.40357102100006],[-87.21478307999996,30.40356132100004],[-87.21475808099996,30.403471719000038],[-87.21474818199994,30.403438919000052],[-87.21470618399997,30.403299315000027],[-87.21462998899995,30.403046610000047],[-87.21454159399997,30.402693102000057],[-87.21452459599999,30.40262240000004],[-87.21446999899996,30.402394995000066],[-87.21447319899994,30.402372195000055],[-87.21447949899994,30.402358095000068],[-87.21451509799994,30.402346394000062],[-87.21451729799998,30.402346494000028],[-87.21454729699997,30.40234819400007],[-87.21456989699999,30.40235539500003],[-87.21459149599997,30.402373295000075],[-87.21461179499994,30.40241499600006],[-87.21467249199998,30.40258730000005],[-87.21468289099994,30.402621801000066],[-87.21474548699996,30.402830105000078],[-87.21474868699994,30.40284250600007],[-87.21480958299998,30.403074211000046],[-87.21487237999997,30.403272515000026],[-87.21490207799997,30.40340211800003],[-87.21491257699995,30.403447819000064],[-87.21497657499998,30.403442419000044],[-87.21500607499996,30.403438119000043],[-87.21504217299997,30.40344471900005],[-87.21531376499996,30.403524522000055],[-87.21570465299999,30.403610524000044],[-87.21605684199994,30.403683527000055],[-87.21606144199995,30.403684527000053],[-87.21608894099995,30.403701527000067],[-87.21611083999994,30.403728528000045],[-87.21612293999999,30.403751628000066],[-87.21613453899994,30.403788029000054],[-87.21614573799997,30.40386913100008],[-87.21617423499998,30.404077735000044],[-87.21622323199995,30.404283340000063],[-87.21630532599994,30.40466654900007],[-87.21637482099999,30.405024156000025],[-87.21640311899995,30.405153959000074],[-87.21643111799995,30.40524306100008],[-87.21652731299997,30.405441766000024],[-87.21670220899995,30.405413966000026],[-87.21673260799997,30.405414766000035],[-87.21674470699998,30.40542216600005],[-87.21676020699994,30.405440466000073],[-87.21676050699995,30.40544086600005],[-87.21676470599994,30.405454667000072],[-87.21677280599994,30.405488967000053],[-87.21678790499999,30.40552746800006],[-87.21680980399998,30.405570269000066],[-87.21683690299994,30.405600470000024],[-87.21686890199999,30.405624671000055],[-87.21692449999995,30.40564537100005],[-87.21697209899997,30.405656871000076],[-87.21700799799999,30.405669972000055],[-87.21705889599997,30.405705873000045],[-87.21711499399999,30.405744974000072],[-87.21719269099998,30.405770374000042],[-87.21722528999999,30.405774775000054],[-87.21724698999998,30.405792675000043],[-87.21726158899997,30.405828576000033],[-87.21728698699997,30.405920778000052],[-87.21732758599995,30.405961379000075],[-87.21736368499995,30.405974479000065],[-87.21739828399996,30.40597327900008],[-87.21744958199997,30.40595257900003],[-87.21744688299998,30.40588987800004],[-87.21744088299994,30.40586897700007],[-87.21738538499994,30.405807476000064],[-87.21732538799995,30.405739374000063],[-87.21732248799998,30.40572107400004],[-87.21743048699994,30.405472468000028],[-87.21745838699997,30.405384567000056],[-87.21749528599997,30.40532216500003],[-87.21753548599997,30.405274064000025],[-87.21759428499996,30.40519976300004],[-87.21758468499996,30.405154762000052],[-87.21758418499996,30.40515576200005],[-87.21724840799999,30.403693429000043],[-87.21702142299995,30.402705108000077],[-87.21762130699994,30.40258930600004],[-87.21778110199995,30.402557606000073],[-87.21820809099995,30.40247280500006],[-87.21844598399997,30.40242560400003],[-87.21863707899996,30.402388104000067],[-87.21924136299998,30.402269403000048],[-87.21936005899994,30.40224610300004],[-87.21948105599995,30.40222230200004],[-87.21966695099997,30.402185802000076],[-87.21967035099999,30.402186202000053],[-87.21967165099994,30.402186302000075],[-87.21969954899998,30.40228720400006],[-87.21977664699995,30.40227410400007],[-87.22012083799996,30.402215304000038],[-87.22038043099997,30.402171103000057],[-87.22084001399998,30.402551412000037],[-87.22080901499999,30.402574813000058],[-87.22080481499995,30.40257801300004],[-87.22077621599999,30.40255441200003],[-87.22036683099998,30.402216504000023],[-87.22022273499994,30.40224110400004],[-87.21973734799997,30.40232420500007],[-87.21971324899994,30.40232840500005],[-87.21971824799994,30.402348606000032],[-87.21974784599996,30.402468008000028],[-87.21975074599999,30.402480008000055],[-87.21977824399994,30.40259091100006],[-87.21978714399995,30.402603611000075],[-87.21981024299998,30.40261661200003],[-87.21980564299997,30.402703013000064],[-87.21979044299997,30.402747314000067],[-87.21979624199997,30.402794415000074],[-87.21986603799996,30.403062221000027],[-87.21987643699998,30.403105422000067],[-87.21989893599994,30.403130223000062],[-87.21993343499997,30.403149923000058],[-87.21997853399995,30.403173624000033],[-87.21999513299994,30.403190624000047],[-87.21999953299996,30.403218025000058],[-87.21999643199996,30.403241526000045],[-87.21998993199998,30.403361628000027],[-87.22002082899996,30.403551032000053],[-87.22008162499998,30.403790238000056],[-87.22018481999999,30.404070744000023],[-87.22020281899995,30.404102145000024],[-87.22024781699997,30.404136245000075],[-87.22031551499998,30.404163846000074],[-87.22045241099994,30.40420474700005],[-87.22064520499998,30.404231448000075],[-87.22083939899994,30.404248949000078],[-87.22104279399997,30.404245650000064],[-87.22111359199994,30.404241950000028],[-87.22118898899998,30.404229050000026],[-87.22126438799995,30.404195349000076],[-87.22129958699998,30.404172049000067],[-87.22130368699999,30.40416934800004],[-87.22132338599994,30.40414984800003],[-87.22133998599998,30.40411984700006],[-87.22134568599995,30.404062046000035],[-87.22134998699994,30.403989245000048],[-87.22136708699998,30.40393784400004],[-87.22140278599994,30.40393784400004],[-87.22142138499999,30.40396064400005],[-87.22142848399994,30.40401634500006],[-87.22145078299997,30.40407424700004],[-87.22147018199996,30.404133148000028],[-87.22147458199998,30.404155349000064],[-87.22147288099995,30.404211450000048],[-87.22147428099998,30.404233650000037],[-87.22147718099995,30.404257151000024],[-87.22149067999999,30.40428465100007],[-87.22150257999994,30.404300352000064],[-87.22152667899996,30.40431605200007],[-87.22156727799995,30.404327952000074],[-87.22159587699997,30.40434235300006],[-87.22160787599995,30.40435545300005],[-87.22161827599996,30.404385554000044],[-87.22161817599994,30.404406454000025],[-87.22162857499995,30.40444175500005],[-87.22164067399996,30.404449555000042],[-87.22166317399996,30.404456155000048],[-87.22169637299999,30.404458956000042],[-87.22172647199994,30.404453756000066],[-87.22175067099994,30.40443295500006],[-87.22178847099997,30.404392554000026],[-87.22173587299994,30.40435195300006],[-87.22171187299995,30.404336253000054],[-87.22169697399994,30.404291752000063],[-87.22167297499999,30.40426035100006],[-87.22159497799998,30.404179149000072],[-87.22157547899997,30.404151649000028],[-87.22156657899995,30.404125548000025],[-87.22156967999996,30.404104648000043],[-87.22157877899997,30.404096847000062],[-87.22161937799996,30.404095648000066],[-87.22164947699997,30.404103548000023],[-87.22168857599996,30.404137649000063],[-87.22172547499997,30.404153749000045],[-87.22173067399996,30.40415604900005],[-87.22179087299997,30.404166649000047],[-87.22186986999998,30.404164250000065],[-87.22190686899995,30.404163150000045],[-87.22205446499999,30.404168750000053],[-87.22214486199994,30.404166450000048],[-87.22226095899998,30.40415235000006],[-87.22242855499996,30.40413385000005],[-87.22252445199996,30.40410215000003],[-87.22260104999998,30.40407244900007],[-87.22260134999999,30.404072349000046],[-87.22264464899996,30.40405234900004],[-87.22273274699995,30.404004048000047],[-87.22279264599996,30.403959747000044],[-87.22283244499994,30.403921446000027],[-87.22286094399999,30.403892146000032],[-87.22290874299995,30.40383444500003],[-87.22287524399997,30.403810444000044],[-87.22287504399998,30.403810344000078],[-87.22285564499998,30.403797844000053],[-87.22284354599998,30.40379644400008],[-87.22283054599995,30.403794144000074],[-87.22280194699994,30.403775943000028],[-87.22279164699995,30.403762443000062],[-87.22278914799995,30.40374524200007],[-87.22282274699995,30.40370794200004],[-87.22282324699995,30.40370744200004],[-87.22283714699995,30.40370364200004],[-87.22286974499997,30.403723542000023],[-87.22293954299994,30.403779144000055],[-87.22294324299997,30.403782144000047],[-87.22295044299995,30.403788744000053],[-87.22303383899998,30.403864646000045],[-87.22305423899996,30.40389774600004],[-87.22306073799996,30.403922747000024],[-87.22305543799996,30.403941347000057],[-87.22306963799997,30.403959448000023],[-87.22316183499998,30.403975648000028],[-87.22330173099994,30.403952048000065],[-87.22342462699999,30.403950748000057],[-87.22352062499994,30.403963549000025],[-87.22357122299996,30.40395894900007],[-87.22375971799994,30.40391574800003],[-87.22382101699998,30.40388734800007],[-87.22392421399996,30.403807646000075],[-87.22402631199998,30.403697644000033],[-87.22409191099996,30.40360374200003],[-87.22412721099994,30.40354074100003],[-87.22415251099994,30.403473039000062],[-87.22417871099998,30.40337003700006],[-87.22419211099998,30.403295936000063],[-87.22419961099996,30.40322023400006],[-87.22420621199996,30.40313763200004],[-87.22420691199994,30.40310263200007],[-87.22419061299996,30.40303293000005],[-87.22418181399996,30.40297522900005],[-87.22415911599995,30.40287072600006],[-87.22410081899994,30.40270162300004],[-87.22408261999999,30.40263062100007],[-87.22407142099996,30.40259222000003],[-87.22405292199994,30.402529419000075],[-87.22404072299997,30.402478018000068],[-87.22406072199999,30.402441017000058],[-87.22405622299999,30.402407616000062],[-87.22406442299996,30.40233441500004],[-87.22405902499997,30.402167311000028],[-87.22404672599998,30.402115910000077],[-87.22399852799998,30.401994107000064],[-87.22399952799998,30.40196830600007],[-87.22399092899997,30.401937906000057],[-87.22398752899994,30.401926006000053],[-87.22397982899997,30.401908005000053],[-87.22398302899995,30.40189500500003],[-87.22398762899996,30.401875904000065],[-87.22400312899998,30.401861804000077],[-87.22401912899994,30.401856604000045],[-87.22405382799997,30.401845304000062],[-87.22406402799999,30.40183290400006],[-87.22405692799998,30.401807403000078],[-87.22402992999997,30.401710801000036],[-87.22401243099995,30.401667300000042],[-87.22400583099994,30.401654300000075],[-87.22399923099994,30.401638699000046],[-87.22399383099997,30.401630699000066],[-87.22396003299997,30.401580598000066],[-87.22394723299999,30.40156139800007],[-87.22394063399997,30.401520297000047],[-87.22393393399994,30.40149619600004],[-87.22391723499999,30.401435495000044],[-87.22390903599995,30.401401194000073],[-87.22388923699998,30.401318692000075],[-87.22388433699996,30.401294892000067],[-87.22387983799996,30.401272491000043],[-87.22385593999996,30.40115528900003],[-87.22384333999997,30.401093487000026],[-87.22380254299998,30.40093608400008],[-87.22377284499998,30.400853382000037],[-87.22373694599997,30.400793880000037],[-87.22370064699999,30.400767080000037],[-87.22365204899995,30.40074897900007],[-87.22355225199999,30.40072017800003],[-87.22341295599995,30.400690077000036],[-87.22329435999995,30.400685977000023],[-87.22319826299997,30.40068377700004],[-87.22309136599995,30.400691477000066],[-87.22304886699999,30.400698677000037],[-87.22297346899995,30.400711477000073],[-87.22297206899998,30.400711777000026],[-87.22288517099997,30.40072717700008],[-87.22279287399994,30.400753778000023],[-87.22273047499993,30.400785678000034],[-87.22267947599994,30.40082207900008],[-87.22263597699998,30.400861580000026],[-87.22263427699994,30.400863180000044],[-87.22260867799997,30.400901280000028],[-87.22259447799996,30.40093918100007],[-87.22258927699994,30.400993682000035],[-87.22260987599998,30.401062084000046],[-87.22262697499997,30.401111185000047],[-87.22261957499995,30.401124985000024],[-87.22261637499997,30.401130785000078],[-87.22260207599999,30.401129685000058],[-87.22259367599997,30.40112898500007],[-87.22257067699996,30.40111508500007],[-87.22255457799997,30.401079284000048],[-87.22255077799997,30.401070884000035],[-87.22254097899997,30.400987782000072],[-87.22254057899994,30.400933381000073],[-87.22256167899997,30.40088688000003],[-87.22259527899996,30.400836479000077],[-87.22260537799997,30.400826679000033],[-87.22264307799998,30.400790478000033],[-87.22277447499994,30.40071077700003],[-87.22282867299998,30.400686376000067],[-87.22289747099995,30.400672376000045],[-87.22293796999998,30.400664176000078],[-87.22303726799998,30.400648776000025],[-87.22307976599996,30.400642176000076],[-87.22320086299999,30.400634076000074],[-87.22326986099995,30.400631076000025],[-87.22339005699996,30.40063867600003],[-87.22347225499999,30.40064927700007],[-87.22348365499994,30.400650777000067],[-87.22356335199999,30.40067037700004],[-87.22366164899995,30.40069797800004],[-87.22371304799998,30.400715879000074],[-87.22375484599996,30.400740179000024],[-87.22378124499994,30.400768480000067],[-87.22380934399996,30.400805281000032],[-87.22383964299996,30.400864882000064],[-87.22385964199998,30.40091158300004],[-87.22389043999999,30.401025686000025],[-87.22390443899997,30.40107968700005],[-87.22392803699995,30.401171189000024],[-87.22392833699996,30.401172689000077],[-87.22394583599998,30.401272491000043],[-87.22395263499999,30.40131099200005],[-87.22395683499997,30.40133329300005],[-87.22395973499994,30.401348793000068],[-87.22396463399997,30.40137489400007],[-87.22400513199995,30.401485296000033],[-87.22400803199997,30.401489996000066],[-87.22401393199993,30.40149279600007],[-87.22401983199995,30.40149569600004],[-87.22402073199999,30.401495796000063],[-87.22402203199994,30.40149539600003],[-87.22402563199995,30.40149649600005],[-87.22403153099998,30.401497396000025],[-87.22403683099998,30.401494496000055],[-87.22404303099995,30.40149109600003],[-87.22404943099997,30.401474896000025],[-87.22405323099997,30.401471396000034],[-87.22406163099998,30.401468996000062],[-87.22408072999997,30.401466996000067],[-87.22416212799999,30.40144699600006],[-87.22433662399999,30.401389795000057],[-87.22451111899994,30.401313093000056],[-87.22462451599995,30.401272893000055],[-87.22465611499996,30.401272193000068],[-87.22467871499998,30.40127939300004],[-87.22468881399999,30.40129229300004],[-87.22475400999997,30.401541499000075],[-87.22479350799995,30.401651301000072],[-87.22493130199996,30.401900407000028],[-87.22495160099999,30.401957808000077],[-87.22496149999995,30.40197740900004],[-87.22498289999999,30.40200180900007],[-87.22500229899998,30.402016110000034],[-87.22510339599995,30.40206161100008],[-87.22512349499993,30.402070611000056],[-87.22512499499999,30.40207231100004],[-87.22513709399999,30.40208571100004],[-87.22514179399997,30.402102012000057],[-87.22513319399997,30.402128212000036],[-87.22512909399995,30.402145913000027],[-87.22513669399996,30.402161913000043],[-87.22516079299999,30.402176713000074],[-87.22520479199994,30.402192614000057],[-87.22530428899995,30.402197814000033],[-87.22550148299996,30.402207015000045],[-87.22586417299999,30.402189415000066],[-87.22588797199995,30.402183915000023],[-87.22595916999995,30.40216751500003],[-87.22601186899999,30.40216111500007],[-87.22603146799997,30.402167715000076],[-87.22607796599993,30.402203116000067],[-87.22611436499994,30.402247217000024],[-87.22611836499999,30.402250717000072],[-87.22612026499996,30.40225431700003],[-87.22613196399999,30.402268518000028],[-87.22616646299997,30.402306518000046],[-87.22617306299998,30.402311019000024],[-87.22621906099994,30.402341919000037],[-87.22630625799997,30.402376120000042],[-87.22636345599994,30.40239462100004],[-87.22638905599996,30.402411621000056],[-87.22639945499998,30.402431222000075],[-87.22640385499994,30.40246132200008],[-87.22640085499995,30.402479523000068],[-87.22639325499995,30.402493923000065],[-87.22637355499995,30.40250822300004],[-87.22633745599995,30.402510723000034],[-87.22630585699994,30.40250152300007],[-87.22626665799999,30.402498723000065],[-87.22615656099998,30.402528523000058],[-87.22614146199999,30.402538923000066],[-87.22613996099994,30.40255062400007],[-87.22616885999997,30.402592225000035],[-87.22620435899995,30.402643526000077],[-87.22621775799996,30.40268142700006],[-87.22621765799994,30.402702327000043],[-87.22621005799994,30.402719328000046],[-87.22618885799994,30.40276362800006],[-87.22617215799994,30.40279362900003],[-87.22615535799997,30.402854930000046],[-87.22615365799999,30.402895431000047],[-87.22616845699997,30.402979033000065],[-87.22620405499998,30.40312013600004],[-87.22621265299995,30.403227239000046],[-87.22621985199999,30.403319941000063],[-87.22624184999995,30.40348324400003],[-87.22628494799994,30.403633548000073],[-87.22633104499994,30.40378385100007],[-87.22634874399995,30.40388055300008],[-87.22635444299999,30.403977155000064],[-87.22637224199997,30.404052957000033],[-87.22640343999996,30.404156259000047],[-87.22645713699995,30.40429736200008],[-87.22652313399999,30.404370664000055],[-87.22653963399995,30.404382464000037],[-87.22655023299995,30.40438126400005],[-87.22658943199997,30.404365664000068],[-87.22660003199996,30.404356564000068],[-87.22654933499996,30.404207561000078],[-87.22647913799995,30.40405455700005],[-87.22645243999995,30.403957855000044],[-87.22642004299996,30.403748850000056],[-87.22639194499999,30.40362994800006],[-87.22635774699995,30.403508445000057],[-87.22632534899998,30.403309841000066],[-87.22632404999996,30.403261540000074],[-87.22633334999995,30.40317533800004],[-87.22633205099999,30.40313483700004],[-87.22632305099995,30.403111336000052],[-87.22630215199996,30.403082536000056],[-87.22629315299997,30.40304853500004],[-87.22629035299997,30.40300943400007],[-87.22629945299997,30.40298073300005],[-87.22630865299999,30.40294673300008],[-87.22632075299998,30.402925932000073],[-87.22634195199998,30.40291293200005],[-87.22638865099998,30.402901332000056],[-87.22642484999994,30.40290143200008],[-87.22645034899995,30.402915832000076],[-87.22648934799997,30.402960333000067],[-87.22654024599996,30.403041435000034],[-87.22655064499997,30.40308453600005],[-87.22654894399994,30.40313813700004],[-87.22652914499997,30.403202039000064],[-87.22645194599994,30.40329974100007],[-87.22659453499995,30.404048457000044],[-87.22687172699995,30.404017157000055],[-87.22686932799996,30.403905855000062],[-87.22686213199995,30.40357074700006],[-87.22685603299999,30.40346134500004],[-87.22705512699997,30.403449245000047],[-87.22729501999999,30.403428645000076],[-87.22728982099994,30.403393944000072],[-87.22734031899995,30.403386744000045],[-87.22735461899998,30.40338444400004],[-87.22732941999999,30.403332943000066],[-87.22735081999997,30.403325943000027],[-87.22753021499994,30.40325904200006],[-87.22758001399995,30.403242542000044],[-87.22756811399995,30.40321274100006],[-87.22766241199997,30.40318324100008],[-87.22775740999998,30.403149640000038],[-87.22777760899999,30.403175541000053],[-87.22783100699996,30.403154640000025],[-87.22785650699996,30.403105839000034],[-87.22789430599994,30.403052338000066],[-87.22792910599998,30.40301463800006],[-87.22801230399995,30.402929936000078],[-87.22805320399993,30.402871335000043],[-87.22800740499997,30.402838634000034],[-87.22811890299994,30.40271853200005],[-87.22817740099998,30.402738932000034],[-87.22817330199996,30.40265543000004],[-87.22821310099994,30.402603429000067],[-87.22826500099995,30.402426426000034],[-87.22833640199997,30.40216262000007],[-87.22836100199999,30.402094619000025],[-87.22840530099995,30.40200281700004],[-87.22840360099997,30.401967316000025],[-87.22838520199997,30.401928215000055],[-87.22829230599996,30.401784312000075],[-87.22822790899994,30.401733310000054],[-87.22819090999997,30.401683509000065],[-87.22817341099994,30.401648008000052],[-87.22815811199996,30.401600307000024],[-87.22813851299998,30.40155950600007],[-87.22813511299995,30.40155250600003],[-87.22806811599997,30.401441504000047],[-87.22804981699994,30.401410003000024],[-87.22802601699999,30.401388503000078],[-87.22799371899998,30.401355202000047],[-87.22793732099996,30.40127540000003],[-87.22770112999996,30.401057795000042],[-87.22766423099995,30.401039594000054],[-87.22754343499997,30.40097189200003],[-87.22750483599998,30.400952592000067],[-87.22745793799999,30.40093709200005],[-87.22741273899999,30.400922691000062],[-87.22733134199996,30.400870290000057],[-87.22730524299999,30.40084518900005],[-87.22726284499998,30.400767287000065],[-87.22724674599993,30.400739487000067],[-87.22718384799998,30.40069608600004],[-87.22709605099999,30.400626284000055],[-87.22704435299994,30.400594383000055],[-87.22700285399998,30.40057548300007],[-87.22692985599997,30.400566482000045],[-87.22689225699997,30.40056798200004],[-87.22685325799995,30.400577682000062],[-87.22680595899999,30.400606883000023],[-87.22662456299997,30.400764786000025],[-87.22636046799994,30.401042391000033],[-87.22622527099998,30.401219695000066],[-87.22613137199994,30.401373698000043],[-87.22612757199994,30.40137979800005],[-87.22610287299995,30.40141619900004],[-87.22607417299997,30.401432199000055],[-87.22605357399999,30.401435199000048],[-87.22602507499994,30.401428899000052],[-87.22601577499995,30.401427599000044],[-87.22599037599997,30.401414299000066],[-87.22597337599996,30.401396998000052],[-87.22596597699999,30.401374498000052],[-87.22597177699998,30.401326397000048],[-87.22598687699997,30.40127949600003],[-87.22604007599995,30.401205394000044],[-87.22605837599997,30.40117979400003],[-87.22619977299996,30.401010690000078],[-87.22633697099997,30.40085928700006],[-87.22638416999996,30.400789386000042],[-87.22640286999996,30.40076788600004],[-87.22641736899999,30.400750085000027],[-87.22643416899996,30.40072288500005],[-87.22645086899996,30.400690784000062],[-87.22645806899999,30.400680084000044],[-87.22653296799996,30.400535181000066],[-87.22658076799996,30.400391678000062],[-87.22658386799998,30.400353077000034],[-87.22657396899996,30.400317776000065],[-87.22655296999994,30.400280175000034],[-87.22651877099997,30.400236574000076],[-87.22647837199997,30.400200373000075],[-87.22644697399994,30.40017877300005],[-87.22640417499997,30.40016137200007],[-87.22626917999997,30.400066870000046],[-87.22620988199998,30.400019069000052],[-87.22605988699996,30.39993326700005],[-87.22602738799998,30.399922266000033],[-87.22598888899995,30.39991876600004],[-87.22595808999995,30.399908766000067],[-87.22588629199998,30.39986676500007],[-87.22578029599998,30.399781163000057],[-87.22563670099998,30.39968126000008],[-87.22559310299994,30.399652160000073],[-87.22553950499997,30.399610159000076],[-87.22551050599998,30.399585458000047],[-87.22549180599998,30.399567258000047],[-87.22547890699997,30.39954805700006],[-87.22547400699995,30.39952255700007],[-87.22547570699999,30.39950785600007],[-87.22548810699999,30.399486356000068],[-87.22552140699997,30.39943945500005],[-87.22553560599994,30.399418954000055],[-87.22555550599998,30.399404254000046],[-87.22558670499996,30.399401054000066],[-87.22563040399996,30.399407754000038],[-87.22574539999994,30.399422455000035],[-87.22582379799996,30.39944385600006],[-87.22625978299999,30.399714962000076],[-87.22664926999994,30.399941668000054],[-87.22690966099998,30.400104572000032],[-87.22725724899999,30.40035707900006],[-87.22767733399996,30.400631885000053],[-87.22800422299997,30.40085589100005],[-87.22834751099998,30.40106309600003],[-87.22851850499995,30.401186599000027],[-87.22863040099998,30.401291702000037],[-87.22866479999999,30.40132400300007],[-87.22901688799999,30.401496507000047],[-87.22915978299994,30.401555709000036],[-87.22922448099996,30.401570209000056],[-87.22932537799994,30.401574409000034],[-87.22944287499996,30.40156951000006],[-87.22961016999994,30.401550409000038],[-87.22984536399997,30.401509309000062],[-87.22992526199994,30.401492509000036],[-87.23000065999997,30.40145880800003],[-87.23015445599998,30.40136930700004],[-87.23019425499996,30.40135570600006],[-87.23030095199994,30.40133610600003],[-87.23041584899994,30.40131930600006],[-87.23052514599999,30.401312506000068],[-87.23086673599994,30.401316407000024],[-87.23094243399999,30.401315907000026],[-87.23100603199998,30.401307907000046],[-87.23105633099999,30.401309707000053],[-87.23121672599996,30.401316508000036],[-87.23137052199996,30.401282907000052],[-87.23159061599995,30.401223507000054],[-87.23190130799998,30.40112770500008],[-87.23196770599998,30.401101805000053],[-87.23220599999996,30.401021504000028],[-87.23239459599995,30.40095290200003],[-87.23248199299996,30.400924402000044],[-87.23262838999995,30.400863401000038],[-87.23275058599995,30.40081550000008],[-87.23282438399997,30.40080130000007],[-87.23289678199995,30.40079110000005],[-87.23297807999995,30.400793900000053],[-87.23308207699995,30.400787700000024],[-87.23313937599994,30.40077210000004],[-87.23337016999994,30.400669598000036],[-87.23342746799995,30.40065149800006],[-87.23344706799998,30.400647698000057],[-87.23348476699994,30.400638598000057],[-87.23350896599999,30.400622998000074],[-87.23353916599996,30.40060219700007],[-87.23356036499996,30.400578797000037],[-87.23357996499999,30.400569697000037],[-87.23360406399996,30.400567097000078],[-87.23364016299996,30.400577697000074],[-87.23367936199998,30.40058559700003],[-87.23373055999997,30.400580597000044],[-87.23382705799997,30.400557297000034],[-87.23422074799998,30.400421295000058],[-87.23452393999997,30.400308593000034],[-87.23465063699996,30.400251492000052],[-87.23466803699995,30.400223992000065],[-87.23471623599994,30.400126490000048],[-87.23473863599997,30.40008098900006],[-87.23474963599995,30.40006758800007],[-87.23476123499995,30.400056688000063],[-87.23479753399994,30.400040888000035],[-87.23482643399996,30.400033988000075],[-87.23485863299999,30.400035888000048],[-87.23489383199995,30.40005308800005],[-87.23494322999994,30.400096989000076],[-87.23496392899995,30.400109790000045],[-87.23498262899994,30.40011229000004],[-87.23507122599995,30.400108490000036],[-87.23520162199998,30.400101290000066],[-87.23546111499996,30.400056790000065],[-87.23549151399999,30.400057590000074],[-87.23553821299998,30.40006389000007],[-87.23555001299997,30.40006219000003],[-87.23558191199999,30.400054890000035],[-87.23562241099995,30.40003709000007],[-87.23566850999998,30.400009389000047],[-87.23569450899998,30.400002889000064],[-87.23571320799994,30.40000548900008],[-87.23572970799995,30.400020089000066],[-87.23575780599998,30.400086891000058],[-87.23589310299997,30.40008939100005],[-87.23595280099994,30.400060991000032],[-87.23623909299994,30.400069092000024],[-87.23626439199995,30.400066692000053],[-87.23671328099994,30.399835487000075],[-87.23673168099998,30.39982888700007],[-87.23674487999995,30.399829087000057],[-87.23698707299997,30.399833588000035],[-87.23715906899997,30.39976348700003],[-87.23731146499995,30.39969998600003],[-87.23743066199995,30.399657185000024],[-87.23762815699996,30.399604184000054],[-87.23777585299996,30.39957328400004],[-87.23779385299997,30.39957028400005],[-87.23781205199998,30.39956658400007],[-87.23780225099995,30.399723987000073],[-87.23784834999998,30.39971848700003],[-87.23790344799994,30.39971078700006],[-87.23805864399998,30.399688987000047],[-87.23812804199997,30.399668287000054],[-87.23823663899998,30.399618986000064],[-87.23843143499994,30.399490284000024],[-87.23844503499998,30.399473283000077],[-87.23844813499994,30.399457683000037],[-87.23844363499995,30.399438083000064],[-87.23844073499998,30.399424982000028],[-87.23841823599997,30.399381781000045],[-87.23841383699994,30.39936748100007],[-87.23841083699995,30.399351781000064],[-87.23841393699996,30.399338680000028],[-87.23845673599999,30.399235678000025],[-87.23853683599998,30.399042774000065],[-87.23858983599996,30.398915372000033],[-87.23865603499996,30.39875606800007],[-87.23873143399999,30.39861316500003],[-87.23873803399994,30.39860066500006],[-87.23875723399999,30.398542664000047],[-87.23878413399996,30.398461762000068],[-87.23878873399997,30.398447662000024],[-87.23883993399994,30.398293459000058],[-87.23886433399997,30.398219957000038],[-87.23887403399993,30.398190656000054],[-87.23890463399994,30.398099155000068],[-87.23890763399999,30.398085854000044],[-87.23892963399999,30.397988652000038],[-87.23896223399998,30.397844449000047],[-87.23899453599995,30.397612544000026],[-87.23901703599995,30.397451641000032],[-87.23906103599995,30.39738863900004],[-87.23909623499998,30.397364339000035],[-87.23920033299999,30.397270037000055],[-87.23923933199995,30.397235736000027],[-87.23927693099995,30.39717793500006],[-87.23929673099997,30.397154235000073],[-87.23932682999998,30.397136835000026],[-87.23945072699996,30.39707883400007],[-87.23961512299996,30.39701903300005],[-87.23967832199997,30.396993132000034],[-87.23989641599997,30.396912731000043],[-87.24043470199996,30.396707328000048],[-87.24068699599997,30.396623426000076],[-87.24073069499997,30.39661462600003],[-87.24075969399996,30.39662372600003],[-87.24078049299999,30.39663002700007],[-87.24082099199995,30.396625227000072],[-87.24086169099996,30.396618827000054],[-87.24093248899999,30.39660202600004],[-87.24102268699994,30.39656592600005],[-87.24111508499999,30.396520225000074],[-87.24114208399999,30.39649922500007],[-87.24126158099995,30.396433923000075],[-87.24139947799995,30.396362122000028],[-87.24149007599999,30.396328422000067],[-87.24156067399997,30.39630942100007],[-87.24165457099997,30.39629362100004],[-87.24167317099995,30.396296221000057],[-87.24185716599999,30.396247121000044],[-87.24216175799995,30.396167020000064],[-87.24237305199995,30.396112819000052],[-87.24237125299999,30.396071118000066],[-87.24258824699996,30.396017017000077],[-87.24280084099996,30.39595621600006],[-87.24285963999995,30.39594201600005],[-87.24287013899999,30.39594341600008],[-87.24288213899996,30.395953917000043],[-87.24289263799994,30.395978717000048],[-87.24290763799996,30.395986617000062],[-87.24293773699998,30.395994518000066],[-87.24298443599997,30.39599591800004],[-87.24300853499994,30.395988118000048],[-87.24305833399995,30.39597391700005],[-87.24313233199996,30.39593291700004],[-87.24312823199995,30.395919116000073],[-87.24312663199998,30.395902316000047],[-87.24313483199995,30.395889316000023],[-87.24321772999997,30.395855415000028],[-87.24354852199997,30.39573031300006],[-87.24359812099999,30.395709513000043],[-87.24275795099999,30.39498859500003],[-87.23825361599995,30.391112702000044],[-87.23772143499997,30.39065119000003],[-87.23745664499995,30.390417085000024],[-87.23347428899996,30.386998402000074],[-87.23275921499999,30.386392787000034],[-87.23148936099994,30.38528836100005],[-87.23136639399996,30.382019289000027],[-87.24596712899995,30.36546596200003],[-87.24865348099996,30.362407201000053],[-87.25035504699997,30.36046986100007],[-87.25048574399995,30.360305358000062],[-87.25050984299997,30.360294357000043],[-87.25325886899998,30.356972980000023],[-87.25559320399998,30.354327917000035],[-87.25604959099996,30.353810805000023],[-87.25704676299995,30.352680778000035],[-87.25748715099996,30.352181767000047],[-87.25774044399998,30.35189476000005],[-87.25794933799995,30.35165805400004],[-87.25801363599999,30.35158435200003],[-87.25831322799996,30.35124094400004],[-87.26154783799996,30.347533956000063],[-87.26233321599994,30.346633934000067],[-87.26320008299996,30.346623532000024],[-87.26358766799996,30.346618831000058],[-87.26434183899994,30.346609829000045],[-87.26445533499998,30.346608529000036],[-87.26438063799998,30.34655372800006],[-87.26389875999996,30.34620042100005],[-87.26386566099995,30.346176121000042],[-87.26385956199994,30.346149120000064],[-87.26397035799994,30.34603531700003],[-87.26400885699996,30.346038117000035],[-87.26428664399998,30.34624142100006],[-87.26449253499999,30.346392124000033],[-87.26449533499994,30.346394124000028],[-87.26538719499996,30.347046937000073],[-87.26587098099998,30.346548925000036],[-87.26488792499998,30.345826311000053],[-87.26488352499996,30.345823111000072],[-87.26448814299994,30.34553240500003],[-87.26435844899999,30.34543710300005],[-87.26511132499996,30.34483718900003],[-87.26624428999997,30.343934266000076],[-87.26628848899998,30.343899065000073],[-87.26633198699994,30.34394056600007],[-87.26646498199995,30.34383486300004],[-87.26646748199994,30.343837063000024],[-87.26652437999996,30.343887064000057],[-87.26655997799998,30.34392116500004],[-87.26642458199996,30.34402816800008],[-87.26648047999998,30.344080469000062],[-87.26703486099996,30.343727260000037],[-87.26708375999993,30.343734460000064],[-87.26718315599999,30.34374906000005],[-87.26721385399998,30.34375356000004],[-87.26698094999995,30.345284994000053],[-87.26737153399995,30.345330294000064],[-87.26762593799998,30.343800860000044],[-87.26786732899996,30.34383056000007],[-87.26786442899999,30.343850360000033],[-87.26786112799994,30.34386986100003],[-87.26781672799996,30.344123667000076],[-87.26790942299994,30.344243369000026],[-87.26815111099995,30.344555575000072],[-87.26824290799999,30.344573876000027],[-87.26889688099999,30.344704277000062],[-87.26901027699995,30.34469527600004],[-87.26912387299996,30.344696776000035],[-87.26913847299994,30.344611774000043],[-87.26919707099995,30.34461787400005],[-87.26925676799999,30.344624074000023],[-87.26923976799998,30.344723077000026],[-87.26927326699996,30.344726777000062],[-87.26945865899995,30.344747277000067],[-87.26965305199997,30.34476397700007],[-87.26978314699994,30.34475857600006],[-87.27013643399994,30.344719274000056],[-87.27030712699997,30.344701074000056],[-87.27044532199994,30.344663973000024],[-87.27046542299996,30.34454517000006],[-87.27058561799998,30.34455077000007],[-87.27057431799994,30.344619071000068],[-87.27083710799997,30.34454106900006],[-87.27115089699998,30.344443566000052],[-87.27116319799995,30.344356264000055],[-87.27123929499999,30.344363964000024],[-87.27123049399995,30.344419465000044],[-87.27145298599999,30.34436206400005],[-87.27148468499996,30.34435746300005],[-87.27154218299995,30.344356163000043],[-87.27159248099997,30.344364263000045],[-87.27168207699998,30.344374163000055],[-87.27172017599997,30.344382463000045],[-87.27189966799995,30.344486465000045],[-87.27216335699995,30.344647568000028],[-87.27222355399994,30.34468706900003],[-87.27224795299998,30.344691769000065],[-87.27238754799998,30.34468706900003],[-87.27239204699998,30.344686869000043],[-87.27239914799998,30.34461736700007],[-87.27247214499994,30.344619367000064],[-87.27246184499995,30.34470236900006],[-87.27244954399998,30.344801671000027],[-87.27253913999994,30.34486017200004],[-87.27272433199994,30.344979574000035],[-87.27283372699998,30.34504157500004],[-87.27286882599998,30.34504997600004],[-87.27295692199993,30.345063476000064],[-87.27297272299995,30.34495827300003],[-87.27305441999994,30.344965973000058],[-87.27303251899997,30.345108777000064],[-87.27327290999995,30.345144977000075],[-87.27339890499996,30.345154077000075],[-87.27347300199995,30.345148476000077],[-87.27356969799996,30.345138476000045],[-87.27358339899996,30.34505037400004],[-87.27369749399998,30.34506327400004],[-87.27368169399995,30.345187277000036],[-87.27383068799998,30.34521417700006],[-87.27392838399999,30.345231777000038],[-87.27444536299998,30.345301978000066],[-87.27447196299994,30.345183975000054],[-87.27465165599995,30.34521437500007],[-87.27462065599997,30.345355978000043],[-87.27595310299995,30.34554638000003],[-87.27597420399997,30.34541957700003],[-87.27614099699997,30.345436577000044],[-87.27612279699997,30.345566580000025],[-87.27691136599998,30.345667780000042],[-87.27693806599996,30.345543577000058],[-87.27711185899994,30.345562177000033],[-87.27708865899996,30.34569078000004],[-87.27742424499996,30.34573228000005],[-87.27769433499998,30.345695079000052],[-87.27796212499999,30.34565827800003],[-87.27810011999998,30.345639277000032],[-87.27859490199995,30.345571174000042],[-87.27863350099994,30.34555477400005],[-87.27865429999997,30.345541173000072],[-87.27867959899999,30.345523573000037],[-87.27869989899995,30.34549417200003],[-87.27870689899999,30.34538857000007],[-87.27887759299995,30.345387069000026],[-87.27887509199996,30.345477172000074],[-87.27888649099998,30.345501872000057],[-87.27889899099995,30.345517372000074],[-87.27892368999994,30.345532673000037],[-87.27895738799998,30.34554507300004],[-87.27898488699998,30.345552273000067],[-87.27952496599994,30.345611173000066],[-87.27954366599994,30.345482670000024],[-87.27965376199995,30.345497570000077],[-87.27967136199999,30.345373067000025],[-87.27985185499995,30.345391267000025],[-87.27983445499996,30.34551847000006],[-87.28110760499999,30.345673671000043],[-87.28113080499998,30.345532268000056],[-87.28132679699996,30.345558968000034],[-87.28130749699994,30.345699771000056],[-87.28179187799998,30.345757771000024],[-87.28203976799995,30.34578747100005],[-87.28213466399995,30.345798771000034],[-87.28246255199997,30.345812571000067],[-87.28252154899997,30.34580997100005],[-87.28255454799995,30.34580137000006],[-87.28262484599998,30.345769570000073],[-87.28264474599996,30.34563306600006],[-87.28280973999995,30.345632266000052],[-87.28278873899995,30.345779169000025],[-87.28283243699997,30.345822870000063],[-87.28287113599998,30.345852171000047],[-87.28289573399996,30.345864771000038],[-87.28295473199995,30.345875271000068],[-87.28387999699999,30.345841368000038],[-87.28428448199998,30.345722265000063],[-87.28435817999997,30.345687164000026],[-87.28450247499995,30.345617262000076],[-87.28457297299997,30.345589161000078],[-87.28460617099995,30.345580561000077],[-87.28463436999994,30.34557796100006],[-87.28465646899997,30.34558276100006],[-87.28467916799997,30.34559936100004],[-87.28471526699997,30.345631062000052],[-87.28473686599995,30.345658162000063],[-87.28478596299999,30.345752364000077],[-87.28490435799995,30.34575826400004],[-87.28502845399998,30.345755564000058],[-87.28510845099999,30.345747164000045],[-87.28529944399997,30.345697062000056],[-87.28547353799996,30.34564326000003],[-87.28556403399995,30.345630760000063],[-87.28576542699994,30.34562765900006],[-87.28609651399995,30.345603358000062],[-87.28634580499994,30.345583357000066],[-87.28642920099998,30.345585457000027],[-87.28648569899997,30.345601357000078],[-87.28652829699996,30.34560565700008],[-87.28657379599997,30.34560725700004],[-87.28666889199997,30.34559865700004],[-87.28669919099997,30.345597957000052],[-87.28676628799997,30.345612257000028],[-87.28688078399995,30.345653457000026],[-87.28693158099998,30.34567165800007],[-87.28705517599997,30.34570185800004],[-87.28720137099998,30.34572755800008],[-87.28739396299994,30.345743258000027],[-87.28750505899995,30.345752358000027],[-87.28768355199998,30.345745858000043],[-87.28785564599997,30.345723657000065],[-87.28799534099994,30.34568515600006],[-87.28812083599996,30.34562455400004],[-87.28830242999999,30.345512851000024],[-87.28836602799998,30.345469450000053],[-87.28848092399994,30.345391048000067],[-87.28851332299996,30.345368947000054],[-87.28879681399997,30.345220743000027],[-87.28908650399995,30.34502653800007],[-87.28917950099998,30.344944336000026],[-87.28921779999996,30.344893635000062],[-87.28927139899997,30.344822733000058],[-87.28936199599997,30.344710430000077],[-87.28940339499997,30.34467273000007],[-87.28963528699995,30.344628928000077],[-87.29006027099996,30.34454362500003],[-87.29020816599996,30.344514124000057],[-87.29017036799996,30.34438612100007],[-87.29034866199999,30.34435042000007],[-87.29038925899994,30.344478123000044],[-87.29050995499995,30.344454822000046],[-87.29044125999997,30.34418561600006],[-87.29045445899999,30.344185116000062],[-87.29047555799997,30.34418211600007],[-87.29063735199998,30.344174615000043],[-87.29084784399998,30.344171215000074],[-87.29110853399999,30.344176014000027],[-87.29132252599999,30.344191014000046],[-87.29145711999996,30.344206014000065],[-87.29148671899998,30.344209314000068],[-87.29149052099996,30.34401021000008],[-87.29149672299997,30.343689502000075],[-87.29149942399994,30.343603700000074],[-87.29151792799996,30.343016987000055],[-87.29153973299998,30.34232507100006],[-87.29155403699997,30.34187116100003],[-87.29156573899996,30.341503153000076],[-87.29159444599998,30.340590732000067],[-87.29160564899996,30.34023482400005],[-87.29165715999994,30.338602387000037],[-87.29172347599996,30.336496339000064],[-87.29174668099995,30.335763022000037],[-87.29176428499994,30.33520400900005],[-87.29179329199997,30.334285988000033],[-87.29180949599998,30.33377097700003],[-87.29180999599998,30.333756076000043],[-87.29182039799997,30.333425869000052],[-87.29183120099998,30.333081161000052],[-87.29183270099998,30.33303606000004],[-87.29184210299996,30.33273585300003],[-87.29185290599997,30.332395845000065],[-87.29185290599997,30.332394945000033],[-87.29186880899994,30.331890534000024],[-87.29189221499996,30.331148617000053],[-87.28983739699999,30.330761513000027],[-87.28971660199994,30.33073881300004],[-87.28722910199997,30.33027000900006],[-87.28673682199997,30.330177208000066],[-87.28450031199998,30.32975590500007],[-87.28373924299996,30.329612504000067],[-87.28263918699997,30.329406302000052],[-87.28166312599996,30.329224100000033],[-87.28066976599996,30.32903789900007],[-87.27682062099996,30.32831609300007],[-87.27340465899994,30.327675688000056],[-87.26970520799995,30.326981982000063],[-87.26833376299999,30.326724780000063],[-87.26771728799997,30.32660917900006],[-87.26620254899996,30.32632467700006],[-87.26159293499995,30.325458971000046],[-87.26127314799999,30.325398870000072],[-87.26082336599995,30.325314370000058],[-87.25871595099994,30.324918667000077],[-87.25847076099996,30.324872666000033],[-87.25837636499995,30.324854966000032],[-87.25731360799995,30.32465536500007],[-87.25685982599998,30.32457016400008],[-87.25431662899996,30.324093961000074],[-87.25267159499998,30.323785859000054],[-87.25258409899999,30.32376945900006],[-87.25165363599996,30.32359525700008],[-87.25099196299999,30.323471357000074],[-87.24892353399997,30.323084049000045],[-87.24762297299998,30.32284044100004],[-87.24627851199995,30.322588632000077],[-87.24613551599998,30.322561931000052],[-87.24581292199997,30.32292073800005],[-87.24248657999999,30.326619811000057],[-87.24234038199995,30.32678231500006],[-87.24176849199995,30.327418327000032],[-87.24074690999998,30.32855095000008],[-87.24001642299999,30.329360766000036],[-87.23750196799995,30.332148321000034],[-87.23563280099995,30.334237862000066],[-87.23245825699996,30.337750631000063],[-87.22836383199996,30.342213419000075],[-87.22164635399997,30.349644366000064],[-87.22094316699997,30.35042228100008],[-87.22043397599998,30.35098559200003],[-87.21606105599994,30.355877389000057],[-87.21548506699997,30.356521702000066],[-87.21242512299995,30.359941769000045],[-87.21055735799996,30.362027211000054],[-87.21041816099995,30.362177814000063],[-87.20839579799997,30.36443525800007],[-87.20834419899995,30.364492859000052],[-87.20756721399994,30.365358877000062],[-87.20422927599998,30.369081950000066],[-87.20356008899995,30.369823265000036],[-87.20329989399994,30.37011147100003],[-87.19916407299996,30.37468916100005],[-87.19720940999997,30.376857104000067],[-87.18239191199996,30.379190423000068],[-87.18129774199997,30.379362724000032],[-87.17968138599997,30.37961272600006],[-87.17949499099996,30.379641526000057],[-87.17763004099999,30.379930028000047],[-87.17261407799998,30.38073013500008],[-87.16044240899998,30.382707152000023],[-87.16000451899998,30.382980257000042],[-87.15673989599998,30.38512959600007],[-87.15660269899996,30.38521989800006],[-87.15314657999994,30.387495240000078],[-87.15128312399997,30.388701662000074],[-87.15119112599996,30.38876266300008],[-87.14372980299999,30.39367435400004],[-87.13585048999994,30.39884334900006],[-87.13505840899995,30.39938846000007],[-87.13456462099998,30.399713766000048],[-87.13126029999995,30.40189080600004],[-87.13030232299997,30.40251981700004],[-87.12882515799998,30.40352053600003],[-87.11946138399998,30.40970365000004],[-87.13416880099999,30.43105644600007],[-87.13691729099997,30.435046838000062],[-87.14105652499995,30.44105637800004],[-87.15731729999999,30.434099161000063],[-87.15732175799997,30.43409723700006],[-87.16477390699998,30.430908808000027],[-87.16493190299997,30.43084120700007],[-87.16935178799997,30.428948175000073],[-87.16942128699998,30.428918475000046],[-87.17489664499999,30.42657713600005],[-87.17673709799999,30.425788822000072],[-87.17736938599995,30.424970406000057],[-87.17783692599994,30.42436532200003],[-87.17788057599995,30.42432079300005],[-87.17796777499996,30.42421069100004],[-87.17807187299996,30.42411818900007],[-87.17813767099994,30.424033587000054],[-87.17843276499997,30.42374508200004],[-87.17844196899995,30.42373533600005],[-87.17878235699999,30.423415575000035],[-87.17936444499998,30.422864065000056],[-87.17986553399999,30.422391555000047],[-87.18014802799996,30.42219065200004],[-87.18091988899994,30.421641819000058]],[[-87.19861046199998,30.413571904000037],[-87.19858566299996,30.413588204000064],[-87.19857026299997,30.413570504000063],[-87.19853266499996,30.413527603000034],[-87.19855746399998,30.413511303000064],[-87.19858096399997,30.413496002000045],[-87.19860706299994,30.413525803000027],[-87.19863386199995,30.41355650400004],[-87.19861046199998,30.413571904000037]],[[-87.18521101099998,30.39397045000004],[-87.18521081099999,30.393973750000043],[-87.18521041099996,30.393977050000046],[-87.18520971099997,30.39398035000005],[-87.18520871099997,30.39398355000003],[-87.18520751099999,30.393986650000045],[-87.18520601099999,30.39398975000006],[-87.18520431099995,30.393992750000052],[-87.18518171099998,30.394010250000065],[-87.18515891199996,30.39401175000006],[-87.18514881199997,30.394012650000036],[-87.18513481299999,30.394010150000042],[-87.18513081299994,30.39400795000006],[-87.18512781299995,30.394005950000064],[-87.18512491299998,30.394003750000024],[-87.18512221299994,30.394001350000053],[-87.18511971299995,30.39399885000006],[-87.18511741299994,30.393996150000078],[-87.18511531299998,30.393993350000073],[-87.18511351399997,30.393990450000047],[-87.18511191399995,30.393987450000054],[-87.18511051399997,30.39398435000004],[-87.18510941399995,30.39398115000006],[-87.18510861399994,30.393977950000078],[-87.18510801399998,30.39397464900003],[-87.18510771399997,30.393971349000026],[-87.18510771399997,30.393967949000057],[-87.18510791399996,30.393964649000054],[-87.18510841399996,30.39396134900005],[-87.18510911399994,30.39395814900007],[-87.18511011399994,30.393954949000033],[-87.18511141399995,30.393951749000053],[-87.18511291399994,30.39394874900006],[-87.18511471399995,30.393945749000068],[-87.18511671399995,30.393942949000063],[-87.18511891399999,30.393940249000025],[-87.18512131399996,30.393937649000065],[-87.18512401399994,30.393935249000037],[-87.18512681399994,30.393932949000032],[-87.18512981399994,30.393930949000037],[-87.18513291299996,30.393929049000064],[-87.18513621299996,30.393927349000023],[-87.18513971299996,30.393925848000038],[-87.18514321299995,30.39392454800003],[-87.18514681299996,30.393923448000066],[-87.18515121299998,30.393922548000035],[-87.18515881299999,30.39392244800007],[-87.18516271299995,30.39392274800008],[-87.18516641299999,30.39392324800008],[-87.18517021199995,30.393923949000055],[-87.18517741199997,30.393926049000072],[-87.18518091199996,30.393927449000046],[-87.18518421199997,30.393929049000064],[-87.18518741199995,30.39393084900007],[-87.18519051199996,30.393932849000066],[-87.18519341199999,30.39393504900005],[-87.18519611199997,30.393937349000055],[-87.18519861199997,30.39393984900005],[-87.18520101099995,30.393942449000065],[-87.18520311099996,30.39394524900007],[-87.18520491099997,30.39394814900004],[-87.18520661099996,30.39395114900003],[-87.18520911099995,30.39395734900006],[-87.18521001099998,30.393960649000064],[-87.18521061099995,30.393963849000045],[-87.18521091099996,30.393967150000037],[-87.18521101099998,30.39397045000004]],[[-87.18490211599999,30.39447916000006],[-87.18490611499999,30.394481360000043],[-87.18490921499995,30.394483360000038],[-87.18491211499997,30.394485560000078],[-87.18491481499996,30.394487860000027],[-87.18491731499995,30.394490360000077],[-87.18491961499996,30.39449306000006],[-87.18492171499997,30.39449576000004],[-87.18492361499995,30.394498660000068],[-87.18492521499996,30.39450166100005],[-87.18492661499994,30.394504761000064],[-87.18492771499996,30.394507961000045],[-87.18492861499999,30.394511261000048],[-87.18492921499995,30.39451446100003],[-87.18492961499999,30.39451776100003],[-87.18492971399996,30.394521161000057],[-87.18492951399998,30.39452446100006],[-87.18492901399998,30.394527761000063],[-87.18492831399999,30.394531061000066],[-87.18492731399994,30.394534261000047],[-87.18492611399995,30.39453736100006],[-87.18492461399995,30.394540461000076],[-87.18492291399997,30.394543361000046],[-87.18492091499996,30.394546261000073],[-87.18491871499998,30.394548962000044],[-87.18491631499995,30.39455156200006],[-87.18491371499994,30.394553962000032],[-87.18491091499999,30.394556262000037],[-87.18490791499994,30.394558362000055],[-87.18490481499998,30.394560262000027],[-87.18490151499998,30.394562062000034],[-87.18489811499995,30.39456356200003],[-87.18489461499996,30.39456486200004],[-87.18489101499995,30.39456596200006],[-87.18488661499998,30.394566862000033],[-87.18488281499998,30.39456706200008],[-87.18487901599997,30.39456706200008],[-87.18487521599997,30.394566862000033],[-87.18487141599996,30.394566362000035],[-87.18486761599996,30.394565662000048],[-87.18486401599995,30.394564762000073],[-87.18486041599994,30.39456356200003],[-87.18485691599994,30.39456226200008],[-87.18485351599998,30.39456066200006],[-87.18485031599994,30.394558862000054],[-87.18484721699997,30.394556962000024],[-87.18484431699994,30.39455476200004],[-87.18484151699994,30.394552461000046],[-87.18483901699994,30.394550061000075],[-87.18483661699997,30.394547361000036],[-87.18483451699996,30.394544661000054],[-87.18483261699998,30.394541761000028],[-87.18482951699997,30.394535761000043],[-87.18482841699995,30.394532561000062],[-87.18482751699997,30.394529361000025],[-87.18482681699999,30.39452606100008],[-87.18482641699995,30.394522761000076],[-87.18482631699999,30.394519461000073],[-87.18482641699995,30.39451616100007],[-87.18482751799996,30.394509560000074],[-87.18482851799996,30.394506360000037],[-87.18482971699996,30.39450326000008],[-87.18483111699999,30.394500160000064],[-87.18483281699997,30.39449716000007],[-87.18485511699998,30.39447946000007],[-87.18487851599997,30.394477160000065],[-87.18488821599999,30.394476660000066],[-87.18490211599999,30.39447916000006]],[[-87.18478102199998,30.394087651000063],[-87.18478082199994,30.394091151000055],[-87.18478032199994,30.39409475100007],[-87.18477962199995,30.394098151000037],[-87.18477852199999,30.394101652000074],[-87.18477722199998,30.394104952000077],[-87.18477572199998,30.394108252000024],[-87.18476892199999,30.394114552000076],[-87.18475982299998,30.39412395200003],[-87.18475182299994,30.394127452000077],[-87.18472452399999,30.39413495200006],[-87.18470072399998,30.39412905200004],[-87.18469642399998,30.394126752000034],[-87.18469312499997,30.39412475200004],[-87.18469002499995,30.394122552000056],[-87.18468702499996,30.394120052000062],[-87.18468432499998,30.394117452000046],[-87.18468172499996,30.394114752000064],[-87.18467942499996,30.394111852000037],[-87.18467742499996,30.394108851000055],[-87.18467552499999,30.394105651000075],[-87.18467402499994,30.394102351000072],[-87.18467272499998,30.39409905100007],[-87.18467172499999,30.394095651000043],[-87.18467092499998,30.394092151000052],[-87.18467052499994,30.39408865100006],[-87.18467032499996,30.39408515100007],[-87.18467042599997,30.39408165100008],[-87.18467082599994,30.39407815100003],[-87.18467142599997,30.39407465100004],[-87.18467242599996,30.39407125100007],[-87.18467362599995,30.394067851000045],[-87.18467512599995,30.394064550000053],[-87.18467682499994,30.394061450000038],[-87.18467882499993,30.394058350000023],[-87.18468112499994,30.394055450000053],[-87.18468362499999,30.39405265000005],[-87.18468622499995,30.394049950000067],[-87.18468912499998,30.39404755000004],[-87.18469222499994,30.394045250000033],[-87.18469552499994,30.394043150000073],[-87.18469892499996,30.394041250000043],[-87.18470252499998,30.39403955000006],[-87.18470892499994,30.394037850000075],[-87.18471292499999,30.39403715000003],[-87.18472102399994,30.394036450000044],[-87.18472512399995,30.394036550000067],[-87.18472922399997,30.394036850000077],[-87.18473322399996,30.394037350000076],[-87.18473722399995,30.39403815000003],[-87.18474112399997,30.394039150000026],[-87.18474492399997,30.39404035000007],[-87.18474862399995,30.394041850000065],[-87.18475222299998,30.39404355000005],[-87.18475572299997,30.39404545000008],[-87.18475892299995,30.39404755000004],[-87.18476202299996,30.394049850000044],[-87.18476492299999,30.394052350000038],[-87.18476762299997,30.394054950000054],[-87.18477012299996,30.394057751000048],[-87.18477242299997,30.39406075100004],[-87.18477442299996,30.394063851000055],[-87.18477612299995,30.39406695100007],[-87.18477762299995,30.394070251000073],[-87.18477882199994,30.394073651000042],[-87.18477982199994,30.394077151000033],[-87.18478052199998,30.39408055100006],[-87.18478092199996,30.394084151000072],[-87.18478102199998,30.394087651000063]],[[-87.18533490399994,30.394356858000037],[-87.18533920399994,30.394359058000077],[-87.18534250399995,30.394361058000072],[-87.18534570399999,30.394363258000055],[-87.18534870399998,30.394365658000027],[-87.18535150399998,30.394368259000032],[-87.18535400399998,30.39437095900007],[-87.18535630299993,30.39437385900004],[-87.18535840299995,30.394376859000033],[-87.18536030299998,30.39438005900007],[-87.18536190299994,30.39438325900005],[-87.18536320299995,30.394386559000054],[-87.18536430299997,30.39438995900008],[-87.18536510299998,30.39439345900007],[-87.18536560299998,30.394396959000062],[-87.18536580299997,30.394400459000053],[-87.18536570299995,30.394403959000044],[-87.18536540299993,30.394407459000035],[-87.18536470299995,30.394410960000073],[-87.18536380299997,30.39441436000004],[-87.18536260299999,30.394417760000067],[-87.18536120299996,30.39442106000007],[-87.18535950299997,30.39442426000005],[-87.18535750299998,30.394427360000066],[-87.18535530299994,30.394430260000036],[-87.18535280299994,30.394433160000062],[-87.18535020299998,30.39443576000008],[-87.18534730299996,30.394438260000072],[-87.18534430299997,30.394440560000078],[-87.18534100299996,30.39444266000004],[-87.18533760299994,30.394444660000033],[-87.18533410299995,30.394446360000074],[-87.18532770399997,30.39444806000006],[-87.18532370399998,30.394448760000046],[-87.18531960399997,30.394449260000044],[-87.18531550399996,30.394449560000055],[-87.18531150399997,30.394449560000055],[-87.18530740399996,30.394449260000044],[-87.18530340399997,30.394448760000046],[-87.18529940399998,30.39444806000006],[-87.18529540499998,30.39444706000006],[-87.18529160499997,30.394445860000076],[-87.18528790499994,30.394444460000045],[-87.18528430499998,30.39444276000006],[-87.18528080499999,30.39444086000003],[-87.18527750499999,30.39443876000007],[-87.18527440499997,30.39443656000003],[-87.18527150499995,30.394434060000037],[-87.18526870499994,30.394431460000078],[-87.18526620599994,30.394428660000074],[-87.18526390599999,30.394425760000047],[-87.18526190599994,30.394422660000032],[-87.18526010599999,30.394419459000062],[-87.18525860599999,30.39441615900006],[-87.18525730599998,30.394412859000056],[-87.18525560599994,30.394405859000074],[-87.18525520599997,30.394402359000026],[-87.18525510599994,30.394398859000034],[-87.18525520599997,30.394395359000043],[-87.18525570599996,30.39439175900003],[-87.18525640599995,30.39438835900006],[-87.18525740599995,30.39438485900007],[-87.18525860599999,30.394381559000067],[-87.18526010599999,30.394378259000064],[-87.18527470599997,30.39436125800006],[-87.18531100499996,30.39435105800004],[-87.18533490399994,30.394356858000037]],[[-87.22365304399995,30.401274391000072],[-87.22363804499997,30.40129139100003],[-87.22362044499994,30.40128689100004],[-87.22358564699994,30.401236190000077],[-87.22354774799999,30.401208789000066],[-87.22353744799995,30.401190789000054],[-87.22352504899999,30.40117108800007],[-87.22347495099996,30.40112738700003],[-87.22345875099995,30.401107787000058],[-87.22346215099998,30.401091086000065],[-87.22349274999993,30.401109287000054],[-87.22350774999995,30.401118187000066],[-87.22354174899993,30.40113488700007],[-87.22355914799994,30.40114348800006],[-87.22356114799999,30.40114328800007],[-87.22359214699998,30.401140888000043],[-87.22362014599997,30.40116358800003],[-87.22362194599998,30.401169588000073],[-87.22365304399995,30.401274391000072]],[[-87.22277296999994,30.40120428700004],[-87.22273557099999,30.401274989000058],[-87.22272677099994,30.401291489000073],[-87.22268847099997,30.40136749100003],[-87.22267507099997,30.40139939100004],[-87.22266247099998,30.401430192000078],[-87.22265457199995,30.401439392000043],[-87.22263957199993,30.40144679200006],[-87.22262437199998,30.401444192000042],[-87.22260627299994,30.401425692000032],[-87.22260117299999,30.40141379100004],[-87.22260407299996,30.401394691000064],[-87.22266967299998,30.401258988000052],[-87.22269157199997,30.401224588000048],[-87.22271627199996,30.40118578700003],[-87.22272867199996,30.40117238600004],[-87.22274247099995,30.401166086000046],[-87.22277226999995,30.401184287000035],[-87.22277296999994,30.40120428700004]],[[-87.22261206999997,30.401736198000037],[-87.22262476999998,30.40169579800005],[-87.22273566899997,30.401486393000027],[-87.22274696899996,30.401475993000076],[-87.22276966799996,30.40147789300005],[-87.22279586699995,30.401493094000045],[-87.22279856699998,30.401505094000072],[-87.22269886799995,30.401710898000033],[-87.22269276799994,30.401723098000048],[-87.22267466799997,30.40175959900006],[-87.22265976899996,30.40176899900007],[-87.22261486999997,30.401752199000043],[-87.22261206999997,30.401736198000037]],[[-87.22280156499994,30.401759299000048],[-87.22284046299995,30.401769400000035],[-87.22283976299997,30.401784400000054],[-87.22281576299997,30.401839101000064],[-87.22279086399999,30.401888402000054],[-87.22271776499997,30.402032905000056],[-87.22270336499997,30.402058406000037],[-87.22268386499996,30.40206790600007],[-87.22265406599996,30.402065006000043],[-87.22265106599997,30.402064706000033],[-87.22263446699998,30.402057205000062],[-87.22263426699999,30.402051105000055],[-87.22263406699994,30.40204510500007],[-87.22264816699999,30.402016805000073],[-87.22266806699997,30.40197680400007],[-87.22266816699994,30.40197650400006],[-87.22268246599998,30.401947703000076],[-87.22271456599998,30.401888402000054],[-87.22277416499998,30.401778100000058],[-87.22278656499998,30.401764799000034],[-87.22280156499994,30.401759299000048]],[[-87.18974416599997,30.40796126300006],[-87.18967986699994,30.407976063000035],[-87.18959366999997,30.407995864000043],[-87.18954227199998,30.407841360000077],[-87.18969836799994,30.407799160000025],[-87.18974416599997,30.40796126300006]],[[-87.21644123599998,30.40317391600007],[-87.21644123499999,30.403210717000036],[-87.21643243499994,30.403259818000038],[-87.21639353599994,30.40326901800006],[-87.21634923699997,30.403265918000045],[-87.21631393799998,30.40325831800004],[-87.21625903999995,30.403216817000043],[-87.21623434099996,30.403184616000033],[-87.21623254199994,30.403140215000064],[-87.21623964199995,30.403106415000025],[-87.21627854099995,30.403088014000048],[-87.21630153999996,30.403085014000055],[-87.21634393899996,30.403088014000048],[-87.21639523699997,30.403115615000047],[-87.21642883599998,30.40314171600005],[-87.21644123599998,30.40317391600007]],[[-87.22179231399997,30.399411246000057],[-87.22183431299999,30.399444947000063],[-87.22186181199999,30.39948134800005],[-87.22186911099999,30.39950434800005],[-87.22186801099997,30.399529249000068],[-87.22186751099997,30.399529849000032],[-87.22184141099996,30.399564750000025],[-87.22179951299995,30.399576250000052],[-87.22173801399998,30.399568250000073],[-87.22173301499998,30.399565549000044],[-87.22169301599996,30.399544349000053],[-87.22164901699995,30.399507048000032],[-87.22164631799996,30.399483348000047],[-87.22164381799996,30.399461747000032],[-87.22165201799999,30.39943164600004],[-87.22167151799994,30.399405846000036],[-87.22168681699998,30.39939074600005],[-87.22170161699995,30.399387346000026],[-87.22171761699997,30.39938374500008],[-87.22174931599994,30.39939524600004],[-87.22179231399997,30.399411246000057]],[[-87.22642346999999,30.400684484000067],[-87.22642196999999,30.400699084000053],[-87.22641356999998,30.400721585000042],[-87.22639446999995,30.40074478500003],[-87.22637686999997,30.400757285000054],[-87.22635167099997,30.400769886000035],[-87.22634247099995,30.400772586000073],[-87.22632567199997,30.400773186000038],[-87.22628707299998,30.400763185000073],[-87.22622227499994,30.400698084000055],[-87.22619867599997,30.400657183000078],[-87.22620007699999,30.400621382000054],[-87.22620897699994,30.400598381000066],[-87.22623107599998,30.400580481000077],[-87.22626647499999,30.400570281000057],[-87.22630187399994,30.400576681000075],[-87.22634167299998,30.40059068200003],[-87.22641896999994,30.400661383000056],[-87.22642346999999,30.400684484000067]],[[-87.20178678599996,30.411640669000064],[-87.20180848599995,30.411650069000075],[-87.20183638499998,30.411662169000067],[-87.20186288399998,30.411700470000028],[-87.20188058299999,30.411744971000076],[-87.20188058199994,30.41179247200006],[-87.20187348199994,30.411833873000035],[-87.20185228299994,30.411858374000076],[-87.20180098399999,30.41186297400003],[-87.20175488599995,30.41185977300006],[-87.20173378599998,30.41185837300003],[-87.20168248799996,30.411826173000065],[-87.20165948899995,30.41179247200006],[-87.20165238999994,30.41173727100005],[-87.20165768999999,30.41168667000005],[-87.20168248899995,30.411651369000026],[-87.20173728799995,30.411636069000053],[-87.20178678599996,30.411640669000064]],[[-87.19925882699994,30.415517848000036],[-87.19924812699998,30.415532148000068],[-87.19924192699995,30.41555304800005],[-87.19923872699997,30.415579149000052],[-87.19923862699994,30.415597449000074],[-87.19924452699996,30.41561315000007],[-87.19925942599997,30.415636750000033],[-87.19926812499995,30.415675951000026],[-87.19926192499997,30.415699352000047],[-87.19925582599996,30.415712452000037],[-87.19923462599996,30.415725352000038],[-87.19922452599997,30.415724452000063],[-87.19920152699996,30.415722552000034],[-87.19917142799994,30.41571715200007],[-87.19914882899997,30.415707851000036],[-87.19911892999994,30.41568945100005],[-87.19909503099996,30.415655350000065],[-87.19909063099999,30.41563835000005],[-87.19909393099994,30.415601749000075],[-87.19911393099994,30.415545748000056],[-87.19914453099994,30.415496347000044],[-87.19921582899997,30.415427546000046],[-87.19927192799997,30.415382145000024],[-87.19934902599994,30.415344744000038],[-87.19941242399995,30.415321644000073],[-87.19945622299997,30.41531274400006],[-87.19947432299995,30.415312844000027],[-87.19961431799999,30.415328044000034],[-87.19964731699997,30.415341245000036],[-87.19965631699995,30.41534914500005],[-87.19966961599994,30.415379245000054],[-87.19966791599995,30.415406646000065],[-87.19966451599998,30.415458847000025],[-87.19965381599997,30.41548104800006],[-87.19963401599995,30.41549784800003],[-87.19962341699994,30.415502048000064],[-87.19961141699997,30.415506848000064],[-87.19958421799998,30.415514548000033],[-87.19957821799994,30.415514548000033],[-87.19953781899994,30.41547644700006],[-87.19950332099995,30.415454047000026],[-87.19946722199995,30.41544854700004],[-87.19945362199996,30.415449847000048],[-87.19932542599997,30.41547644700006],[-87.19928912599994,30.415494547000037],[-87.19925882699994,30.415517848000036]],[[-87.19673538499995,30.417344382000067],[-87.19673998499997,30.417345682000075],[-87.19674908399998,30.417364082000063],[-87.19674908399998,30.417385083000056],[-87.19674608399998,30.417403583000066],[-87.19673698399998,30.417411483000024],[-87.19666558599994,30.41743908400008],[-87.19655478899995,30.41746938400007],[-87.19651538999995,30.417472084000053],[-87.19644399299995,30.417454984000074],[-87.19638469399996,30.417444983000053],[-87.19633469599995,30.41743658300004],[-87.19627399799998,30.41743658300004],[-87.19623599899995,30.417445783000062],[-87.19617679999999,30.417462983000064],[-87.19610240199995,30.41748268300006],[-87.19602650399997,30.41749588400006],[-87.19596280599995,30.417498484000077],[-87.19587470899995,30.417509084000073],[-87.19584890899995,30.417507783000076],[-87.19582160999994,30.417497283000046],[-87.19580941099997,30.417468283000062],[-87.19580331099996,30.417449882000028],[-87.19580641099998,30.417426182000042],[-87.19582461099998,30.417413081000063],[-87.19584280999999,30.417407781000065],[-87.19586990999994,30.417402681000056],[-87.19588510899996,30.417395681000073],[-87.19591720899996,30.417374881000057],[-87.19593080799996,30.417365681000035],[-87.19594140799995,30.41736428100006],[-87.19596920699996,30.41736428100006],[-87.19598090699998,30.417366981000043],[-87.19601280599994,30.417378781000025],[-87.19602950499996,30.41738268100005],[-87.19609780299999,30.417376081000043],[-87.19627239799996,30.41734578100005],[-87.19635089599996,30.417350381000062],[-87.19636349599995,30.41735108100005],[-87.19646059299998,30.417350981000027],[-87.19652289099997,30.41734708100006],[-87.19653049099998,30.417348381000068],[-87.19661548799996,30.417364082000063],[-87.19663518799996,30.417362782000055],[-87.19669748599995,30.417345682000075],[-87.19672018599994,30.41734168200003],[-87.19673538499995,30.417344382000067]],[[-87.20047551099998,30.413290502000052],[-87.20047660999995,30.413349203000053],[-87.20048660899994,30.413410604000035],[-87.20048490899995,30.41344590500006],[-87.20043910999999,30.41352660700005],[-87.20042090999993,30.413539507000053],[-87.20039671099994,30.413544607000063],[-87.20037421099994,30.413537907000034],[-87.20034871199994,30.41352870700007],[-87.20030071399998,30.413491806000025],[-87.20030951399997,30.413467405000063],[-87.20033321299996,30.413448505000076],[-87.20034441299998,30.413434505000055],[-87.20034951299994,30.41340000400004],[-87.20034131399996,30.41337190300004],[-87.20032371499997,30.413337703000025],[-87.20031821499998,30.41330030200004],[-87.20032091499996,30.413260601000047],[-87.20034311499995,30.41322770000005],[-87.20037251399998,30.413194200000078],[-87.20039131399994,30.413173699000026],[-87.20039861399994,30.413145799000063],[-87.20040741399998,30.41312289800004],[-87.20043561299997,30.413102098000024],[-87.20047661199999,30.413084997000055],[-87.20051911099995,30.413066597000068],[-87.20054221099997,30.413050197000075],[-87.20058160999997,30.41301809600003],[-87.20062140899995,30.412999396000032],[-87.20064600799998,30.412989696000068],[-87.20068120699995,30.41297229500003],[-87.20070550699995,30.412959095000076],[-87.20073070599994,30.41295889500003],[-87.20076720499998,30.41297099600007],[-87.20078070399995,30.412977596000076],[-87.20080770299995,30.412993396000047],[-87.20081520299999,30.412999996000053],[-87.20082560299994,30.413019597000073],[-87.20083300199997,30.413041797000062],[-87.20082810199995,30.413079698000047],[-87.20081750199995,30.41309399800008],[-87.20079930299994,30.41310689900007],[-87.20077660299995,30.413115899000047],[-87.20075560399994,30.413115799000025],[-87.20059280899994,30.413125298000068],[-87.20055950899996,30.413140799000075],[-87.20052610999994,30.413171899000076],[-87.20048181099997,30.413253901000076],[-87.20047551099998,30.413290502000052]],[[-87.20047690499996,30.41389371500003],[-87.20047220499998,30.413913215000036],[-87.20045990599994,30.413941916000056],[-87.20044170599994,30.41396531600003],[-87.20043240599995,30.41399401700005],[-87.20042780599994,30.41400311700005],[-87.20041420599995,30.414014717000043],[-87.20040810599994,30.41401731700006],[-87.20036290799999,30.414024918000052],[-87.20032680899999,30.414014217000044],[-87.20031480899996,30.41400631700003],[-87.20031030899997,30.41400501700008],[-87.20016351399994,30.413899714000024],[-87.20008031699996,30.413861113000053],[-87.20007351799995,30.413836213000025],[-87.20005831799995,30.413819412000066],[-87.20003881899999,30.413811012000053],[-87.20000791999996,30.41379891200006],[-87.19998452099998,30.413772911000024],[-87.19996232099999,30.41375731100004],[-87.19995412199995,30.413737110000056],[-87.19995652199998,30.41371391000007],[-87.19997112199997,30.413697110000044],[-87.19998052199998,30.41368580900007],[-87.19999662099997,30.413653409000062],[-87.20000022099998,30.41362970800003],[-87.20000262199994,30.413595007000026],[-87.20000562199994,30.413572307000038],[-87.20001962199996,30.41355760700003],[-87.20004452099994,30.41355760700003],[-87.20008821899995,30.413562807000062],[-87.20012831799994,30.413566007000043],[-87.20016111699994,30.413572307000038],[-87.20018811599994,30.413584108000066],[-87.20022731499995,30.41364020900005],[-87.20023171499997,30.413654609000048],[-87.20023311399996,30.413661209000054],[-87.20025541299998,30.41369921000006],[-87.20040970799994,30.41381631300004],[-87.20046510599997,30.41385971400007],[-87.20047690499996,30.41389371500003]],[[-87.19905522899995,30.41593845600005],[-87.19917832499993,30.415991358000042],[-87.19918132499998,30.41599395800006],[-87.19921402399996,30.41604385900007],[-87.19922592299997,30.416069959000026],[-87.19922722299998,30.416094760000078],[-87.19921942299999,30.416132661000063],[-87.19921782299997,30.416146961000038],[-87.19918432399999,30.41618856200006],[-87.19916922399995,30.41619636200005],[-87.19913892499994,30.416211762000046],[-87.19907382599996,30.41625186300007],[-87.19888742999996,30.416398366000067],[-87.19868723499997,30.41657476900008],[-87.19863873599996,30.41660587000007],[-87.19862363599998,30.416613570000038],[-87.19860103699995,30.416614770000024],[-87.19857093799999,30.416606770000044],[-87.19853803899997,30.41658306900007],[-87.19846194199994,30.416484667000077],[-87.19843364299999,30.416441466000038],[-87.19843234399997,30.41641396500006],[-87.19843714399997,30.41638656500004],[-87.19844024399998,30.41636836400005],[-87.19844634399999,30.416357964000042],[-87.19852694199994,30.416257862000066],[-87.19864733999998,30.41607705800004],[-87.19868703999998,30.416012057000046],[-87.19871743899995,30.415975656000057],[-87.19874323799996,30.41595885600003],[-87.19876133799994,30.415953656000056],[-87.19879603699997,30.415949956000077],[-87.19884123599996,30.41594765600007],[-87.19889243399996,30.41595055600004],[-87.19892563299999,30.415942856000072],[-87.19897993199999,30.415927556000042],[-87.19900863099997,30.41592375600004],[-87.19905522899995,30.41593845600005]],[[-87.19841144099996,30.41678107300004],[-87.19840524099999,30.416801974000066],[-87.19839004099998,30.41682537400004],[-87.19835964199996,30.416851275000056],[-87.19834604199997,30.416862975000072],[-87.19833234299995,30.41687207500007],[-87.19782485599995,30.41705447800007],[-87.19754966299996,30.417180880000046],[-87.19733516799994,30.417255381000075],[-87.19711137399997,30.417358483000044],[-87.19705857499997,30.41737258300003],[-87.19704807599999,30.41736858300004],[-87.19703907599995,30.417363283000043],[-87.19700497799994,30.417291281000075],[-87.19698877899998,30.417245480000076],[-87.19698587899995,30.41723238000003],[-87.19699197899996,30.417216780000047],[-87.19701027799994,30.41719597900004],[-87.19704347699997,30.417177879000064],[-87.19705707699995,30.417171479000046],[-87.19734586999994,30.41703867600006],[-87.19738526899994,30.417004976000044],[-87.19740496899999,30.41699067600007],[-87.19743376799994,30.416973875000053],[-87.19763626299994,30.416886274000035],[-87.19784945699996,30.416786972000068],[-87.19803075299995,30.416720171000065],[-87.19812454999999,30.41667627000004],[-87.19815324999996,30.416656870000054],[-87.19817904899998,30.416640070000028],[-87.19820474799997,30.416628469000045],[-87.19822584799994,30.416623369000035],[-87.19824694699997,30.41662086900004],[-87.19828164599994,30.416622369000038],[-87.19833574499995,30.416630570000052],[-87.19836424399995,30.416645070000072],[-87.19838674299996,30.41666217100004],[-87.19840304199994,30.41669487100006],[-87.19840594199997,30.416713172000073],[-87.19840724199997,30.416743272000076],[-87.19841144099996,30.41678107300004]],[[-87.22380673399994,30.401973406000025],[-87.22381013299997,30.401994607000063],[-87.22381173299999,30.402004607000038],[-87.22383683199996,30.40203580800005],[-87.22386473099994,30.402101409000068],[-87.22387762999995,30.40215211000003],[-87.22388642899995,30.402226512000027],[-87.22388892799995,30.402305114000058],[-87.22388962799994,30.402325914000073],[-87.22389022799996,30.402363715000035],[-87.22389142699996,30.40243511600005],[-87.22388972599998,30.402533319000042],[-87.22388002599996,30.402587520000054],[-87.22389032599995,30.40260662000003],[-87.22393992299999,30.402752023000062],[-87.22398492099995,30.402856126000074],[-87.22400121999999,30.40291522700005],[-87.22403561799996,30.403040330000067],[-87.22405381699997,30.403109131000065],[-87.22405881599997,30.403169933000072],[-87.22405101599998,30.403231134000066],[-87.22402811499995,30.40333143600003],[-87.22400461499996,30.403409638000028],[-87.22397881599994,30.403461639000056],[-87.22396281599998,30.40352444000007],[-87.22392621599994,30.403587241000025],[-87.22391371599997,30.40360884200004],[-87.22390431699995,30.403617342000075],[-87.22387571699994,30.40363194200006],[-87.22381701899997,30.403611242000068],[-87.22378771999996,30.403598041000066],[-87.22375702099998,30.403597441000045],[-87.22371802199996,30.403587341000048],[-87.22371772199995,30.403587241000025],[-87.22368082299994,30.403581341000063],[-87.22367012399997,30.403587241000025],[-87.22366552399995,30.40358984100004],[-87.22363502399998,30.40361984200007],[-87.22360042499997,30.403648442000076],[-87.22349932799995,30.403668942000024],[-87.22347872799998,30.403679242000067],[-87.22339792999998,30.403732543000046],[-87.22337553099999,30.403738644000043],[-87.22334593199997,30.40371714300005],[-87.22332783199994,30.403705143000025],[-87.22331663299997,30.403706743000043],[-87.22328203299998,30.403738143000055],[-87.22325963399999,30.403746943000044],[-87.22323883499996,30.403751644000067],[-87.22322233499995,30.40374094300006],[-87.22323933499996,30.403714243000024],[-87.22325893499999,30.40366244200004],[-87.22326743499997,30.403617841000028],[-87.22326193499998,30.403587240000036],[-87.22325783599996,30.40356404000005],[-87.22324843599995,30.403515738000067],[-87.22323173699994,30.403496838000024],[-87.22318463799996,30.403479938000032],[-87.22313713999995,30.403457537000065],[-87.22310624099998,30.40344583700005],[-87.22307574199993,30.40345073700007],[-87.22306484199999,30.403451037000025],[-87.22305964199995,30.403451137000047],[-87.22304854299995,30.403443236000044],[-87.22301654299997,30.40346113700008],[-87.22301444399994,30.403462337000065],[-87.22298054399994,30.403466337000054],[-87.22295194499998,30.403469637000057],[-87.22293164599995,30.403457537000065],[-87.22291794599994,30.40344183600007],[-87.22290814699994,30.403380235000043],[-87.22290104799998,30.403363334000062],[-87.22289014799998,30.40335443400005],[-87.22281884999995,30.403329833000043],[-87.22279855099998,30.403320033000057],[-87.22279955099998,30.403307433000066],[-87.22282355099998,30.403257632000077],[-87.22285365099998,30.40319283100007],[-87.22285865099997,30.403178930000024],[-87.22285435099997,30.403152130000024],[-87.22283625199998,30.403046827000026],[-87.22280695399996,30.402909124000075],[-87.22278675499996,30.40285482300004],[-87.22276815699996,30.402721720000045],[-87.22273985899994,30.40257391700004],[-87.22272055999997,30.402507015000026],[-87.22271226199996,30.40240451300008],[-87.22271406199997,30.402332512000044],[-87.22271536199997,30.402286811000067],[-87.22274216199997,30.40220860900007],[-87.22277396199996,30.402161008000064],[-87.22280616099994,30.402124807000064],[-87.22285955999996,30.40208580700005],[-87.22288845899999,30.402073606000044],[-87.22292785799993,30.40205660600003],[-87.22296985699995,30.402041806000057],[-87.22313385299998,30.402010206000057],[-87.22330214799996,30.40198670500007],[-87.22333064699995,30.401982705000023],[-87.22338404599998,30.401975205000042],[-87.22356394099995,30.401947805000077],[-87.22366613799994,30.40193200500005],[-87.22378373499998,30.401921505000075],[-87.22380293399993,30.401937005000036],[-87.22380883399995,30.40194920600004],[-87.22381003399994,30.40195160600007],[-87.22380833399995,30.40196320600006],[-87.22380673399994,30.401973406000025]]]},"properties":{"OBJL":"51","THEMELAYER":"Shipping Fairways Lanes and Zones","INFORM":"Safety fairwy, 33 CFR 166.200: Navigation regulations are published in Chapter 2 of the U.S. Coast Pilot for this geographic area. Refer to regulation section numbers.","OBJNAM":"","Shape_Leng":0.586474514656,"Shape_Area":0.0064340506746}},
{"type":"Feature","geometry":{"type":"Polygon","coordinates":[[[-88.84100959499995,30.389822323000033],[-88.84077607399996,30.389459576000036],[-88.84076364299995,30.38944005600007],[-88.84137085399999,30.389218475000064],[-88.84082987999994,30.388416962000065],[-88.84031610399995,30.387800052000046],[-88.83760841799995,30.38582951500007],[-88.82683737299999,30.37772426400005],[-88.81476187899995,30.368727001000025],[-88.81288465699998,30.367332976000057],[-88.80596254499994,30.362192685000025],[-88.80458370199995,30.361168767000038],[-88.79430662699997,30.35342133200004],[-88.79349635999995,30.352821422000034],[-88.79341946399995,30.35268202000003],[-88.79213862499995,30.35036168700003],[-88.78881238499997,30.344336200000043],[-88.78565023499993,30.338781921000077],[-88.78520435699994,30.33787940900004],[-88.78492527099996,30.337314501000037],[-88.78470158199997,30.33686179400007],[-88.78452380099998,30.334855969000046],[-88.78462266199995,30.324860346000037],[-88.78480062699998,30.313937812000063],[-88.78485999299994,30.303425582000045],[-88.78495683899996,30.295873189000076],[-88.78495733899996,30.29583418900006],[-88.78499835799994,30.29263774900005],[-88.78502957399996,30.29007831800004],[-88.78513682699997,30.28126560900006],[-88.78512437399996,30.274164321000057],[-88.78512287999996,30.273275010000077],[-88.78511710099997,30.269994970000027],[-88.78530995399996,30.260791356000027],[-88.78533456099996,30.259615242000052],[-88.78534166599997,30.25888953300006],[-88.78535147199995,30.25788022000006],[-88.78538819499994,30.25411577400007],[-88.78539069699997,30.25386277100006],[-88.78547251299995,30.250998536000054],[-88.78574260799996,30.250262027000076],[-88.78593850799996,30.249728123000068],[-88.78642161499994,30.248410817000035],[-88.78740373699998,30.245364104000032],[-88.78743963799997,30.245252703000062],[-88.78978058699994,30.237990272000047],[-88.79140272199999,30.23287135000004],[-88.79157993999996,30.232312124000032],[-88.79583456899996,30.221304903000032],[-88.81085315499996,30.210326335000047],[-88.81747773799998,30.20642377200005],[-88.81635855599995,30.206301891000066],[-88.81643327899997,30.206247269000073],[-88.75612752799998,30.19935962200003],[-88.75736851799996,30.200294025000062],[-88.75698267799999,30.200256228000057],[-88.77306095099999,30.21256211900004],[-88.77472586599998,30.213836429000025],[-88.77666915399999,30.216058743000076],[-88.77676633999994,30.216621446000033],[-88.77675768699999,30.216786956000078],[-88.77640637999997,30.21778312300006],[-88.77637953199996,30.217787051000073],[-88.77577052099997,30.219566059000044],[-88.77551128699997,30.22032125100003],[-88.76881309399994,30.239314644000046],[-88.76899030499999,30.239349942000047],[-88.76898238699994,30.239373044000047],[-88.76915448299997,30.239382644000045],[-88.76923699699995,30.239399080000055],[-88.76984510799997,30.23956670700005],[-88.77018013799994,30.239663793000034],[-88.77105820299994,30.23994625100005],[-88.77126469499996,30.23999425100004],[-88.77173557699996,30.240103753000028],[-88.77218925999995,30.240145754000025],[-88.77273353999999,30.240224555000054],[-88.77335661699999,30.240287556000055],[-88.77367110399996,30.240371657000026],[-88.77382839699999,30.24046615800006],[-88.77410658399998,30.240676259000054],[-88.77463166199999,30.240866561000075],[-88.77465696099995,30.24087576100004],[-88.77500774799995,30.240912562000062],[-88.77523153999994,30.240912562000062],[-88.77569732499995,30.24083376300007],[-88.77614490999997,30.240828563000036],[-88.77666509099998,30.24086006400006],[-88.77694028099995,30.240921465000042],[-88.77777194799995,30.241106867000042],[-88.77855221599998,30.24135897000008],[-88.77935658199999,30.241705573000047],[-88.77974576399998,30.241960375000076],[-88.77974976399997,30.241962975000035],[-88.77982765999997,30.24201587500005],[-88.77985647699995,30.242035465000072],[-88.77980122799994,30.242213652000032],[-88.77968925999994,30.242262276000076],[-88.77959236299995,30.24228137600005],[-88.77943556799994,30.24231237600003],[-88.77942316899998,30.242314776000057],[-88.77883638799995,30.242346275000045],[-88.77827390699997,30.24239357500005],[-88.77796541699996,30.242430374000037],[-88.77769932599995,30.24242507400004],[-88.77740903599994,30.242456573000027],[-88.77710654499998,30.242498573000034],[-88.77686465099998,30.242645673000027],[-88.77661055599998,30.24283997400005],[-88.77644125799998,30.243071075000046],[-88.77640535799998,30.243134975000032],[-88.77631425799996,30.243296876000045],[-88.77630603499995,30.243312936000052],[-88.77624615899998,30.24337607600006],[-88.77607035999995,30.243630477000067],[-88.77596855799999,30.243919278000078],[-88.77598525299999,30.244096806000073],[-88.77597544899999,30.24439448100003],[-88.77599364199995,30.244725282000047],[-88.77600324099996,30.244757482000068],[-88.77602453899999,30.244828883000025],[-88.77607158399996,30.244987027000036],[-88.77607653399997,30.245031184000027],[-88.77607953299997,30.24506348400007],[-88.77609916399996,30.24527396600007],[-88.77594823099997,30.245393085000046],[-88.77575573699994,30.24544148500007],[-88.77580060399998,30.245726744000024],[-88.77550403999999,30.245761087000062],[-88.77545404199998,30.245755786000075],[-88.77523907599999,30.245732822000036],[-88.77518315199995,30.24571788600008],[-88.77493447999996,30.24560658100006],[-88.77484206599996,30.24555898400007],[-88.77469530199994,30.245469854000078],[-88.77463337599994,30.245423883000058],[-88.77442098599994,30.245266182000023],[-88.77424559499997,30.245113881000066],[-88.77413070299997,30.244903880000038],[-88.77410040699993,30.244762079000054],[-88.77403391199994,30.244599278000067],[-88.77402834099996,30.24449197900003],[-88.77403621399998,30.24447139700004],[-88.77407021399995,30.24442067800004],[-88.77418511399998,30.244252677000077],[-88.77433261599998,30.243831775000046],[-88.77439316699997,30.243653021000057],[-88.77444641799997,30.243535774000065],[-88.77446512999995,30.243440579000037],[-88.77448941999995,30.243368873000065],[-88.77457302499994,30.242942371000026],[-88.77456854299999,30.242914478000046],[-88.77457762599994,30.242868271000077],[-88.77452143399995,30.242526369000075],[-88.77420265199999,30.24219266700004],[-88.77374327299998,30.24189956500004],[-88.77352768299994,30.24176936400005],[-88.77342061399997,30.24173838300004],[-88.77335019099996,30.241699063000056],[-88.77277541099994,30.241662762000033],[-88.77244092199999,30.241690062000032],[-88.77231865999994,30.241777443000046],[-88.77218712899997,30.241793762000043],[-88.77139025399998,30.24194846100005],[-88.77131079899999,30.241966657000035],[-88.77124945799994,30.241971361000026],[-88.77093978399995,30.242051623000066],[-88.77071517399997,30.242103061000023],[-88.77057681799994,30.24214569700007],[-88.77054917899994,30.24215286100008],[-88.77052763899997,30.24216085300003],[-88.77013399099997,30.24228216100005],[-88.76964650499997,30.242428661000076],[-88.76922441599999,30.242607861000067],[-88.76870293999997,30.242699396000035],[-88.76855283799995,30.24270646000008],[-88.76799787299996,30.24275325800005],[-88.76799105599997,30.24275325900004],[-88.76799086699998,30.242753849000053],[-88.76783776099995,30.242766759000062],[-88.76772625899997,30.243112061000033],[-88.76762135599995,30.243437162000077],[-88.76738815199997,30.24407556500006],[-88.76715634799996,30.24471016800004],[-88.76702134499999,30.24508116900006],[-88.76697934399994,30.245198170000037],[-88.76697704399999,30.24520417000008],[-88.76692654399994,30.24533947100008],[-88.76688634299995,30.245447171000023],[-88.76684734199995,30.24555377100006],[-88.76612132899999,30.24754218000004],[-88.76611262799997,30.24759148000004],[-88.76597411799997,30.248374984000066],[-88.76588931199996,30.24885518600007],[-88.76586143199995,30.249013612000056],[-88.76581600799994,30.249142388000053],[-88.76581810899995,30.249259799000072],[-88.76572529899994,30.249787191000053],[-88.76557629599995,30.250634199000046],[-88.76552534999996,30.258418292000044],[-88.76542285799997,30.274084480000056],[-88.76531235799996,30.29096418200004],[-88.76531005599998,30.291323687000045],[-88.76526102799994,30.296174345000054],[-88.76549533199994,30.29738854800007],[-88.76550716799994,30.304485645000057],[-88.76534100699996,30.315542277000077],[-88.76531339499996,30.333954998000024],[-88.76531276999998,30.334374257000036],[-88.76526855699996,30.340291174000072],[-88.77653301799995,30.361571970000057],[-88.77757817499997,30.362336583000058],[-88.78186259799998,30.365666340000075],[-88.79133590399994,30.373028867000073],[-88.79327652399996,30.37449279200007],[-88.79385049999996,30.374938800000052],[-88.79620513099997,30.376789187000043],[-88.79680067499999,30.37742994300004],[-88.79726958799995,30.37762569100005],[-88.79818091799996,30.378341860000035],[-88.79823191599996,30.378367860000026],[-88.79870889699998,30.378598865000072],[-88.79893688799996,30.37871186700005],[-88.79914787999996,30.37882987000006],[-88.79934687199994,30.37893887200005],[-88.79988784999995,30.37927287800005],[-88.80018783699995,30.37946688200003],[-88.80020883599997,30.37948188200005],[-88.80037382999996,30.379576884000073],[-88.80053782299996,30.37965388600003],[-88.80070681699999,30.37972288700007],[-88.80090980899996,30.379796889000033],[-88.80119279799999,30.379891891000057],[-88.80137878999994,30.37994989300006],[-88.80153078399997,30.38000889400007],[-88.80172077699996,30.380078896000043],[-88.80196976699995,30.380195898000068],[-88.80229575399994,30.380356901000027],[-88.80267573899994,30.380550905000064],[-88.80319971799997,30.380814911000073],[-88.80374069599998,30.381078916000035],[-88.80381669299999,30.381118917000038],[-88.80441166899999,30.38140792300004],[-88.80455966299996,30.38146292400006],[-88.80471665699997,30.38150392600005],[-88.80503824499993,30.38152832700007],[-88.80511444199999,30.381560028000024],[-88.80521803799996,30.381597029000034],[-88.80528193599997,30.38164463000004],[-88.80537953199996,30.38172123100003],[-88.80543062899994,30.381777932000034],[-88.80557762299998,30.38190293400004],[-88.80594960699995,30.38222494000007],[-88.80604660299997,30.382301941000037],[-88.80609760099998,30.382334942000057],[-88.80613959899995,30.382352942000068],[-88.80622859599998,30.382367943000077],[-88.80646558699999,30.38237894400004],[-88.80652058499999,30.382393944000057],[-88.80657058299994,30.382415945000048],[-88.80668957799998,30.382480946000044],[-88.80673157599995,30.382506946000035],[-88.80677757499996,30.382521947000043],[-88.80684957199998,30.382539947000055],[-88.80701056599997,30.382565948000035],[-88.80706556399997,30.382587949000026],[-88.80711956099998,30.382620949000056],[-88.80722155699999,30.38270095100006],[-88.80736055099999,30.382792953000035],[-88.80749154599994,30.382850954000048],[-88.80758454299996,30.382887955000058],[-88.80766053899998,30.38295795600004],[-88.80779553299999,30.383096958000067],[-88.80783853199995,30.38312995900003],[-88.80789352899995,30.38315195900003],[-88.80793152799998,30.38316296000005],[-88.80816351899995,30.38319196100008],[-88.80826951499995,30.38320296200004],[-88.80834051199997,30.383228962000032],[-88.80839150999998,30.383250963000023],[-88.80844650799997,30.383283963000054],[-88.80850150599997,30.383319964000066],[-88.80855650299998,30.383367965000048],[-88.80867049899996,30.383480967000025],[-88.80877649399997,30.38360196900004],[-88.80882649199998,30.383649969000032],[-88.80886948999995,30.38367597000007],[-88.80895348699994,30.383711971000025],[-88.80908848099995,30.383751972000027],[-88.80922347599994,30.383784973000047],[-88.80928747399997,30.38380697300005],[-88.80932947199994,30.383836974000076],[-88.80938446999994,30.38387297500003],[-88.80946446599995,30.38394697600006],[-88.80959945999996,30.384066978000078],[-88.80968045699996,30.38413297900007],[-88.80977345299999,30.384176980000063],[-88.80997544499996,30.384257982000065],[-88.81025443399994,30.38434998400004],[-88.81043642699996,30.384407986000042],[-88.81056342199997,30.384458987000073],[-88.81067741799995,30.384513988000037],[-88.81082941099999,30.384609990000058],[-88.81112539899999,30.384792993000076],[-88.81138638799996,30.384960997000064],[-88.81150938299999,30.38505599800004],[-88.81158937999999,30.385148000000072],[-88.81167837599997,30.385254002000067],[-88.81176737099997,30.385382004000064],[-88.81182356899996,30.385472460000074],[-88.81182356699998,30.38569000800004],[-88.81177976799995,30.38587971000004],[-88.81169226999998,30.38600301100007],[-88.81156097399997,30.38608841200005],[-88.81128748399999,30.38613581100003],[-88.81098109499999,30.386145310000074],[-88.81047781399997,30.386097908000067],[-88.80980169599997,30.38602029300006],[-88.80968944399996,30.38599580300007],[-88.80916946299999,30.38589680000007],[-88.80891422099995,30.38589299800003],[-88.80865388299998,30.385833997000077],[-88.80874167199994,30.385901948000026],[-88.80855798599998,30.38591309700007],[-88.80834299399999,30.385902096000052],[-88.80821599899997,30.385883096000043],[-88.80811900199996,30.38585809500006],[-88.80800500699996,30.38580309400004],[-88.80788271199998,30.385732592000068],[-88.80772621799997,30.385646491000045],[-88.80758982399999,30.385601189000056],[-88.80850958499997,30.38626120200007],[-88.81153885699996,30.388614544000063],[-88.81175194799994,30.388766347000058],[-88.81176274799998,30.388774047000027],[-88.81470762299995,30.391049089000035],[-88.81697662699997,30.39280092100006],[-88.81730121399994,30.393051525000033],[-88.81820967499993,30.393752938000034],[-88.82355424799994,30.397879215000046],[-88.82461420299995,30.398699230000034],[-88.82538316999995,30.39929224100007],[-88.82604214299994,30.39962624800006],[-88.82636712999994,30.399787252000067],[-88.82661141999995,30.399910354000042],[-88.82767537699993,30.40044616600005],[-88.82993698399997,30.40158529100006],[-88.83294986199996,30.403101324000033],[-88.83527676599994,30.40427335000004],[-88.83715228999995,30.405236271000035],[-88.83905351199996,30.40617749200004],[-88.84000347299997,30.406671003000042],[-88.84037885799995,30.406846707000057],[-88.84047545399994,30.406891908000034],[-88.84196879299998,30.40764262400006],[-88.84266646399999,30.40799343200007],[-88.84290835399997,30.408134735000033],[-88.84323713999999,30.40832733900004],[-88.84328913899998,30.408267839000075],[-88.84330723799997,30.408244138000043],[-88.84344233499996,30.407986736000055],[-88.84367502899994,30.407624732000045],[-88.84423241499996,30.406824524000058],[-88.84557807599998,30.40532760900004],[-88.84585906799998,30.404970306000052],[-88.84704283399998,30.40374959500008],[-88.84709863199998,30.40369199400004],[-88.84719702899997,30.40361399300008],[-88.84734952499997,30.40344979200006],[-88.84797200699995,30.402779386000077],[-88.84832739599995,30.402396682000074],[-88.84907717499999,30.401589374000025],[-88.84885018599994,30.401259269000036],[-88.84884115199998,30.40124614900003],[-88.84927517399996,30.400784964000025],[-88.84889819199998,30.400280456000075],[-88.84878449699994,30.400116153000056],[-88.84640321199998,30.396675496000057],[-88.84162794199995,30.38959938100004],[-88.84100959499995,30.389822323000033]]]},"properties":{"OBJL":"51","THEMELAYER":"Shipping Fairways Lanes and Zones","INFORM":"Safety fairway, 33 CFR 166.200: Navigation regulations are published in Chapter 2 of the U.S. Coast Pilot for this geographic area. Refer to regulation section numbers.","OBJNAM":"","Shape_Leng":0.603687312657,"Shape_Area":0.00466173157681}},
{"type":"Feature","geometry":{"type":"Polygon","coordinates":[[[-92.12894618799999,29.44977961400008],[-92.13054437399995,29.44977959000005],[-92.13537013699994,29.425680424000063],[-92.14202647199994,29.392438909000077],[-92.12552907999998,29.389961680000056],[-92.12541541499996,29.39058983900003],[-92.12495479999995,29.39053840200006],[-92.12317912999998,29.400026163000064],[-92.12169773699998,29.407941481000023],[-92.11735644699996,29.430496205000054],[-92.11527369799995,29.44161831200006],[-92.11374529299997,29.44977983800004],[-92.11278303299997,29.449779852000063],[-92.10237137199994,29.50573344700007],[-92.09081874299994,29.51788000700003],[-92.05021607399999,29.55993592300007],[-92.03771449899995,29.57363652600003],[-92.03432782699997,29.577138364000064],[-92.03387472799994,29.577462198000035],[-92.03376753099997,29.577559503000032],[-92.03370743299996,29.57757880400004],[-92.03790374999994,29.582023482000068],[-92.03835934099999,29.582505990000072],[-92.04081529299998,29.585107236000056],[-92.04116268599995,29.585475142000064],[-92.04191887099995,29.586276157000043],[-92.04201616799998,29.58620525300006],[-92.04206696599994,29.586080948000074],[-92.04211266299995,29.585943244000077],[-92.04222445999994,29.585850039000036],[-92.04244765399994,29.58584443600006],[-92.04264494899996,29.58584733300006],[-92.04278044499995,29.585888132000036],[-92.04283124399996,29.585958434000077],[-92.04279734599999,29.586039837000044],[-92.04273804799999,29.58613604100003],[-92.04261105199998,29.586250746000076],[-92.04251365499994,29.586328450000053],[-92.04249255599996,29.586402452000073],[-92.04258145399996,29.586443152000072],[-92.04271695099999,29.586457951000057],[-92.04289054599997,29.586443148000058],[-92.04303864199994,29.586420945000043],[-92.04314023899997,29.58637654200004],[-92.04320373599995,29.586276638000072],[-92.04319103599994,29.586184136000043],[-92.04315293599996,29.58607683300005],[-92.04310643699995,29.585973230000036],[-92.04306833699997,29.585873228000025],[-92.04306833699997,29.585810326000058],[-92.04310643499997,29.58575482400005],[-92.04337212799999,29.585714119000045],[-92.04376971699998,29.58566771200003],[-92.04404950899999,29.58564930700004],[-92.04413610699999,29.585645906000025],[-92.04418690599994,29.585686606000024],[-92.04434080299995,29.58579860800006],[-92.04447289999996,29.58593761000003],[-92.04456409699998,29.585927309000056],[-92.04457709499997,29.585681401000045],[-92.04498288399998,29.585678295000037],[-92.04502688199995,29.585455387000025],[-92.04502098099994,29.585373185000037],[-92.04497688199996,29.585265182000057],[-92.04497098099995,29.585087877000035],[-92.04501217799998,29.584861769000042],[-92.04514707399994,29.584780065000075],[-92.04519987299994,29.584777264000024],[-92.04534706899994,29.584773062000068],[-92.04541476699995,29.584764661000065],[-92.04560606099994,29.584740957000065],[-92.04565325799996,29.584449448000044],[-92.04573425599995,29.584385044000044],[-92.04581515299998,29.584371943000065],[-92.04586805199995,29.584441344000027],[-92.04595914999999,29.58446184400003],[-92.04602544899996,29.58457414600008],[-92.04604374899998,29.584611547000065],[-92.04608874799999,29.584627647000048],[-92.04616014599998,29.584624046000044],[-92.04624794299997,29.58460084400008],[-92.04632554099999,29.584590142000025],[-92.04643373799996,29.584599041000047],[-92.04650723599997,29.584616941000036],[-92.04659713399997,29.58460973900003],[-92.04662773299998,29.58458483800007],[-92.04660733299994,29.584550937000074],[-92.04658893399994,29.584525937000024],[-92.04656233399999,29.584488436000072],[-92.04654813399998,29.584434935000047],[-92.04655423399998,29.584395633000042],[-92.04658073299998,29.584356332000027],[-92.04661543199995,29.584327830000063],[-92.04677962699998,29.584322428000064],[-92.04694892199996,29.584306325000057],[-92.04705041899996,29.584269422000034],[-92.04709501799994,29.584207220000053],[-92.04715141499997,29.584076715000037],[-92.04723011299996,29.584018412000034],[-92.04735810899996,29.583982209000055],[-92.04755630399995,29.584023108000054],[-92.04775879899995,29.584071406000078],[-92.04796409399995,29.584081904000072],[-92.04824888599995,29.584046899000043],[-92.04856577699996,29.584045494000065],[-92.04894786699998,29.584106791000067],[-92.04903616499996,29.58410678900003],[-92.04912086199994,29.58407138700005],[-92.04924135899995,29.583998483000073],[-92.04936545499999,29.583985081000037],[-92.05506216599997,29.578455229000042],[-92.05517006199995,29.578359324000076],[-92.05654721599996,29.576934161000054],[-92.05736038899994,29.576092523000057],[-92.05923562599997,29.574151936000078],[-92.06129275699999,29.572022940000068],[-92.06364137899999,29.56953592900004],[-92.06592850199996,29.56711412100003],[-92.06757074799998,29.56537514300004],[-92.07406363199999,29.558499934000054],[-92.07492330299999,29.557589593000046],[-92.07845808699994,29.553922226000054],[-92.08030062599994,29.55201064000005],[-92.08117789699998,29.551100398000074],[-92.08143938899997,29.55082188600005],[-92.10067135999998,29.530335755000067],[-92.11669324499996,29.513332172000048],[-92.12047392999995,29.49505986500003],[-92.12116087999999,29.491357562000076],[-92.12329402399996,29.47986164400004],[-92.12594492799997,29.46526734200006],[-92.12859184099995,29.45165616500003],[-92.12894618799999,29.44977961400008]]]},"properties":{"OBJL":"51","THEMELAYER":"Shipping Fairways Lanes and Zones","INFORM":"Safety fairway, 33 CFR 166.200: Navigation regulations are published in Chapter 2 of the U.S. Coast Pilot for this geographic area. Refer to regulation section numbers.","OBJNAM":"","Shape_Leng":0.481202678292,"Shape_Area":0.00357625396596}},
{"type":"Feature","geometry":{"type":"Polygon","coordinates":[[[-91.49988450099994,29.238996779000047],[-91.49988450199999,29.238819576000026],[-91.50168748199997,29.236841027000025],[-91.49988452899998,29.236019215000056],[-91.49988454299995,29.234582983000053],[-91.49988459999997,29.228661954000074],[-91.49988460099996,29.22858195300006],[-91.49988460799995,29.22778183500003],[-91.49830364799999,29.229201268000054],[-91.49349373099994,29.234631070000034],[-91.49221050799997,29.23375447400008],[-91.46090603399995,29.269461325000066],[-91.45849424699998,29.272211092000077],[-91.45827625699997,29.27245959800007],[-91.44903818699999,29.282992054000033],[-91.41931413399999,29.317339592000053],[-91.41855236299995,29.317745702000025],[-91.39113434399997,29.34886126400005],[-91.38406654199997,29.357051264000063],[-91.38336957199994,29.357842684000047],[-91.38060708599994,29.360990161000075],[-91.37938823699994,29.362377695000077],[-91.37892635599997,29.36290340800008],[-91.37834917999999,29.36356412400005],[-91.37790269799996,29.36407233600005],[-91.37766250799996,29.36434984300007],[-91.37764500899999,29.364370044000054],[-91.37759971099996,29.364422045000026],[-91.37661405199998,29.365553473000034],[-91.37549959699999,29.366809604000025],[-91.38241623399995,29.37087368600004],[-91.38289332299996,29.371153992000075],[-91.38315471699997,29.371307595000076],[-91.38322951499998,29.371351496000045],[-91.38367740499996,29.371614702000045],[-91.38393879899996,29.371768305000046],[-91.38418649299996,29.371913808000045],[-91.38419779299994,29.37192040800005],[-91.38420879199998,29.371903807000024],[-91.38422869099998,29.371873607000055],[-91.38429738899998,29.371809505000044],[-91.38435558699996,29.371791204000033],[-91.38437208599998,29.371791204000033],[-91.38441388499996,29.37180430500007],[-91.38448648299999,29.371851306000053],[-91.38451258299995,29.371867506000058],[-91.38452868299998,29.371886406000044],[-91.38453938199996,29.371906807000073],[-91.38455018299999,29.371947608000028],[-91.38455558299995,29.371994709000035],[-91.38456268299996,29.372049610000033],[-91.38454828399995,29.372093911000036],[-91.38454118499999,29.372115612000073],[-91.38453898499995,29.37212001200004],[-91.39162471999998,29.376291997000067],[-91.39296266499997,29.374761359000047],[-91.39303716099994,29.374676157000067],[-91.39984327699995,29.366914867000048],[-91.40747625499995,29.35820555300006],[-91.42142975499996,29.342284464000045],[-91.42247248699994,29.341094695000038],[-91.43805632899995,29.32385551300007],[-91.44748490999996,29.313456759000076],[-91.46532510099996,29.29378077800004],[-91.47696826199996,29.280937565000045],[-91.49949929199994,29.256084160000057],[-91.49988447399994,29.255659250000065],[-91.49988444999997,29.253953310000043],[-91.50860927499997,29.243655353000065],[-91.51078085399996,29.240986187000033],[-91.50413612099999,29.23795724300004],[-91.50195043199994,29.24040797200007],[-91.50108476699995,29.239816594000047],[-91.50009529399995,29.23914078200005],[-91.49988450099994,29.238996779000047]]]},"properties":{"OBJL":"51","THEMELAYER":"Shipping Fairways Lanes and Zones","INFORM":"Safety fairway, 33 CFR 166.200: Navigation regulations are published in Chapter 2 of the U.S. Coast Pilot for this geographic area. Refer to regulation section numbers.","OBJNAM":"","Shape_Leng":0.413843024567,"Shape_Area":0.00341312591218}},
{"type":"Feature","geometry":{"type":"Polygon","coordinates":[[[-90.99620589199998,29.012117183000043],[-90.99508867899999,29.011254799000028],[-90.99205061099997,29.016435100000024],[-90.99179151899995,29.016435096000066],[-90.99028859199996,29.018917791000035],[-90.97629648399999,29.04203177100004],[-90.97588377899996,29.04271349700008],[-90.97141743199995,29.050091775000055],[-90.96741949599999,29.056696122000062],[-90.96057255099998,29.068006843000035],[-90.95057822199999,29.08451695100007],[-90.94518332999996,29.12859855800008],[-90.94484448899999,29.131367239000042],[-90.94429498899996,29.13561377600007],[-90.94170799699998,29.154036404000067],[-90.94088755799999,29.161489343000028],[-90.94062485899997,29.162141569000028],[-90.94068053699999,29.16479879700006],[-90.94069493199999,29.165482130000044],[-90.94073101699996,29.167207613000073],[-90.94065790199994,29.169440218000034],[-90.94060509299999,29.170741279000026],[-90.94086266499994,29.173484915000074],[-90.94086566399994,29.173628222000048],[-90.94173013499994,29.17441937800004],[-90.94304208999995,29.175756269000033],[-90.94312968799994,29.175694968000073],[-90.94320968699998,29.175552363000065],[-90.94326928599997,29.175487561000068],[-90.94326928799995,29.175310652000064],[-90.94327208899995,29.175146245000064],[-90.94337718699995,29.175096344000053],[-90.94352478399998,29.175004143000024],[-90.94364358099995,29.174918442000035],[-90.94376187899996,29.174831940000047],[-90.94383877799999,29.17469873500005],[-90.94384947799995,29.17463003200004],[-90.94386427899997,29.174534728000026],[-90.94400027599994,29.174477628000034],[-90.94426006799995,29.174594239000044],[-90.94450665999994,29.174712750000026],[-90.94470685399995,29.174821259000055],[-90.94496584599995,29.175038275000077],[-90.94510123999999,29.175270789000024],[-90.94524843499994,29.175405098000056],[-90.94554282599995,29.175585913000077],[-90.94581951799995,29.175673823000068],[-90.94590191499998,29.17572032700008],[-90.94597260799998,29.176412662000075],[-90.94590780499999,29.176898383000037],[-90.94605500099999,29.177006892000065],[-90.94624339499995,29.177043097000023],[-90.94637289199994,29.177012099000024],[-90.94654948899995,29.176826093000045],[-90.94668488799994,29.176516081000045],[-90.94674968799995,29.17631457300007],[-90.94690858399997,29.176273174000073],[-90.94712057899994,29.176242177000063],[-90.94740907199997,29.176128578000032],[-90.94792706099997,29.175927079000076],[-90.94844514699997,29.175952891000065],[-90.94889853399997,29.176045905000024],[-90.94924582399995,29.176128616000028],[-90.94940481799995,29.17634563000007],[-90.94955191199995,29.176650448000032],[-90.94968150499994,29.17695016500005],[-90.94979919999997,29.177249781000057],[-90.94973439999995,29.17742548900003],[-90.94962260099999,29.177590794000025],[-90.94952250299997,29.177704498000026],[-90.94949310099997,29.17798871100007],[-90.94958729699994,29.17815402000008],[-90.94974619199996,29.17824182800007],[-90.94988748799994,29.178278033000026],[-90.95004368399998,29.178253535000067],[-90.95015407099999,29.179419593000034],[-90.95021536699994,29.179609803000062],[-90.95031346299999,29.179760513000076],[-90.95024396199994,29.180065526000078],[-90.95023986099994,29.180234134000045],[-90.95032575799996,29.180323840000028],[-90.95042795499995,29.180331042000034],[-90.95053425299994,29.180287943000053],[-90.95062825199994,29.180119336000075],[-90.95083274999996,29.179681620000053],[-90.95097574999994,29.17929050400005],[-90.95097985299998,29.17892088600007],[-90.95086955699998,29.178784577000044],[-90.95093495699996,29.178615871000034],[-90.95103305599997,29.178468766000037],[-90.95109435599994,29.17823555600006],[-90.95102485999996,29.17807774700003],[-90.95105755999998,29.17798444300007],[-90.95128245399997,29.177977247000058],[-90.95141734999999,29.178027453000027],[-90.95149914699994,29.178131559000064],[-90.95145004599999,29.17831456700003],[-90.95135194799997,29.178440071000068],[-90.95124154899997,29.178576475000057],[-90.95121704799999,29.178806086000066],[-90.95128244499995,29.178956794000044],[-90.95151953699997,29.17917921000003],[-90.95178532799997,29.17928332100007],[-90.95205511999995,29.17943043300005],[-90.95217771499995,29.179588343000034],[-90.95212871199999,29.180036864000044],[-90.95212460699997,29.180653993000078],[-90.95227589899997,29.181009214000028],[-90.95229219399994,29.181568941000023],[-90.95223089299998,29.181870254000046],[-90.95213689199994,29.18215736600007],[-90.95200989299997,29.182492379000053],[-90.95191069299995,29.18274498900007],[-90.95187739299996,29.182810492000044],[-90.95174949399996,29.18306190100003],[-90.95163259499998,29.183326711000063],[-90.95146179699998,29.183600521000074],[-90.95130879799996,29.18394663400005],[-90.95112040199996,29.184153340000023],[-90.95093790599998,29.184256641000047],[-90.94999593099999,29.18429792300003],[-90.95003122799994,29.184468432000074],[-90.95013132399998,29.184607941000024],[-90.95029031899998,29.184716450000053],[-90.95050811299996,29.18477845700005],[-90.95063170799995,29.18486116400004],[-90.95063760399995,29.185367488000054],[-90.95069649999994,29.18562580200006],[-90.95081419399997,29.185884117000057],[-90.95102618599998,29.186152734000075],[-90.95116748099997,29.186297444000047],[-90.95130077499994,29.18648835600004],[-90.95132377399995,29.18657046000004],[-90.95167316299995,29.18669517400008],[-90.95170476399994,29.186538067000072],[-90.95163906899995,29.186192349000066],[-90.95155687299996,29.185971237000047],[-90.95133778199994,29.185678018000033],[-90.95116248899996,29.185442403000025],[-90.95109679099994,29.185346297000024],[-90.95106389299997,29.185216490000073],[-90.95103109499996,29.185081883000066],[-90.95107489599997,29.18488967500008],[-90.95122829299999,29.184735870000054],[-90.95138709099996,29.184553165000068],[-90.95148018899994,29.18441856100003],[-90.95163358699995,29.184245555000075],[-90.95177598699996,29.183784036000077],[-90.95187458599997,29.183591729000057],[-90.95196228499998,29.18345232400003],[-90.95206088299994,29.183356222000043],[-90.95216488099999,29.18331782200005],[-90.95235657499995,29.183356228000036],[-90.95246067199997,29.18343313400004],[-90.95249367099996,29.183448035000026],[-90.95263046599996,29.183510041000034],[-90.95276196199995,29.18356774700004],[-90.95297555699995,29.18351964900006],[-90.95353424199999,29.183442757000023],[-90.95397793099994,29.18338026300006],[-90.95424082399995,29.183337067000025],[-90.95445991799994,29.18337067300007],[-90.95462971199998,29.18352448400003],[-90.95508439599996,29.18390431200004],[-90.95558827799994,29.184327343000064],[-90.95583646899996,29.184508957000048],[-90.95667655899996,29.183291216000043],[-90.95723364799994,29.182790703000023],[-90.95728062699999,29.182371029000024],[-90.95742894499995,29.182563796000068],[-90.95751814199997,29.18267980400003],[-90.95753504299995,29.182533997000064],[-90.95831838999999,29.175797889000023],[-90.95884112499994,29.171302711000067],[-90.95895092399996,29.17078586100007],[-90.95909012999994,29.16981211700005],[-90.95949564899996,29.166977589000055],[-90.95962686999997,29.16474346700005],[-90.95963546199994,29.164671774000055],[-90.95983976799994,29.164308168000048],[-90.95998641099999,29.16174339400004],[-90.96016330199996,29.16026738000005],[-90.96023856299996,29.15963933300003],[-90.96030870599998,29.159521547000054],[-90.96736164099997,29.10596440300003],[-90.96948819199997,29.08974615900007],[-90.97891545199997,29.074048874000027],[-90.98684733499994,29.06065036700005],[-90.99530094699998,29.046809644000064],[-91.00980500499998,29.02261469900003],[-91.00904192899998,29.02202565500005],[-91.01240630099994,29.016435444000024],[-91.01227780599999,29.016435442000045],[-91.01388918599997,29.013730939000027],[-90.99620916099997,29.01211206000005],[-90.99620589199998,29.012117183000043]]]},"properties":{"OBJL":"51","THEMELAYER":"Shipping Fairways Lanes and Zones","INFORM":"Safety fairway, 33 CFR 166.200: Navigation regulations are published in Chapter 2 of the U.S. Coast Pilot for this geographic area. Refer to regulation section numbers.","OBJNAM":"","Shape_Leng":0.420413265542,"Shape_Area":0.00336646896797}},
{"type":"Feature","geometry":{"type":"Polygon","coordinates":[[[-90.56984729299995,29.088114716000064],[-90.56974480599996,29.088164060000054],[-90.56981478899996,29.091142382000044],[-90.56980015699997,29.09250529600007],[-90.57176974799995,29.098148695000077],[-90.57235730699995,29.100006223000037],[-90.57240916699999,29.099980798000047],[-90.57253820799997,29.10035053400003],[-90.57260850899996,29.10055514000004],[-90.57271021099996,29.100851549000026],[-90.57272121099999,29.100844549000044],[-90.57314480099996,29.100571238000043],[-90.57326819799994,29.10049153500006],[-90.57413060299996,29.099941305000073],[-90.57526115899998,29.09990250900006],[-90.57547564999999,29.09948259500004],[-90.57577821699994,29.098890121000068],[-90.57622992699999,29.098601964000068],[-90.57645012199998,29.098461459000077],[-90.57868813799996,29.094543824000027],[-90.57983229399997,29.09254095500006],[-90.58140983499999,29.089779459000056],[-90.58324786499998,29.08656204700003],[-90.58385584099995,29.085502009000038],[-90.58522558899995,29.083100725000065],[-90.58561677399996,29.08241490000006],[-90.58562295499996,29.081808323000075],[-90.58579275999995,29.081552871000042],[-90.58571059099995,29.07314432900006],[-90.58573460199995,29.070704659000057],[-90.58603102199999,29.062803759000076],[-90.58636268499998,29.054337744000065],[-90.58663890499997,29.054309577000026],[-90.58778338399998,29.054192966000073],[-90.58744006699999,29.052390009000078],[-90.58585579199996,29.044130951000056],[-90.58553827599997,29.04240059700004],[-90.58513965399999,29.040105525000058],[-90.58455622899999,29.03721643600005],[-90.58454322799997,29.03714803400004],[-90.58200310799998,29.023777021000058],[-90.58129226499995,29.023889676000067],[-90.58127012099999,29.023783028000025],[-90.57953506199999,29.016432506000058],[-90.56802907399998,29.016432612000074],[-90.56651140199995,29.01643262600004],[-90.56557131899996,29.016432635000058],[-90.56453073899996,29.016432645000066],[-90.56025441699995,29.01643268400005],[-90.56156746899995,29.02287817200005],[-90.56457669599996,29.038114621000034],[-90.56630617699994,29.047488501000032],[-90.56714770599996,29.05113200900007],[-90.56752771599997,29.052572952000048],[-90.56790322699999,29.054011495000054],[-90.56865062099996,29.054035861000045],[-90.56867471499999,29.05415009400008],[-90.56972198799997,29.05415008700004],[-90.56955075599996,29.05881323500006],[-90.56959740999997,29.06337147800008],[-90.56974968599997,29.078230546000043],[-90.56980234699995,29.083372508000025],[-90.56962086099998,29.084285538000074],[-90.56981736499995,29.084834154000077],[-90.56984850099997,29.087878450000062],[-90.56984915299995,29.087941476000026],[-90.56984729299995,29.088114716000064]]]},"properties":{"OBJL":"51","THEMELAYER":"Shipping Fairways Lanes and Zones","INFORM":"Safety fairway, 33 CFR 166.200: Navigation regulations are published in Chapter 2 of the U.S. Coast Pilot for this geographic area. Refer to regulation section numbers.","OBJNAM":"","Shape_Leng":0.199074633699,"Shape_Area":0.00139448578645}},
{"type":"Feature","geometry":{"type":"Polygon","coordinates":[[[-92.31282814699995,29.460571514000037],[-92.31210209399995,29.46032730400003],[-92.30906354199999,29.476434620000077],[-92.30250854099995,29.511181932000056],[-92.30134891399996,29.51732895300006],[-92.30706273199996,29.518503922000036],[-92.30510005999997,29.53031252900007],[-92.30479318499994,29.531995204000054],[-92.30377792799999,29.533841479000046],[-92.30367983199994,29.534019786000044],[-92.30423601399997,29.534013679000054],[-92.30797569299995,29.533972431000052],[-92.30836907999998,29.533998927000027],[-92.31210736199995,29.53437159300006],[-92.31235164199995,29.532502527000076],[-92.31235884199998,29.532453025000052],[-92.31237227699995,29.532383681000056],[-92.31256743499995,29.532420021000064],[-92.31514004799999,29.519543862000035],[-92.31817867499996,29.520029924000028],[-92.32050430299995,29.52055982400003],[-92.32063881899995,29.51975400300006],[-92.32194051099998,29.513606972000048],[-92.32321632499998,29.506808728000067],[-92.32597681699997,29.492098980000037],[-92.32905086699998,29.47600916300007],[-92.32933684399995,29.474512024000035],[-92.33161675599996,29.462197506000052],[-92.32401580199996,29.461208577000036],[-92.31298085899994,29.45977288000006],[-92.31282814699995,29.460571514000037]],[[-92.31952427999994,29.47518036100007],[-92.31939348999998,29.475870179000026],[-92.31006217299995,29.52508900600003],[-92.30946512099996,29.52823842400005],[-92.30880515299998,29.53171944500008],[-92.30880517199995,29.531719448000047],[-92.30865846199998,29.532493273000057],[-92.30827787399994,29.532440476000033],[-92.30861490899997,29.530660544000057],[-92.31032472199996,29.521631073000037],[-92.31081031199994,29.51906669400006],[-92.31089904399994,29.518598092000047],[-92.31259909599999,29.50962015400006],[-92.31912989299997,29.47513036500004],[-92.31952427999994,29.47518036100007]]]},"properties":{"OBJL":"51","THEMELAYER":"Shipping Fairways Lanes and Zones","INFORM":"Safety fairway, 33 CFR 166.200: Navigation regulations are published in Chapter 2 of the U.S. Coast Pilot for this geographic area. Refer to regulation section numbers.","OBJNAM":"","Shape_Leng":0.306305292032,"Shape_Area":0.00125162981835}},
{"type":"Feature","geometry":{"type":"Polygon","coordinates":[[[-90.24542885499994,29.047577679000028],[-90.24834265699997,29.03798180800004],[-90.23318874499995,29.035593368000036],[-90.22994239699995,29.046751377000078],[-90.22917868799999,29.049328976000027],[-90.22909643399998,29.049337825000066],[-90.22596291399998,29.060182560000044],[-90.22559759399996,29.061415555000053],[-90.22423839999999,29.066150871000048],[-90.21963555899998,29.082080655000027],[-90.21899528699998,29.084296598000037],[-90.21843331199995,29.086241736000034],[-90.21793243399998,29.087975071000074],[-90.21817573799996,29.08786212600006],[-90.21814492699997,29.087980273000028],[-90.21857004899994,29.087736560000053],[-90.21856691299996,29.08774757200007],[-90.21899729899997,29.08751107100005],[-90.21907049599997,29.087455834000025],[-90.21946393799999,29.087277787000062],[-90.21967487699999,29.08719687200005],[-90.21990255099996,29.087079299000038],[-90.22073794499994,29.086701254000047],[-90.22089033699996,29.086662672000045],[-90.22115532799995,29.086565473000064],[-90.22161741299999,29.086292272000037],[-90.22165181099996,29.086179870000024],[-90.22165441099997,29.086134169000047],[-90.22165408299998,29.085968580000042],[-90.22230448899995,29.08559576400006],[-90.22306246399995,29.08537376700008],[-90.22328715699996,29.085350669000036],[-90.22367784499994,29.085310572000026],[-90.22370719099996,29.085132058000056],[-90.22407363199994,29.08521657400007],[-90.22488290799998,29.085403287000076],[-90.22546978999998,29.08553859600005],[-90.22563238499998,29.085573699000065],[-90.22600187399996,29.08565330500005],[-90.22637376199998,29.08573331100007],[-90.22650905799998,29.085762513000077],[-90.22660805499999,29.085783814000024],[-90.22674015099994,29.085812316000045],[-90.22692804499997,29.08585271900006],[-90.22694424499997,29.08585621900005],[-90.22757642599998,29.085992129000033],[-90.22762512399999,29.08600253000003],[-90.22763182399996,29.086004030000026],[-90.22764272399996,29.085971830000062],[-90.22764372399996,29.085968930000035],[-90.22784082699997,29.086104603000024],[-90.22780421999994,29.086292038000067],[-90.22795411499999,29.08632614100003],[-90.22817250899999,29.086365644000068],[-90.22831940399999,29.086452648000034],[-90.22851286199995,29.08656718700007],[-90.22885698899995,29.086804061000066],[-90.22909668199998,29.086934867000025],[-90.22986325999995,29.087353584000027],[-90.23009301199994,29.087487272000033],[-90.23195990099998,29.089072145000046],[-90.23238908999997,29.089437358000055],[-90.23239892099997,29.089414688000033],[-90.23258238399995,29.089573263000034],[-90.23264638199998,29.08962706500006],[-90.23275577899994,29.089719168000045],[-90.23286717599996,29.08981287100005],[-90.23288727599999,29.08982977200003],[-90.23292430399994,29.08970270100008],[-90.23331576299995,29.089992480000035],[-90.23338295999997,29.089766976000078],[-90.23390633599996,29.08796434100003],[-90.23424692099996,29.086791319000042],[-90.23452460799996,29.085835101000043],[-90.23583704899994,29.081314415000065],[-90.23705649299995,29.07711273500007],[-90.23716088799995,29.076753128000064],[-90.23757086899997,29.075340401000062],[-90.23926528999993,29.069491191000054],[-90.24156078199997,29.06142784000008],[-90.24266162999999,29.057631369000035],[-90.24407646299994,29.05275247900005],[-90.24443034599994,29.051532056000042],[-90.24558209099996,29.047560283000053],[-90.24542885499994,29.047577679000028]]]},"properties":{"OBJL":"51","THEMELAYER":"Shipping Fairways Lanes and Zones","INFORM":"Safety fairway, 33 CFR 166.200: Navigation regulations are published in Chapter 2 of the U.S. Coast Pilot for this geographic area. Refer to regulation section numbers.","OBJNAM":"","Shape_Leng":0.142639368527,"Shape_Area":0.000798546483354}},
{"type":"Feature","geometry":{"type":"Polygon","coordinates":[[[-89.94727057499995,29.264179420000062],[-89.94758699499994,29.26390395900006],[-89.94068389099994,29.25754188600007],[-89.93624175099995,29.253447876000052],[-89.93569595899999,29.253596453000057],[-89.93000965499994,29.248435862000065],[-89.92969636799995,29.248600017000058],[-89.91965311999996,29.239400571000033],[-89.91481064599998,29.24369758100005],[-89.92541591499997,29.25268797900003],[-89.93121163799998,29.257607003000032],[-89.93208392599996,29.258347422000043],[-89.93605677099998,29.261719209000034],[-89.93660906399998,29.262187521000044],[-89.93872664499997,29.263983265000036],[-89.93833980299996,29.264359856000056],[-89.93822539999996,29.264443390000054],[-89.93678876299998,29.263235260000044],[-89.93626406999994,29.262789849000058],[-89.93456679399998,29.261349212000027],[-89.93163493399999,29.258868548000066],[-89.92851887599994,29.256232081000064],[-89.92776388599998,29.255591065000033],[-89.92339864399997,29.251900173000024],[-89.92339584399997,29.251901573000055],[-89.92339574399995,29.251901673000077],[-89.92339571899998,29.251901686000053],[-89.91948511499999,29.248589897000045],[-89.91888402999996,29.24808088700007],[-89.91503422899996,29.24481701800005],[-89.91427474799997,29.244173104000026],[-89.91399164999996,29.24442431600005],[-89.91085176399997,29.247210454000026],[-89.90968016899996,29.248250006000035],[-89.91332959799996,29.252170208000052],[-89.92185609199998,29.26132946300004],[-89.92399236399996,29.26362432800005],[-89.92450325799996,29.264173043000028],[-89.92631393399995,29.26611809900004],[-89.93356613699996,29.273908624000057],[-89.93372083399998,29.274074728000073],[-89.93493781799998,29.27548567100007],[-89.93521075699994,29.27534202700008],[-89.93623109899994,29.27652359800004],[-89.93635239699995,29.276452693000067],[-89.93690008699997,29.27604337100007],[-89.93788436999995,29.275229127000046],[-89.93876355399999,29.274511688000075],[-89.93913104799998,29.274174971000036],[-89.93966743799996,29.273717746000045],[-89.94014852999999,29.27336692700004],[-89.94064362099994,29.27310011000003],[-89.94125121099995,29.272824292000053],[-89.94213819599997,29.272520170000064],[-89.94293918299996,29.272306352000044],[-89.94306818099994,29.27228104900007],[-89.94313373999995,29.272193473000073],[-89.94343007499998,29.27221034200005],[-89.94350587399998,29.27219554100003],[-89.94355937299997,29.27210673700006],[-89.94380946799998,29.272011230000032],[-89.94400296499998,29.271956626000076],[-89.94416716199999,29.27191022200003],[-89.94443135799997,29.271634408000068],[-89.94452565599994,29.27157810400007],[-89.94513064599994,29.27105217600007],[-89.94532474199997,29.270883467000033],[-89.94618512699998,29.27016032800003],[-89.94576988999995,29.269863929000053],[-89.94624169999997,29.269455494000056],[-89.94658321999998,29.26970370500004],[-89.94665521899998,29.269756006000023],[-89.94666111899994,29.269760206000058],[-89.94667431899995,29.269749106000063],[-89.94792709699999,29.26869614900005],[-89.94836008999994,29.268332129000044],[-89.94958056899998,29.26730627300003],[-89.94974336599995,29.267122664000055],[-89.94949216899994,29.26682705500008],[-89.94939742499997,29.266723668000054],[-89.94959416699999,29.266553342000066],[-89.94955116799997,29.266260631000023],[-89.94882627799996,29.265599113000064],[-89.94807528899997,29.26491379400005],[-89.94806848899998,29.26490759400008],[-89.94799378999994,29.26483949200008],[-89.94727057499995,29.264179420000062]]]},"properties":{"OBJL":"51","THEMELAYER":"Shipping Fairways Lanes and Zones","INFORM":"Safety fairway, 33 CFR 166.200: Navigation regulations are published in Chapter 2 of the U.S. Coast Pilot for this geographic area. Refer to regulation section numbers.","OBJNAM":"","Shape_Leng":0.175067054594,"Shape_Area":0.000589635186327}},
{"type":"Feature","geometry":{"type":"Polygon","coordinates":[[[-89.60275528099999,29.223851627000045],[-89.60240237299996,29.22372830300003],[-89.60141998399996,29.228098154000065],[-89.59855092399994,29.240859690000036],[-89.59786342999996,29.244918323000036],[-89.59645323899997,29.25019002700003],[-89.60015317699998,29.251794546000042],[-89.60170250799996,29.252253446000054],[-89.60247547299997,29.252366343000062],[-89.60257421899996,29.252355849000026],[-89.60466137799995,29.25328985300007],[-89.60662699199997,29.25416956400005],[-89.60760844999999,29.25460866900005],[-89.60789583699994,29.254737270000078],[-89.60867790299994,29.25508727500005],[-89.61427132199998,29.257590354000058],[-89.61468314399997,29.257946013000037],[-89.61468324399999,29.25794531300005],[-89.61471787899995,29.257790189000048],[-89.61476573999994,29.257811607000065],[-89.61502532299994,29.256632766000052],[-89.61591856599995,29.25264422400005],[-89.61669114699998,29.249098979000053],[-89.61843452699998,29.241099950000034],[-89.61847380699999,29.240927407000072],[-89.61895085399999,29.238891299000045],[-89.62078930799998,29.23104565400007],[-89.62069802399998,29.23100784500008],[-89.62088152999996,29.230186007000043],[-89.61068790499996,29.226623696000047],[-89.60701459599994,29.225340052000035],[-89.60281205899997,29.223599292000074],[-89.60275528099999,29.223851627000045]],[[-89.60607016399996,29.252363055000046],[-89.60634049799995,29.25240390700003],[-89.60733360999996,29.252887351000027],[-89.60727405899996,29.253138523000075],[-89.60714096699996,29.253709943000047],[-89.60681318199994,29.253590642000063],[-89.60587022299995,29.25324734000003],[-89.60607016399996,29.252363055000046]]]},"properties":{"OBJL":"51","THEMELAYER":"Shipping Fairways Lanes and Zones","INFORM":"Safety fairway, 33 CFR 166.200: Navigation regulations are published in Chapter 2 of the U.S. Coast Pilot for this geographic area.Refer to regulation section numbers.","OBJNAM":"","Shape_Leng":0.0999620639109,"Shape_Area":0.000536061277418}},
{"type":"Feature","geometry":{"type":"Polygon","coordinates":[[[-89.70295424499994,29.27998309700007],[-89.70362689299998,29.279138346000025],[-89.68858660099994,29.270753520000028],[-89.68461101799994,29.276536048000025],[-89.68050533699994,29.282041569000057],[-89.67952848899995,29.28343062400006],[-89.67673704199996,29.28798880100004],[-89.68428441099996,29.290244680000058],[-89.68425482799995,29.290283001000034],[-89.68584456399998,29.291184014000066],[-89.69200551899996,29.29467606700007],[-89.69309146099994,29.293263010000032],[-89.69557232899996,29.29004088000005],[-89.69664927099996,29.288638724000066],[-89.69970610799999,29.284658664000062],[-89.70065345699999,29.28342651500003],[-89.70319691899994,29.280118482000034],[-89.70295424499994,29.27998309700007]]]},"properties":{"OBJL":"51","THEMELAYER":"Shipping Fairways Lanes and Zones","INFORM":"Safety fairway, 33 CFR 166.200: Navigation regulations are published in Chapter 2 of the U.S. Coast Pilot for this geographic area.Refer to regulation section numbers.","OBJNAM":"","Shape_Leng":0.0747027229984,"Shape_Area":0.000333307423287}},
{"type":"Feature","geometry":{"type":"Polygon","coordinates":[[[-93.00768536999999,29.727746386000035],[-93.00760700199999,29.727947073000053],[-93.00767600499995,29.72826828600006],[-93.00790600399995,29.72854929700003],[-93.00844649899994,29.72894081000004],[-93.00891989399997,29.729280722000055],[-93.00892651899994,29.729257632000042],[-93.00903499299994,29.72935192400007],[-93.00921509299997,29.729663936000065],[-93.00924399499996,29.729837643000053],[-93.00917030399995,29.73032306400006],[-93.00899021299995,29.73070258100006],[-93.00884512299996,29.731148701000052],[-93.00869873799996,29.73199703800003],[-93.00871324899998,29.732767270000068],[-93.00880735399994,29.733213788000057],[-93.00882175799995,29.73356300300003],[-93.00880856999999,29.73434863600005],[-93.00877100399998,29.73659543100007],[-93.00877321999997,29.737735479000037],[-93.00877956899996,29.741096821000042],[-93.00874288199998,29.741906456000038],[-93.00860018899994,29.74217616800007],[-93.00800131099999,29.74284860000006],[-93.00787591999995,29.74331422000006],[-93.00780852399998,29.743497228000024],[-93.00931687999997,29.742599582000025],[-93.00983396499998,29.742348368000023],[-93.00985459699996,29.737689471000067],[-93.00986974699998,29.73427952700007],[-93.00989685699994,29.72817426900008],[-93.00989765499997,29.728010862000076],[-93.00990742199997,29.725802669000075],[-93.00976071699995,29.725254047000078],[-93.00976789299995,29.72357077600003],[-93.00976998599998,29.723096156000054],[-93.00977367299998,29.722226719000048],[-93.00978474699997,29.720442244000026],[-93.00980359299996,29.716787089000036],[-93.00984128599998,29.70949218100003],[-93.00986234999999,29.70329791900008],[-93.01049664599998,29.703297915000064],[-93.01049408999995,29.703890840000042],[-93.01049398999999,29.703910741000072],[-93.01046977299995,29.70951567800006],[-93.01043138199998,29.716936592000025],[-93.01041253599999,29.720579246000057],[-93.01040245999997,29.722210115000053],[-93.01040235999994,29.72221991500004],[-93.01038930399994,29.725254043000064],[-93.01022171599999,29.72580266700004],[-93.01021205099994,29.72822036900004],[-93.01021145299995,29.728357575000075],[-93.01020079299997,29.731033988000036],[-93.01020083399999,29.733868908000034],[-93.01019873999996,29.734279525000034],[-93.01018178999999,29.73768706900006],[-93.01015935599997,29.742190160000064],[-93.01100383199997,29.74170553400006],[-93.01092983199999,29.741597630000058],[-93.01089912999998,29.74140512200006],[-93.01094982299998,29.741022806000046],[-93.01105611499997,29.740662090000058],[-93.01108567199998,29.73771716500005],[-93.01110134899994,29.736154799000076],[-93.01117133099996,29.73501955100005],[-93.01110592299995,29.73443562700004],[-93.01110382199994,29.73433612200006],[-93.01106279399994,29.73235093900007],[-93.01098268699997,29.731737413000076],[-93.01135795699997,29.730245248000074],[-93.01134815399996,29.73003643900006],[-93.01134455299996,29.729958836000037],[-93.01123665199998,29.72976752900007],[-93.01118324999999,29.729549920000068],[-93.01128544199997,29.729102500000067],[-93.01130225799994,29.729090579000058],[-93.01133623999999,29.729085199000053],[-93.01184832799999,29.729003893000026],[-93.01227621999999,29.729020091000052],[-93.01239321799994,29.729046391000054],[-93.01301320699997,29.729186094000056],[-93.01305707399996,29.725848546000066],[-93.01308285599998,29.725850752000042],[-93.01338804999995,29.725832750000052],[-93.01332536299998,29.719839597000032],[-93.01328450699998,29.715936632000023],[-93.01324149699997,29.711821229000066],[-93.01327950499996,29.708930636000048],[-93.01337889199999,29.701374216000033],[-93.00446327999998,29.701269868000054],[-93.00462380899995,29.724144731000024],[-93.00522299699998,29.724144727000066],[-93.00659656599998,29.72404481500007],[-93.00664356199997,29.724037519000035],[-93.00677826299994,29.724050514000055],[-93.00738604799994,29.723943106000036],[-93.00751067399995,29.723902896000027],[-93.00788423599994,29.723844899000028],[-93.00828270499994,29.723869765000074],[-93.00829165699997,29.725839780000058],[-93.00829516499994,29.726398104000054],[-93.00829642799994,29.72660640500004],[-93.00828323599995,29.727000974000077],[-93.00828149299997,29.727030470000045],[-93.00824296599995,29.727066915000023],[-93.00803508099995,29.72708953500006],[-93.00801508099994,29.727091735000045],[-93.00786038499996,29.72717743900006],[-93.00773619099994,29.727371548000065],[-93.00768009699999,29.727695562000065],[-93.00768536999999,29.727746386000035]]]},"properties":{"OBJL":"51","THEMELAYER":"Shipping Fairways Lanes and Zones","INFORM":"Safety fairway, 33 CFR 166.200: Navigation regulations are published in Chapter 2 of the U.S. Coast Pilot for this geographic area. Refer to regulation section numbers.","OBJNAM":"","Shape_Leng":0.181177631096,"Shape_Area":0.000235805354192}},
{"type":"Feature","geometry":{"type":"Polygon","coordinates":[[[-94.60004758899998,29.333565280000073],[-94.61804288199994,29.323623530000077],[-94.61823537599997,29.32374763400003],[-94.63424766199995,29.330400663000034],[-94.63472024999999,29.330596970000045],[-94.63504872899995,29.33010306700004],[-94.64977037499995,29.335366945000033],[-94.65229171099998,29.336268477000033],[-94.65344515199996,29.336680899000044],[-94.67304328499995,29.343903854000075],[-94.67403115999997,29.344195865000074],[-94.67438955199998,29.34430186900005],[-94.67815145899999,29.345413911000037],[-94.67887594099994,29.345628119000025],[-94.67892473999996,29.34564252000007],[-94.67916883799995,29.34520390700004],[-94.68106652399996,29.34214552000003],[-94.68137712099997,29.341645005000032],[-94.68265291099999,29.33958894600005],[-94.68309590799998,29.338881926000056],[-94.68311140799995,29.33885712500006],[-94.68311190799994,29.33885632500005],[-94.68446379699998,29.33669846300006],[-94.68446769699995,29.33669226300003],[-94.68535828999995,29.33527082200004],[-94.68861416499999,29.329926667000052],[-94.68911249899998,29.329113777000032],[-94.68985095099998,29.32842802500005],[-94.69122822999998,29.32736589500007],[-94.69107623499997,29.327265392000072],[-94.69084726999995,29.327113956000062],[-94.69110443699998,29.32696878300004],[-94.69037632199996,29.326507797000033],[-94.69038165699999,29.32649846700008],[-94.69052965599997,29.326239660000056],[-94.68648646799994,29.323600371000055],[-94.68526280299994,29.32280154500006],[-94.68005984799998,29.319377331000055],[-94.67431610899996,29.31559730600003],[-94.67309414299996,29.314797879000025],[-94.67083730599995,29.313321431000077],[-94.66744500099998,29.31110215800004],[-94.66556755399995,29.309874017000027],[-94.66543935699997,29.309790115000055],[-94.66388120099998,29.30877398100006],[-94.66253823799997,29.307898253000076],[-94.66111567799999,29.30697052200003],[-94.65592532299996,29.30358581200005],[-94.65453466199995,29.302678883000056],[-94.65452166299997,29.30266688200004],[-94.65446943299997,29.30262095100005],[-94.65557724499996,29.302002965000042],[-94.65820260099997,29.30050142400006],[-94.69140903199997,29.281563307000056],[-94.69906679999997,29.27722468500008],[-94.70620377699998,29.273231573000032],[-94.71501642499999,29.268183829000066],[-94.72006353799998,29.265296746000047],[-94.72048133099997,29.26504053900004],[-94.72048863099997,29.265034839000066],[-94.73768623199999,29.25537655900007],[-94.75285791299996,29.246770327000036],[-94.75139625399999,29.244858573000045],[-94.74408111299994,29.23459299500007],[-94.72900343099997,29.21395254400005],[-94.71491674199996,29.194140918000073],[-94.69934330399997,29.172766753000076],[-94.68187383099996,29.14883072400005],[-94.68104315199997,29.14769249400007],[-94.67920459799996,29.145027524000056],[-94.67321205099995,29.13675770800006],[-94.66882486399999,29.130703250000067],[-94.66113616699994,29.120082274000026],[-94.65766615899997,29.115288849000024],[-94.65260599599998,29.108228766000025],[-94.65219090699998,29.10764965100003],[-94.64258657199997,29.094249304000073],[-94.62841797499999,29.07471680100008],[-94.62225515499995,29.06627568500005],[-94.61299642999995,29.053594260000068],[-94.61124047699997,29.054586285000028],[-94.58358119499997,29.07004667800004],[-94.55812783599998,29.084329037000032],[-94.54828257899999,29.089936977000036],[-94.54487296199994,29.091879126000038],[-94.53318544499996,29.09853639100004],[-94.51262193299999,29.110128677000034],[-94.50207547899998,29.116124525000032],[-94.48324865099994,29.12682815100004],[-94.46983298899994,29.13442439100004],[-94.46974899099996,29.13446139200005],[-94.46336528599994,29.128302621000046],[-94.50678553699998,29.103676826000026],[-94.52131576999994,29.09544531100005],[-94.56765762799995,29.06923865600004],[-94.61437541199996,29.043200994000074],[-94.61576317499998,29.042400074000057],[-94.66808093399999,29.01220419200007],[-94.67884101299995,29.005966799000078],[-94.82037558599995,28.924593851000054],[-94.83683137199995,28.915132889000063],[-94.92643414599996,28.86361689900008],[-94.93298068999997,28.85985378600003],[-94.93584357799995,28.85820813600003],[-94.94092137899997,28.855289448000065],[-94.94114096899995,28.85496513800007],[-95.03818028799998,28.79938688200008],[-95.04471118899994,28.79572074400005],[-95.09647329099994,28.766664432000027],[-95.12338108999995,28.79274502900006],[-95.19246226999996,28.85970249500008],[-95.23581114599995,28.901686022000035],[-95.23590964299996,28.90178132500006],[-95.24420917099997,28.90748638900004],[-95.27255434699998,28.927038479000032],[-95.27722769599995,28.93018283400005],[-95.27739025299996,28.930089618000068],[-95.27769857799996,28.930301433000068],[-95.27782767399998,28.93039013400005],[-95.28208013999995,28.93346549100005],[-95.28802355199997,28.928983282000047],[-95.28852432699995,28.928605564000065],[-95.28875621599997,28.928419356000063],[-95.28898490499995,28.928235647000065],[-95.28921749299997,28.928048739000076],[-95.28942268299994,28.927883931000054],[-95.28944658199998,28.927864730000067],[-95.29064552299997,28.926901586000042],[-95.29609605199994,28.92239058000007],[-95.29551795099997,28.921588325000073],[-95.29600464199996,28.921265444000028],[-95.29522196099998,28.920164416000034],[-95.29367469699997,28.91798756000003],[-95.28820562799996,28.91029356400003],[-95.28416772599996,28.904613019000067],[-95.27934734399997,28.897831547000067],[-95.27760958699997,28.89538688500005],[-95.27760668699995,28.89538368500007],[-95.27760498699996,28.89538198400004],[-95.27423547099994,28.890697266000075],[-95.27040936799995,28.885377731000062],[-95.26858551399994,28.882782665000036],[-95.26838651999998,28.882584661000067],[-95.26651997699997,28.880787921000035],[-95.26617058699998,28.880451614000037],[-95.25231301399998,28.867175325000062],[-95.24716037199994,28.862158494000028],[-95.23958740199998,28.854784978000055],[-95.23450365699995,28.849810733000027],[-95.23206333199994,28.847422963000042],[-95.23060167699998,28.845992722000062],[-95.22851814099994,28.843952363000028],[-95.22496384999994,28.84047156200006],[-95.21228824499997,28.828128208000066],[-95.18428913199995,28.80084243700003],[-95.17273050299997,28.78947812100006],[-95.15705701299999,28.77401069600006],[-95.15226487099994,28.769432272000074],[-95.14608837699996,28.763531413000067],[-95.13247183199996,28.750350060000073],[-95.12977623399996,28.747613710000053],[-95.20000969299997,28.70717950200003],[-95.30468970799996,28.646913529000074],[-95.31647755699998,28.64024278900007],[-95.31806827999998,28.639342636000038],[-95.36483800899998,28.612792073000037],[-95.37843094399994,28.605039013000066],[-95.37872792999997,28.604869603000054],[-95.37931690099998,28.604533683000056],[-95.38070223299997,28.603743536000025],[-95.40948381699997,28.587366556000063],[-95.42310814299998,28.579618089000064],[-95.45484556699995,28.561935008000034],[-95.47330064599998,28.551639374000047],[-95.50592181899998,28.53306820000006],[-95.50411387899999,28.53306823300005],[-95.54976993899999,28.50714679600003],[-95.54976991899997,28.503864969000063],[-95.58120895499997,28.485797027000046],[-95.69082436099995,28.422801695000032],[-95.81655510199994,28.35054597100003],[-95.81667809899994,28.350475286000062],[-95.81667806999997,28.354044290000047],[-95.81774804699995,28.353471254000056],[-95.93592720999999,28.285140136000052],[-95.94243303599995,28.281458917000066],[-96.02172708499995,28.235602391000043],[-96.06825429099996,28.208355114000028],[-96.06963126699998,28.207554077000054],[-96.08468374499995,28.22174741400005],[-96.08601969999995,28.222967443000073],[-96.12323556699994,28.258447285000045],[-96.13371535799996,28.26838851000008],[-96.13496833399995,28.269475534000037],[-96.09298934999998,28.303081958000064],[-96.10655038799996,28.315723040000023],[-96.11681289699999,28.32528945100006],[-96.15783819499995,28.363465275000067],[-96.16009515899998,28.365542319000042],[-96.16108534399996,28.366661445000034],[-96.16535587799996,28.37056542700003],[-96.22660633699996,28.426558466000074],[-96.26659199799997,28.39390538600003],[-96.29853349899997,28.415430917000037],[-96.29983897499994,28.416316538000046],[-96.31113116999995,28.42397732300003],[-96.31130562199996,28.42386112400004],[-96.31132036499997,28.423871019000046],[-96.31197134599995,28.42342200300004],[-96.31213039699998,28.423311760000047],[-96.31377155699994,28.422218620000024],[-96.32318192699995,28.42873221700006],[-96.32480637799995,28.42746037300003],[-96.32564285299998,28.426805451000064],[-96.32839037199994,28.424872883000035],[-96.32900274699995,28.423591343000055],[-96.33105449199996,28.422775611000077],[-96.33275914599994,28.42215508700008],[-96.33446379899999,28.421312956000065],[-96.32623049999995,28.410274062000042],[-96.31835139799995,28.39950217300003],[-96.30082722799995,28.37554422200003],[-96.29553235199995,28.370429219000073],[-96.29887161399995,28.367718296000078],[-96.30044226699994,28.36666045900006],[-96.30144623399997,28.365611425000054],[-96.30949518299997,28.35905650600006],[-96.33671301599998,28.33646856400003],[-96.33128620899998,28.33131332800008],[-96.30466547999998,28.30627525400007],[-96.29265210099999,28.294976145000078],[-96.26034872299994,28.26488540300005],[-96.24582499799999,28.251234941000064],[-96.24485321499998,28.250321521000046],[-96.23165619999997,28.23791792000003],[-96.21865209299995,28.225715023000078],[-96.20312897399998,28.211148371000036],[-96.19470592499994,28.218131473000028],[-96.16319790699998,28.24455478300007],[-96.15988116399996,28.241413932000057],[-96.10344958299999,28.18797476800006],[-96.13896093899996,28.16794519000007],[-96.14191487499994,28.166658122000058],[-96.13771155799998,28.166658158000075],[-96.14127241099999,28.164602160000072],[-96.14928604699998,28.15997513900004],[-96.15396324999995,28.157274510000036],[-96.22880220499997,28.114063232000035],[-96.24339726299996,28.105636124000057],[-96.27703319499994,28.086215108000033],[-96.27961292699996,28.084725547000062],[-96.39957137299996,28.015462627000034],[-96.39957136199996,28.018925801000023],[-96.41021514999994,28.01279912600006],[-96.41850620499997,28.00794380800005],[-96.42731024399995,28.00278107400004],[-96.42860800499994,28.002065041000037],[-96.43203170299995,28.00017615400003],[-96.43572341599997,27.997946950000028],[-96.43963902299998,27.995703244000026],[-96.44191026999994,27.99437718100006],[-96.44625736899997,27.991844361000062],[-96.45146324599995,27.988845318000074],[-96.45423917999995,27.98727354300007],[-96.45914386699997,27.98433580300008],[-96.46328336899995,27.98192918700005],[-96.46674308799999,27.979945292000025],[-96.47029240399996,27.97789989300003],[-96.47243335399997,27.976617031000046],[-96.47504649199999,27.975149860000045],[-96.47746013599999,27.973733191000065],[-96.47978427999999,27.972428627000056],[-96.48123334699994,27.971525084000064],[-96.48542164799994,27.96912906700004],[-96.48701310999996,27.968243623000035],[-96.49166950099999,27.96552219000006],[-96.49297196999999,27.964763153000035],[-96.49671668099995,27.962627148000024],[-96.50204056299998,27.959569497000075],[-96.50713176199997,27.95666025400004],[-96.50789774699996,27.956222533000073],[-96.51490680899997,27.95217793300003],[-96.52207056699996,27.948046328000032],[-96.52410462699999,27.94686937000006],[-96.52799284999998,27.944619458000034],[-96.53191257099996,27.942418047000046],[-96.53446462099998,27.940914173000067],[-96.53799355099994,27.938831969000034],[-96.53999211099995,27.937693211000067],[-96.54794135299994,27.933083880000027],[-96.55130748599998,27.93109177900004],[-96.55724606699994,27.927646405000075],[-96.56445462099998,27.92363319900005],[-96.56518920599996,27.923214878000067],[-96.56731196299995,27.922006116000034],[-96.57282715299999,27.91875925000005],[-96.57529790299998,27.91736357800005],[-96.58081309199997,27.914134613000044],[-96.58924672199998,27.90927116100005],[-96.59263325399996,27.907260558000075],[-96.59810784299998,27.904067492000024],[-96.60386322699998,27.90072961800007],[-96.61002970099997,27.897174732000053],[-96.61270384699998,27.89555814700003],[-96.61784874299997,27.892545489000042],[-96.62025839299997,27.891185617000076],[-96.62483339999994,27.888520177000032],[-96.62691325699996,27.887341114000037],[-96.63118306999996,27.884820081000044],[-96.63342582599995,27.883442108000054],[-96.63685705599994,27.881427401000053],[-96.63871311699995,27.88039294600003],[-96.64206704899999,27.87839634000005],[-96.64422830399997,27.877162874000078],[-96.64520928499996,27.87654794100007],[-96.64822762299997,27.87477044600007],[-96.64925110199994,27.87416781400003],[-96.64984848899996,27.873835996000025],[-96.65061867299994,27.87340817300003],[-96.65547867099997,27.870738627000037],[-96.66121775199997,27.86745404900006],[-96.66293131599997,27.866477296000028],[-96.66830010599995,27.863337226000056],[-96.66975727599998,27.862490680000064],[-96.67351406399996,27.862971772000037],[-96.68346586899997,27.864096844000073],[-96.70269790099996,27.866267191000077],[-96.71014237999998,27.867160673000058],[-96.71837653599994,27.86811195200005],[-96.72376957799997,27.86866533500006],[-96.73830854799996,27.87032559800008],[-96.74868774099997,27.871555473000058],[-96.75823663799997,27.87260076800004],[-96.76972710799998,27.873892068000032],[-96.78395282299994,27.875523370000053],[-96.80481310799996,27.877878073000034],[-96.81875382999999,27.87947667800006],[-96.82713456399995,27.880460482000046],[-96.83249925699994,27.88116578900008],[-96.83425932199998,27.88134878900007],[-96.83425932599994,27.881015474000037],[-96.83425965699996,27.851231141000028],[-96.83300968099996,27.851232148000065],[-96.83300671599994,27.848090007000053],[-96.83418069399994,27.848070000000064],[-96.83418104399999,27.816655595000043],[-96.81448352699994,27.81665571800005],[-96.79699416799997,27.816655827000034],[-96.74951869799997,27.816656125000065],[-96.74388864799994,27.816656172000023],[-96.74807266899995,27.814240334000033],[-96.81791094699997,27.77391650100003],[-96.83113276599994,27.766282364000062],[-96.83418162399994,27.764521972000068],[-96.83418159999997,27.76663475600003],[-96.83418157299997,27.76909446600007],[-96.83444556899997,27.768963459000076],[-96.85609126899999,27.75628172300003],[-96.86282099399995,27.759853133000036],[-96.89277532199998,27.775749338000026],[-96.93365529399995,27.797139051000045],[-96.94579399399998,27.803459469000074],[-96.94934290599997,27.805307334000076],[-96.95428365599997,27.80787906000006],[-96.95667498299997,27.809164235000026],[-96.95861067799996,27.81026251000003],[-96.96258354099996,27.812339681000026],[-96.97900292199995,27.82116398100004],[-96.97975416299994,27.82157692100003],[-96.98078340899997,27.822120872000028],[-96.99645325999995,27.830542356000024],[-96.99705761499996,27.830676564000044],[-96.99911269799998,27.831755299000065],[-97.00000467999996,27.831938303000072],[-97.00806866799996,27.83365116600004],[-97.00806866699997,27.833730385000024],[-97.00806866699997,27.833765587000073],[-97.00828076399995,27.83381528900003],[-97.02526772799996,27.837748469000076],[-97.02552307899998,27.837375243000054],[-97.03207173699997,27.83891372200003],[-97.03695706899998,27.840061475000027],[-97.03831565099995,27.84038068900003],[-97.04166480399994,27.84116752600005],[-97.04492935899998,27.84193446100005],[-97.04493285899997,27.84192126000005],[-97.04505076699996,27.84079190500006],[-97.04529707399996,27.839522943000077],[-97.04542167599999,27.839136324000037],[-97.04555477499997,27.839058820000048],[-97.04580027099996,27.83924012800003],[-97.04580867099997,27.839156824000042],[-97.04588877699996,27.838360485000067],[-97.04582707799995,27.83832728400006],[-97.04556358199994,27.838185577000047],[-97.04493511899994,27.837847514000032],[-97.04492217499995,27.835911612000075],[-97.04607268899997,27.836530495000034],[-97.04608058999997,27.836451391000026],[-97.04614259399995,27.83583426100006],[-97.04620149799996,27.83524813200006],[-97.04412867799994,27.83414067700005],[-97.04411253999996,27.834119620000024],[-97.04444372899997,27.833961971000065],[-97.04547532299995,27.833197032000044],[-97.04401555399994,27.83155675300003],[-97.04174370199996,27.829004029000032],[-97.03850727099996,27.82536745400006],[-97.03490304699994,27.821317558000032],[-97.02704141599997,27.812483831000065],[-97.02577294399998,27.81105866300004],[-97.02550164999997,27.810753748000025],[-97.02522535599996,27.810443233000058],[-97.02431717899998,27.809423108000033],[-97.02015297199995,27.80397202000006],[-97.01850391099998,27.80181331600005],[-96.98719753499995,27.785888844000056],[-96.96702383099995,27.775627292000024],[-96.96687963499994,27.775553890000026],[-96.96162061899997,27.772836179000024],[-96.96163098699998,27.770492586000046],[-96.96199885299995,27.751737285000047],[-96.96237242499996,27.732692927000073],[-96.96301492899994,27.698719604000075],[-96.96332817199999,27.682350966000058],[-96.96393708799997,27.654114265000032],[-96.96397061099998,27.65256180500006],[-96.96447300899996,27.625702758000045],[-96.96464578499996,27.613851297000053],[-96.96498352999998,27.59067639400007],[-96.96516945899998,27.581937553000046],[-96.96549488399995,27.56664145700006],[-96.96561796399999,27.56116924300005],[-96.96570692299997,27.55718028700005],[-96.96612829999998,27.538287350000076],[-96.96663973399995,27.508913205000056],[-96.96701795999996,27.49461572200005],[-96.96752954099998,27.462615925000023],[-96.96778477099997,27.449899608000067],[-96.96793296499999,27.439257243000043],[-96.96793767099996,27.43892023500007],[-96.96829543899997,27.41322969600003],[-96.96880580899995,27.392565181000066],[-96.96893015999996,27.373483709000027],[-96.96956489599995,27.332922702000076],[-96.96990480199997,27.315982681000037],[-96.97019846799998,27.301213914000073],[-96.97055113599998,27.27553677800006],[-96.97059367099996,27.273582330000067],[-96.97132625899997,27.246024041000055],[-96.97193995599997,27.216768783000077],[-96.96899734199997,27.21675973200007],[-96.96899739299994,27.21675701600003],[-96.97146796799996,27.216761785000074],[-96.97194015599996,27.216762883000058],[-96.97206759699998,27.208532370000057],[-96.97229738599998,27.197413082000025],[-96.97247067399996,27.18639349700004],[-96.97270046399996,27.17522150800005],[-96.97286975299994,27.16419962300006],[-96.97309953999996,27.153176737000024],[-96.97327282999998,27.14205185000003],[-96.97355901599997,27.131026664000046],[-96.97373230399995,27.120000479000055],[-96.97396209599998,27.108717287000047],[-96.97413138399997,27.097692402000064],[-96.97436107299995,27.086558314000058],[-96.97459086299995,27.075376325000036],[-96.97482055099994,27.06429403800007],[-96.97499393899994,27.05326115300005],[-96.97522362699999,27.042176666000046],[-96.97539301599994,27.031091179000043],[-96.97562270399999,27.020004493000044],[-96.97579609399997,27.008916706000036],[-96.97579628099999,26.99782781600004],[-96.97585283399997,26.98699401600004],[-96.97596968999994,26.975852407000048],[-96.97631213499994,26.965016406000075],[-96.97671497999994,26.954128902000036],[-96.97682503799996,26.949800382000035],[-96.97700113199994,26.94287569000005],[-96.97723078399997,26.93182358300004],[-96.97740413599996,26.920824477000053],[-96.97769018699995,26.909672667000052],[-96.97785943599996,26.89892406900003],[-96.97808918899995,26.88771595700007],[-96.97818060499998,26.879396627000062],[-96.97820613699997,26.877069962000064],[-96.97831899499994,26.86580545000004],[-96.97860504699997,26.85459393800005],[-96.97872200099994,26.84353303100005],[-96.97874672299997,26.841926486000034],[-96.97889135299994,26.832521625000027],[-96.97883511399999,26.82135741600007],[-96.97895206899994,26.810242708000033],[-96.97918171999999,26.799126799000078],[-96.97929467699998,26.787908688000073],[-96.97957487999997,26.780102670000076],[-96.97958788499994,26.77973976000004],[-96.97969752499995,26.776685775000033],[-96.97998360899999,26.763202300000046],[-96.98021325999997,26.752132392000078],[-96.98055566699998,26.740858970000033],[-96.98084176299994,26.729736251000077],[-96.98094870899996,26.72457630400004],[-96.98107136099998,26.71866303400003],[-96.98124465899997,26.70774422100004],[-96.98153065799994,26.69646269800006],[-96.98170386199996,26.68492316700008],[-96.98187316799994,26.67312922900004],[-96.98187327399995,26.661894808000056],[-96.98181698099995,26.65076429100003],[-96.98221978499998,26.638554240000076],[-96.98244948799999,26.62700870900005],[-96.98273549199996,26.615049465000027],[-96.98302150399996,26.60237210100007],[-96.98309273099994,26.599307913000075],[-96.98336393299996,26.587629578000076],[-96.98345057199998,26.583254452000062],[-96.98364996199996,26.573181963000025],[-96.98386604399997,26.563835195000024],[-96.98404881399995,26.555929467000055],[-96.98414547599998,26.549062470000024],[-96.98446381499997,26.53332401800003],[-96.98645341999998,26.427213658000028],[-96.98713056699995,26.391508224000063],[-96.98727591999995,26.383843324000054],[-96.98837852099996,26.325703503000057],[-96.99018726899999,26.230658091000066],[-96.99092552999997,26.191865327000073],[-96.99171557399995,26.141216400000076],[-96.99172065299996,26.11673975900004],[-96.99172198799994,26.11194645300003],[-96.99173029399998,26.070213530000046],[-96.99173329399997,26.070210530000054],[-96.99209677999994,26.07024672700004],[-97.03588563799997,26.07461352000007],[-97.07038832399996,26.142420005000076],[-97.07353411599996,26.14117086500005],[-97.07429818899999,26.140867456000024],[-97.09193027799995,26.13386603600003],[-97.11737458099998,26.123762617000068],[-97.11742428799994,26.121119157000066],[-97.11853605699997,26.085006244000056],[-97.11857016199997,26.082874496000045],[-97.12606265599999,26.080269861000033],[-97.12710784399997,26.080073501000072],[-97.14266655999995,26.074633521000067],[-97.14353302699999,26.07433061100005],[-97.14352892999995,26.07320348500008],[-97.14352363499995,26.071763342000054],[-97.15321006799996,26.067158413000072],[-97.15381794399997,26.066959406000024],[-97.15494270099998,26.066923701000064],[-97.15824867099997,26.068099415000063],[-97.16181343499994,26.066501766000044],[-97.16201092999995,26.06489012800006],[-97.16192583499998,26.063961108000058],[-97.16175264299994,26.06326109300005],[-97.16041859699999,26.061736764000045],[-97.15921534599994,26.060649944000033],[-97.15831288199996,26.060269539000046],[-97.15729012199995,26.06021514100007],[-97.15656814899995,26.06064995400004],[-97.15572587999998,26.061899785000037],[-97.15470311799999,26.062660606000065],[-97.15357416099994,26.063089020000064],[-97.15191392399998,26.063719040000024],[-97.14937892299997,26.063913054000068],[-97.14932162799994,26.062319719000072],[-97.15079437899999,26.058328724000035],[-97.15107227999994,26.052191184000037],[-97.14184004399999,26.051465204000067],[-97.13222452399998,26.050709023000024],[-97.12172680999998,26.04988353400006],[-97.11989782599994,26.04923199800004],[-97.12021003099994,26.038897805000033],[-97.12179001199996,25.986610408000047],[-97.12192378599997,25.981977132000054],[-97.09433162199997,25.98198344000008],[-96.99775729299995,25.982005426000057],[-96.95644754999995,25.982014969000033],[-96.95641617199999,26.031665135000026],[-96.95499378999995,26.031508380000048],[-96.92585603299995,26.029134971000076],[-96.87859909299999,26.025285680000025],[-96.85865138099996,26.02366081100007],[-96.70433376099999,26.011090933000048],[-96.67909411099998,26.009035058000052],[-96.60228522899996,26.002778645000035],[-96.46139648199994,25.99130287400004],[-96.41029943899997,25.987140899000053],[-96.32075370399997,25.979847216000053],[-96.32097974799996,26.009610708000025],[-96.32100487399998,26.012920380000025],[-96.40247353099994,26.019485257000042],[-96.44315446699994,26.022763445000066],[-96.58876233199999,26.03449697700006],[-96.70096744099999,26.043538875000024],[-96.86631823099998,26.056863676000035],[-96.87853645899997,26.057848297000078],[-96.88334847399994,26.058236074000035],[-96.88334844499997,26.061041227000032],[-96.88347843999998,26.061048226000025],[-96.92243114299998,26.064205272000038],[-96.95443825399997,26.066799355000057],[-96.95203617099997,26.20254417900003],[-96.94799552699999,26.430879838000067],[-96.94794990699995,26.433461805000036],[-96.94735094799995,26.467309585000066],[-96.94620661299996,26.531972041000074],[-96.94558946799998,26.560098440000047],[-96.94219591899997,26.714753823000024],[-96.94185508399994,26.730284063000056],[-96.93960745599998,26.832695510000065],[-96.93944305099996,26.840185517000066],[-96.93668408799994,26.96589199500005],[-96.93533704099997,27.027263049000055],[-96.93195729799999,27.215229246000035],[-96.92868800899998,27.397044609000034],[-96.92722922399997,27.478168588000074],[-96.92420287599998,27.646496815000035],[-96.92370875299997,27.673983477000036],[-96.86160699899995,27.70949265400003],[-96.86075620899999,27.70997918000006],[-96.85682645899999,27.705923958000028],[-96.83127764899996,27.679559272000063],[-96.80640512999997,27.65389251600004],[-96.76193608399996,27.632642307000026],[-96.74201155199995,27.623121041000047],[-96.73904026299994,27.621701219000045],[-96.67750756999999,27.592296885000053],[-96.67285364399999,27.59007295300006],[-96.62473544799997,27.56707893600003],[-96.62077409599999,27.56518591100007],[-96.50290031399999,27.50885831900007],[-96.42715923599997,27.472664372000054],[-96.20084751199994,27.364518402000044],[-96.19357352899999,27.361042388000044],[-96.16927993699994,27.38811710600004],[-96.17704079999999,27.39180112100007],[-96.40127967299998,27.498247450000065],[-96.46869171499998,27.530248063000045],[-96.48055383099995,27.535879023000064],[-96.49152058299995,27.54108497900006],[-96.50567742399994,27.54780525600006],[-96.47084986599998,27.551051762000043],[-96.45921804199997,27.545502302000045],[-96.38683590299996,27.51096954700006],[-96.16638389299999,27.405794574000026],[-96.15617903699996,27.400925955000048],[-96.13407975699994,27.428602561000048],[-96.13761810399996,27.43028326700005],[-96.35763470599994,27.534793895000064],[-96.40106393099995,27.555423303000055],[-96.33083249699996,27.560489966000034],[-95.91560879899998,27.59044549600003],[-95.74004588599996,27.603111254000055],[-95.65833149299999,27.609006537000027],[-95.65810300099997,27.609023040000068],[-95.55210887099997,27.616669907000073],[-95.51161581099996,27.61958324400007],[-95.39225248599996,27.628170916000045],[-95.31448784999998,27.633765737000033],[-95.22781006799994,27.64000188800003],[-95.17590263899996,27.64373637800003],[-94.90672239299994,27.66310261600006],[-94.87075416799996,27.665690340000026],[-94.80161521099996,27.67066454500008],[-94.78060451499994,27.67217615100003],[-94.76120655699998,27.673571733000074],[-94.69241462399998,27.67852088500007],[-94.61017027799994,27.684437910000042],[-94.60717768899997,27.684653251000043],[-94.58336347299996,27.686366476000046],[-94.58315238099999,27.68638167900008],[-94.56313792399999,27.68782165300007],[-94.43839146499994,27.696794184000055],[-94.41666573899994,27.698356656000044],[-94.39209481499995,27.700123762000032],[-94.32253089399995,27.705126628000073],[-94.27922363699997,27.70824116500006],[-94.27910814099994,27.70824946600004],[-94.26158516499999,27.70950968300008],[-94.21047664299994,27.71318526300007],[-94.14943175099995,27.71757533400006],[-94.11359188799997,27.72015282700005],[-94.01637684499997,27.72714418700008],[-93.99983971499995,27.728333466000038],[-93.99983967999998,27.73024902000003],[-93.95409042299997,27.733559959000047],[-93.91277251799994,27.73655435300003],[-93.72389135899994,27.75024251600007],[-93.45584373399998,27.769667550000065],[-93.44222095099997,27.77065476200005],[-93.41952374599998,27.772299547000046],[-93.40636124899999,27.77325345500003],[-93.32909180999997,27.778853084000048],[-93.31426876299997,27.779927204000046],[-93.31120165699997,27.780149529000028],[-93.30791475699999,27.78038775600004],[-93.28924832699994,27.781740408000076],[-93.28138716599994,27.782310171000063],[-93.23535644399999,27.78564595000006],[-93.23504405299997,27.78566855300005],[-93.23489555799995,27.78567925400006],[-93.22701468399998,27.786250422000023],[-93.22012538199994,27.78674968000007],[-93.21992238799999,27.786764382000058],[-93.21939140299997,27.78680288700008],[-93.20909769899998,27.787548875000027],[-93.20706715699998,27.787695992000067],[-93.20184860699999,27.788074136000034],[-93.18810810199994,27.78906995400007],[-93.12749723999997,27.793462271000067],[-93.08662431099998,27.79642432000003],[-93.07649790099998,27.797158206000063],[-93.07103295799999,27.797554253000044],[-93.07101735799995,27.79755525300004],[-93.03801290699994,27.799634728000058],[-93.03541926999998,27.80049706500006],[-93.02819448299994,27.80065871900007],[-92.97864127399998,27.804249751000043],[-92.95544380899997,27.805930860000046],[-92.92812415599997,27.80791070600003],[-92.91904260399997,27.80856878800006],[-92.91680276499994,27.808731108000075],[-92.85984709699994,27.814160453000056],[-92.74788646499997,27.820972337000057],[-92.68381071599998,27.825615818000074],[-92.65535614699996,27.827677877000042],[-92.57093451199995,27.83379584900007],[-92.56555944899998,27.834185398000045],[-92.55510341699994,27.83494319400006],[-92.55497841999994,27.834952195000028],[-92.53320917599996,27.836529794000057],[-92.52291463899996,27.837275789000046],[-92.51506653899997,27.837844561000054],[-92.50469830399999,27.838595956000063],[-92.49469114999994,27.839321144000053],[-92.48270273599996,27.840189946000066],[-92.42627587899995,27.84427912600006],[-92.40426130199995,27.84587451400006],[-92.35834338999996,27.84920200700003],[-92.32057248299998,27.851939230000028],[-92.31457522499994,27.85237388200005],[-92.29672334599996,27.853667535000056],[-92.24785219499995,27.857209153000042],[-92.13223297599995,27.865587693000066],[-92.12980012999998,27.865764011000067],[-92.05632936099994,27.871088248000035],[-92.02417987299998,27.873417983000024],[-92.00135637799997,27.875071951000052],[-91.99152379499998,27.87578450700005],[-91.98643080799997,27.876153534000025],[-91.98622311199995,27.876168636000045],[-91.98367556899996,27.876353149000067],[-91.98309148199996,27.876395553000066],[-91.98097952799998,27.876548564000075],[-91.97337799599995,27.877099405000024],[-91.96424389799995,27.877761355000075],[-91.96133226199998,27.877972271000033],[-91.95941550499998,27.878111181000065],[-91.95686136099994,27.87829629500004],[-91.88927385299996,27.883193962000064],[-91.85234486599995,27.885870063000027],[-91.85134278799995,27.88594266900003],[-91.78616232199994,27.89066602500003],[-91.74326627499994,27.89377444400003],[-91.71322408199995,27.89595144200007],[-91.69639237799998,27.89717109700007],[-91.64228315199995,27.901091974000053],[-91.51706209899999,27.91016588000008],[-91.50701693499997,27.91089381300003],[-91.47312478599997,27.913349668000023],[-91.45251091199998,27.914843293000047],[-91.32517856099997,27.924069940000038],[-91.02965682099995,27.945483471000045],[-91.00242832899994,27.947456462000048],[-90.99866102699997,27.947729460000062],[-90.99712366599994,27.947840859000053],[-90.99674167499995,27.947868559000028],[-90.99325906399997,27.94812085700005],[-90.99195479699995,27.94821535600005],[-90.99174720199994,27.948230456000033],[-90.92121258799995,27.953341313000067],[-90.91875514999998,27.95351941200005],[-90.88323154899996,27.956093389000046],[-90.79289063099998,27.962639430000024],[-90.74660757799995,27.966771617000063],[-90.74385024599997,27.967017817000055],[-90.68379738199997,27.970544261000043],[-90.68268330999996,27.970624961000055],[-90.63041582499994,27.97441223000004],[-90.61897601299995,27.97524122300007],[-90.60207373799994,27.976465913000027],[-90.59696606599994,27.976836010000056],[-90.58298130699995,27.978227610000033],[-90.58174604899995,27.97793880100005],[-90.56578194999997,27.979095591000032],[-90.55812874199995,27.97965018700006],[-90.53033513999998,27.98166407000008],[-90.49667478899994,27.98410304600003],[-90.47181674699999,27.98590420000005],[-90.37136290599994,27.993182914000045],[-90.32660369099995,27.996426030000066],[-90.24993934299994,28.001398572000028],[-90.23768701199998,28.00228663300004],[-90.19137830999995,28.00564328300004],[-90.19025164399994,28.005724980000025],[-90.16675665399998,28.00742800300003],[-90.13836551299994,28.009485910000024],[-90.13194195499995,28.01668594100005],[-90.09824198399997,28.054459120000047],[-90.02151825099997,28.140456310000047],[-90.01684218799994,28.145697599000073],[-89.99520357899996,28.16995160600004],[-89.99259890999997,28.172871156000042],[-89.92402035799995,28.249739040000065],[-89.91933663399999,28.254988927000056],[-89.91911709699997,28.24702035400003],[-89.91676930799997,28.161811413000066],[-89.91428932399998,28.07180217000007],[-89.91057442299996,27.936962524000023],[-89.91000807499995,27.91640576900005],[-89.90994126499999,27.88210131200003],[-89.90670489399997,27.769322614000032],[-89.86831402999996,27.77169981800006],[-89.87156078799995,27.882221354000023],[-89.87176670099996,27.889231409000047],[-89.87272667099995,27.916405609000037],[-89.87447890399994,27.98679086100003],[-89.87725009299999,28.098085149000042],[-89.87942316699997,28.18535731600008],[-89.88081653099994,28.241315014000065],[-89.88197721999995,28.287928514000043],[-89.88219175699999,28.296541399000034],[-89.76889178699997,28.422933012000044],[-89.75214040399999,28.44161987800004],[-89.75135331799999,28.442497891000073],[-89.70001764599994,28.49976557000008],[-89.69648621899995,28.50370515000003],[-89.67331731399997,28.529551277000053],[-89.66064929299995,28.543683264000038],[-89.65139310099994,28.554008974000055],[-89.63893538499997,28.567906355000048],[-89.55613752599999,28.660272416000055],[-89.55379078799996,28.662890368000035],[-89.55187543799997,28.665027011000063],[-89.55081126599998,28.666214135000075],[-89.54709576499994,28.670359018000056],[-89.53905697899995,28.679326797000044],[-89.50664136999995,28.715488418000064],[-89.50434753399998,28.718047369000033],[-89.49371987899997,28.72990311600006],[-89.48893039299998,28.735246008000047],[-89.47411752099998,28.751770623000027],[-89.46115284499996,28.76623354000003],[-89.45868354599997,28.768988259000025],[-89.44087342499995,28.78885643900003],[-89.43176761499996,28.77603122900007],[-89.42480704899998,28.766227362000052],[-89.41087164899994,28.746599627000023],[-89.38336994699995,28.70786398300004],[-89.37499560399993,28.696068902000036],[-89.35070429799998,28.661854740000024],[-89.33558752299996,28.640562862000024],[-89.33438248199997,28.638865631000044],[-89.31202342199998,28.60737272700004],[-89.28498559699995,28.630998822000038],[-89.28704688699997,28.633920482000065],[-89.28831691899995,28.635720718000073],[-89.30422829399998,28.658273859000076],[-89.32858660299996,28.692799886000046],[-89.34612700099996,28.71766190200003],[-89.34651468399994,28.71821131100006],[-89.35029861699996,28.72357469700006],[-89.27482432899996,28.766201728000055],[-89.24764391399998,28.781552950000048],[-89.24341316799996,28.783942482000043],[-89.05392285999994,28.890964805000067],[-89.03111957299996,28.903843895000023],[-89.01222483499998,28.91451546500008],[-88.98452383099999,28.90385008100003],[-88.95062591299995,28.92719161800005],[-88.95436005199997,28.928787826000075],[-88.95390660199996,28.92904796700003],[-88.95827133899996,28.930841008000073],[-88.95837313299995,28.930882909000047],[-88.96518092199994,28.93368907300004],[-88.96813774299994,28.93490410000004],[-88.97012062299996,28.93572111900005],[-88.97027761299995,28.935786120000046],[-88.97397302899998,28.937304832000052],[-88.95063182699994,28.950601266000035],[-88.91302941599997,28.97202164500004],[-88.89371364799996,28.983024946000057],[-88.85036308499997,29.00771996000003],[-88.81305237299995,29.028974422000033],[-88.79545621899996,29.038998311000057],[-88.77948178599996,29.048065204000068],[-88.77079223099997,29.052996335000046],[-88.76183269199998,29.058080674000053],[-88.76185759099997,29.058138260000078],[-88.76174029599997,29.05820507900006],[-88.76432554699994,29.064161580000075],[-88.77628925399995,29.09172560500008],[-88.79819126799998,29.14218770800005],[-88.80095740099995,29.14858868600004],[-88.80906291799994,29.167331299000068],[-88.80909751499996,29.16741150100006],[-88.81731732099996,29.18647272000004],[-88.84111867299998,29.24166659000008],[-88.84658521699998,29.25434292700004],[-88.84721740499998,29.25580888500008],[-88.85088123799994,29.264304725000045],[-88.85178802199994,29.266407509000032],[-88.85268110499999,29.268478392000077],[-88.85416837799994,29.27192733100003],[-88.85519435999998,29.274306327000033],[-88.86038976499998,29.28625050900007],[-88.87206975499998,29.313102405000052],[-88.87340743099998,29.31617773100004],[-88.87410361899998,29.317778197000052],[-88.87457320999994,29.318857741000045],[-88.87771835499996,29.326071039000055],[-88.87837064299998,29.327567301000045],[-88.88017211199997,29.33169887200006],[-88.88803137899998,29.350005036000027],[-88.89999089599996,29.37866004700004],[-88.90256755199994,29.384513096000035],[-88.90277374799996,29.38498151600004],[-88.90542080299997,29.390993672000036],[-88.92086474599995,29.42606988400007],[-88.92663435299994,29.439173855000035],[-88.92690024799998,29.439777882000044],[-88.92707114499996,29.44016589900008],[-88.92745392399996,29.44103531500008],[-88.89855055499999,29.464834214000064],[-88.83830855999997,29.51513803000006],[-88.75724454499993,29.58349991600005],[-88.71455645899994,29.619508620000033],[-88.70556739999995,29.626556502000028],[-88.68080876199997,29.64542920400004],[-88.67516379199998,29.649732147000066],[-88.66673288199996,29.65615881000008],[-88.56653876999997,29.732532992000074],[-88.50509828399998,29.779365789000053],[-88.41745569199998,29.846169986000064],[-88.40304242899998,29.857103954000024],[-88.32221804099999,29.918418216000077],[-88.32221804399995,29.919595126000047],[-88.32081559299996,29.92079841700007],[-88.18135009799994,29.79178440100003],[-88.17394323099995,29.78493264800005],[-88.17206539099999,29.783195509000052],[-88.15901270799998,29.771120935000056],[-88.15231582499996,29.764925892000065],[-88.14260304399994,29.755940983000073],[-88.13809459299995,29.751770385000043],[-88.13435771099995,29.748313592000045],[-88.11270907299996,29.72828718100004],[-88.09180763299997,29.708951893000062],[-88.07121770099997,29.689307005000046],[-87.95653317199998,29.57988633800005],[-87.93061834299994,29.555461111000056],[-87.85961075999995,29.48853500100006],[-87.77222583099996,29.406172364000042],[-87.74592979499994,29.38138761700003],[-87.73075318899998,29.36708331500006],[-87.70656844299998,29.343580157000076],[-87.65871594699996,29.34737222800004],[-87.71145667299999,29.396816623000063],[-87.73481715899999,29.418717038000068],[-87.82114063599994,29.499645392000048],[-87.90402025699996,29.57734474500006],[-87.91858141099999,29.590995797000062],[-87.92509236699999,29.597167555000055],[-87.93069385799998,29.602477191000048],[-88.04908084499993,29.714696029000038],[-88.07097753699998,29.73545185300003],[-88.08628205499997,29.74993218900005],[-88.09689549299998,29.75997403200006],[-88.09925501299995,29.76220638500007],[-88.11403771799996,29.77619281400007],[-88.13390816799995,29.79499304600006],[-88.14587028499994,29.806310901000074],[-88.15008285199997,29.810296589000075],[-88.15185869599998,29.811976826000034],[-88.16318184199997,29.82269006000007],[-88.29054083899996,29.94318861800008],[-88.26219059999994,29.96495666100003],[-88.26126023099994,29.965671056000076],[-88.25994347499994,29.966682049000042],[-88.24999830699994,29.974318200000027],[-88.24900933399994,29.975077600000077],[-88.18565052399998,30.02372622100006],[-88.18223319999998,30.02635013400004],[-88.16729172899994,30.03782259500008],[-88.16051167599994,30.043028526000057],[-88.15857451799997,30.04451593500005],[-88.13577830099996,30.062019450000037],[-88.13561040499997,30.06214845100004],[-88.13346794899996,30.063793463000025],[-88.12940711699997,30.066911469000047],[-88.12255337599998,30.071931822000067],[-88.10717659099998,30.08332401000007],[-88.10678759899997,30.083611013000052],[-88.10187269699998,30.087282043000073],[-88.06728304899997,30.087350275000063],[-88.02040160399997,30.087442647000046],[-88.01208508399998,30.07785374300005],[-88.01163999899995,30.07734053200005],[-88.00975139099995,30.075163002000068],[-87.99978511299997,30.062816422000026],[-87.99737912299997,30.05983567000004],[-87.99526811999993,30.057220525000048],[-87.98509568299994,30.044515001000036],[-87.97889276399997,30.03676756300007],[-87.92204367699998,29.966507034000074],[-87.90824182999995,29.94940884300007],[-87.77451883199996,29.78374739000003],[-87.74673412099997,29.74932642500005],[-87.74223919399998,29.74375810300006],[-87.72916699999996,29.727563647000068],[-87.72110501299994,29.71757612700003],[-87.71594491299999,29.711183584000025],[-87.69180035399995,29.681272213000057],[-87.66821037899996,29.652047948000074],[-87.59938770799994,29.566787349000037],[-87.53877344799997,29.491695599000025],[-87.51273270999997,29.45943492200007],[-87.49986013699998,29.443487687000072],[-87.48854578699996,29.42947102200003],[-87.48720063999997,29.427804579000053],[-87.46262830699999,29.445920241000067],[-87.45512784199997,29.451449852000053],[-87.46658058599996,29.46552501900004],[-87.47413968599994,29.47481496100005],[-87.48422658499999,29.487211384000034],[-87.49394019899995,29.49914919300005],[-87.57125548799996,29.594167519000052],[-87.62852681499999,29.664552280000066],[-87.66017257199996,29.703443873000026],[-87.68041738199997,29.728324134000047],[-87.84608196399995,29.931920226000045],[-87.93592064699999,30.042328848000068],[-87.93769956899996,30.04451498900005],[-87.95562886699997,30.066549593000047],[-87.95564446699996,30.066568893000067],[-87.95568816499997,30.066622494000057],[-87.96736673699996,30.08097514900004],[-87.96876617299995,30.082694979000053],[-87.98597828499999,30.10384814300005],[-87.98433874299997,30.104101748000062],[-87.89793300299993,30.117381779000027],[-87.88437648599995,30.119465534000028],[-87.80862284199998,30.131109843000047],[-87.77722823399995,30.135797110000055],[-87.73489888599994,30.142116891000057],[-87.73475778999995,30.142137991000027],[-87.63335259199994,30.15727773800006],[-87.63335258999996,30.15761324600004],[-87.56663961299995,30.167529475000038],[-87.54057339799994,30.17155456900008],[-87.53473957399996,30.172458590000076],[-87.53387449999997,30.172593093000046],[-87.52048900199998,30.174673641000027],[-87.50367550699997,30.177177700000072],[-87.44826057299997,30.185683092000033],[-87.44183381599998,30.186682140000073],[-87.38636922999996,30.19507085400005],[-87.37813924399995,30.19631561600005],[-87.30055358399994,30.208255070000064],[-87.30058168599999,30.168053937000025],[-87.30059606799995,30.147371333000024],[-87.30059616899996,30.147191428000042],[-87.30060501899999,30.134640622000063],[-87.30061718799999,30.117238798000074],[-87.30062905499994,30.100194982000062],[-87.30062935699993,30.09979657300005],[-87.30076152699996,29.91034107100006],[-87.30078768399994,29.872731603000034],[-87.30081273399998,29.836934278000058],[-87.30084643599997,29.788556662000076],[-87.30085880999997,29.770832953000024],[-87.30096654899995,29.616474793000066],[-87.30020787499996,29.616482692000034],[-87.26247917399996,29.616874834000043],[-87.26258180799994,29.704128772000047],[-87.26264657999997,29.75915795800006],[-87.26270488099999,29.808688221000068],[-87.26275999199999,29.85556782200007],[-87.26281610099994,29.903285543000038],[-87.26285387199994,29.935344696000072],[-87.26304736799995,30.099796686000047],[-87.26189311099995,30.099796690000062],[-87.26189311099995,30.10003169500004],[-87.26188585999995,30.11496226500003],[-87.26186914399995,30.14958202300005],[-87.26186793499994,30.152087985000037],[-87.26184183199996,30.18273074500007],[-87.26186774299998,30.208849392000047],[-87.25882876099996,30.20933371600006],[-87.23509859499995,30.213115516000073],[-87.20421240399997,30.21816057700005],[-87.16546141499998,30.22443265100003],[-87.12461147499994,30.231083727000055],[-87.11423992399995,30.23277556900007],[-86.83481342599998,30.27797023200003],[-86.35067458099996,30.266790685000046],[-86.11197902799995,30.072850577000054],[-86.02238954699999,29.999791303000052],[-86.00196288499995,29.983123790000036],[-86.00154601899999,29.983123791000025],[-85.93331738799998,29.92768798800006],[-85.93331738999996,29.927332980000074],[-85.93304039899994,29.927104976000066],[-85.79296385199996,29.812568475000035],[-85.79298775599995,29.79887665700005],[-85.79328157099997,29.630327281000064],[-85.79342168599999,29.549986755000077],[-85.79342178599995,29.549942654000063],[-85.79360909499997,29.44258628700004],[-85.79380311299997,29.331446528000072],[-85.79386061499997,29.29847746200005],[-85.79388745499995,29.283107311000037],[-85.79390715899996,29.271806280000078],[-85.79411085099997,29.155177121000065],[-85.79413719299998,29.14008905700007],[-85.79420757299994,29.099768416000074],[-85.79427835399997,29.059203167000078],[-85.79428297899995,29.056556086000057],[-85.78793412399995,29.04709689300006],[-85.75579576899997,28.99921389900004],[-85.75579556099996,29.000079627000048],[-85.75578748899994,29.02846370700007],[-85.75576710499996,29.099768418000053],[-85.75573088999994,29.226497848000065],[-85.75571465999997,29.283107356000073],[-85.75571145699996,29.294372990000056],[-85.75570153599995,29.32936602500007],[-85.75567208699994,29.43267078300005],[-85.75563869499996,29.549906273000033],[-85.75563869499996,29.54998687500006],[-85.75439262499998,29.549986879000073],[-85.75439261999998,29.550546895000025],[-85.75440242799993,29.589598889000058],[-85.75441689499996,29.647478611000054],[-85.75441675999997,29.665523117000077],[-85.75444969999995,29.821668356000032],[-85.69571619299995,29.827988815000026],[-85.67466183099998,29.83025488000004],[-85.54987334299994,29.843685675000074],[-85.54459307999997,29.844254017000026],[-85.54182915099994,29.844551740000043],[-85.51828676299994,29.847087231000046],[-85.50190318899996,29.848850364000043],[-85.50181056899999,29.848860672000058],[-85.49289342699996,29.838440107000054],[-85.49278172899994,29.838590612000075],[-85.48667844499994,29.84681446700006],[-85.48366081199998,29.85088061600004],[-85.48321801299994,29.850929896000025],[-85.48260998299997,29.851718968000057],[-85.48212963499998,29.851772624000034],[-85.47091805999997,29.865768763000062],[-85.47059366699995,29.866173676000074],[-85.46791852599995,29.867331919000037],[-85.44113272999994,29.87892945200008],[-85.42491253599997,29.885952330000066],[-85.42399782499996,29.885952719000045],[-85.41974822499998,29.885954436000077],[-85.41934343499997,29.885954537000032],[-85.41512905899998,29.885956263000026],[-85.40512096999998,29.88571748700008],[-85.40185581099996,29.884514505000027],[-85.39661648399994,29.88213591400006],[-85.39343569299996,29.880094894000024],[-85.39338864699994,29.878851637000025],[-85.39338714699994,29.87881293600003],[-85.39328764899994,29.876223562000064],[-85.39328574899997,29.87617146100007],[-85.39323364999996,29.874747520000028],[-85.39315904799997,29.874776884000028],[-85.39315425199999,29.87465641800003],[-85.39218437499994,29.87498603100005],[-85.39134499399995,29.875233542000046],[-85.39107100099994,29.875256843000045],[-85.39083890599994,29.875276545000077],[-85.39039451599996,29.875190444000054],[-85.39009832299996,29.875093642000024],[-85.38985142899998,29.875125944000047],[-85.38943173899997,29.875201248000053],[-85.38830846499997,29.87554556200007],[-85.38792807399994,29.875643067000055],[-85.38773807799998,29.875691669000048],[-85.38767887999995,29.875706869000055],[-85.38720979099998,29.875706871000034],[-85.38685189899996,29.875642371000026],[-85.38635810999995,29.875308863000043],[-85.38634218299995,29.87529421100004],[-85.38632081099996,29.875271562000023],[-85.38615181499995,29.875080557000047],[-85.38612681599994,29.875029556000072],[-85.38612411599996,29.87500695500006],[-85.38612281599995,29.874996555000052],[-85.38613081599999,29.874963554000033],[-85.38615181499995,29.874922553000033],[-85.38619381399997,29.87487155100007],[-85.38629081199997,29.874798549000047],[-85.38645480799994,29.874695545000066],[-85.38655180599994,29.874640543000055],[-85.38664380399996,29.874596542000063],[-85.38679019999995,29.874515539000072],[-85.38692419699998,29.874471537000034],[-85.38706319399995,29.874438535000024],[-85.38722318999999,29.87441353400004],[-85.38742918499997,29.87439153300005],[-85.38771917899999,29.874380531000043],[-85.38855615899996,29.874358527000027],[-85.38916614499999,29.874332524000067],[-85.38938173999998,29.87432152300005],[-85.38952733699995,29.874291722000066],[-85.38955773599997,29.874285521000047],[-85.38974273199995,29.874230519000037],[-85.38997872599998,29.874131515000045],[-85.39013372199997,29.874054513000033],[-85.39029371899994,29.87396650900007],[-85.39059671199999,29.87379750300005],[-85.39079870699999,29.873676499000055],[-85.39092870399998,29.873588496000025],[-85.39103870099996,29.87350449300004],[-85.39114769899999,29.873398490000056],[-85.39127369599998,29.873251485000026],[-85.39143769199995,29.87303147800003],[-85.39200567899996,29.872189452000043],[-85.39295565699996,29.870756407000044],[-85.39307365399998,29.87056540100008],[-85.39305957199997,29.870172952000075],[-85.39358874199996,29.86927696200007],[-85.39302642599995,29.869279122000023],[-85.39288465799996,29.865566259000047],[-85.39287165799999,29.865222249000055],[-85.39286765899999,29.86505324500007],[-85.39285065899998,29.86462423200004],[-85.39284965899998,29.864597032000063],[-85.39258966499995,29.857770037000023],[-85.39258876499997,29.85774563700005],[-85.39253566599996,29.856310996000047],[-85.39253516599996,29.856297496000025],[-85.39211067499997,29.84513867800007],[-85.39197217699996,29.844953779000036],[-85.39196557799994,29.844787969000038],[-85.36699901699996,29.811613969000064],[-85.36555364499998,29.80968436200004],[-85.36406967499994,29.807704310000076],[-85.35586234899995,29.796816431000025],[-85.35576804199997,29.796691124000063],[-85.35568286999995,29.796577953000053],[-85.35013655199998,29.78917842800007],[-85.35011887899998,29.78918482800003],[-85.34982445799994,29.788793618000057],[-85.31407013699999,29.802109331000054],[-85.31353934799995,29.802307038000038],[-85.31022592199997,29.803541086000052],[-85.30988332899994,29.80366869100004],[-85.30696019399994,29.804757333000055],[-85.30633750799996,29.804989142000068],[-85.30285878599994,29.806284792000042],[-85.30248017099996,29.806425752000052],[-85.30228159899997,29.80649690000007],[-85.30228159899997,29.806554902000073],[-85.30229359899994,29.806675906000066],[-85.30231459899994,29.806793909000078],[-85.30240359799996,29.80711991800007],[-85.30253359599999,29.807511929000043],[-85.30269359299996,29.807889939000063],[-85.30287858999998,29.808219948000044],[-85.30297958799997,29.808351952000066],[-85.30309258599993,29.808483955000042],[-85.30321058399994,29.808615958000075],[-85.30332858199995,29.80876296200006],[-85.30349257899996,29.80895696700003],[-85.30375257399999,29.809239974000036],[-85.30429556399997,29.809785988000044],[-85.30464455699996,29.810122997000065],[-85.30476255499997,29.810221999000078],[-85.30487555199994,29.81028800100006],[-85.30506414799999,29.81036060200006],[-85.30513214699994,29.81038610300004],[-85.30526254399996,29.810435004000055],[-85.30537154199999,29.810461004000047],[-85.30546453999995,29.810472004000076],[-85.30553553799996,29.810472004000076],[-85.30559853699998,29.810461003000057],[-85.30565753599996,29.81044200200006],[-85.30570394699998,29.810418309000056],[-85.30571523399999,29.810418601000038],[-85.30586143099998,29.81035939900005],[-85.30591522999998,29.810337598000046],[-85.30612242499996,29.81018809300008],[-85.30623686499996,29.810084432000053],[-85.30623852199994,29.81010499000007],[-85.30623352299995,29.810170992000053],[-85.30621652299999,29.810218994000024],[-85.30617952399996,29.810284996000064],[-85.30607852699995,29.810368999000048],[-85.30599452799999,29.81043100100004],[-85.30591452999994,29.81050500300006],[-85.30585553199995,29.810574005000035],[-85.30583453199995,29.810600006000072],[-85.30582553299996,29.810626007000053],[-85.30581753299998,29.810666008000055],[-85.30582553299996,29.810703009000065],[-85.30584653199998,29.810732010000038],[-85.30589353099998,29.810747010000057],[-85.30602352899996,29.81075001000005],[-85.30619152499997,29.81073600900004],[-85.30628052299994,29.810710008000058],[-85.30633743299995,29.810681931000033],[-85.30640461999997,29.810678306000057],[-85.30655891699996,29.810611004000066],[-85.30679891099999,29.810416597000028],[-85.30702316399999,29.810207578000075],[-85.30702450599995,29.810207990000038],[-85.30703250599998,29.810218991000056],[-85.30703650599997,29.81025899200006],[-85.30702450599995,29.810368995000033],[-85.30700750699998,29.810478998000065],[-85.30698650699998,29.81053000000003],[-85.30695250799994,29.810578001000067],[-85.30691050899998,29.81062200300005],[-85.30686050999998,29.81065100400008],[-85.30680951099998,29.81067300500007],[-85.30663351499999,29.81072500700003],[-85.30659551599996,29.81074300800003],[-85.30656651699996,29.81077200800007],[-85.30655351699994,29.810802009000042],[-85.30654951699995,29.810838010000055],[-85.30655351799999,29.810930013000075],[-85.30657851699993,29.811051017000068],[-85.30663751599997,29.811190020000026],[-85.30673451499996,29.81135502500007],[-85.30684751299998,29.811524029000054],[-85.30692351099998,29.811605031000056],[-85.30702450899997,29.81168903300005],[-85.30726450399999,29.811858037000036],[-85.30743250099994,29.81194203900003],[-85.30767649599994,29.81203804100005],[-85.30792849099998,29.812129043000027],[-85.30810548699998,29.81220604400005],[-85.30823148499996,29.81226904600004],[-85.30831548299994,29.812331047000043],[-85.30838248199996,29.812393049000036],[-85.30844947999998,29.812470051000048],[-85.30848747999994,29.81251805200003],[-85.30852547899997,29.81258405400007],[-85.30862247699997,29.812775059000046],[-85.30873147499995,29.812991065000062],[-85.30884047299998,29.813189070000078],[-85.30894647199995,29.813354074000074],[-85.30904646999994,29.813475078000067],[-85.30913946799996,29.81355908000006],[-85.30921946599994,29.813611081000033],[-85.30929546499993,29.813640081000074],[-85.30936242699994,29.81364707800003],[-85.30944496199999,29.81369788300003],[-85.30966715699998,29.813719382000045],[-85.30990859399998,29.813693897000064],[-85.30976925499994,29.81386698600005],[-85.30937816299996,29.813898289000065],[-85.30937066499996,29.81428770000008],[-85.30938266599998,29.814846616000068],[-85.30940236599997,29.815195526000025],[-85.30949586399998,29.815252027000042],[-85.31133862399997,29.815256721000026],[-85.31136562299997,29.815190819000065],[-85.31114152699996,29.814505500000053],[-85.31104912799998,29.814306594000072],[-85.31056193799998,29.814060389000076],[-85.31021854499994,29.81385188400003],[-85.31036111899994,29.813649595000072],[-85.31042013999996,29.81364407700005],[-85.31067053499999,29.813702678000027],[-85.31084433099994,29.813743379000073],[-85.31092622999995,29.813762479000047],[-85.31092803299998,29.81376317300004],[-85.31127272299995,29.81395178300005],[-85.31152331699997,29.81408688600004],[-85.31156901699995,29.814123687000063],[-85.31211610799994,29.815652629000056],[-85.31233530499998,29.81624174500007],[-85.31288999599997,29.817685185000073],[-85.31366388399994,29.81977614300007],[-85.31377968199996,29.820063051000034],[-85.31382878099998,29.820180454000024],[-85.31389617999997,29.820315857000026],[-85.31393497899995,29.820399360000067],[-85.31429657199999,29.820949874000064],[-85.31455026699996,29.82127948300007],[-85.31459686699998,29.821362985000064],[-85.31463566599996,29.82142398700006],[-85.31463826599997,29.82146688800003],[-85.31464736599997,29.821531290000053],[-85.31464396599995,29.82176899700005],[-85.31462796699998,29.82180549800006],[-85.31461496699995,29.82189450000004],[-85.31460546799997,29.821943402000045],[-85.31457476899999,29.822198209000078],[-85.31460136899994,29.82255832000004],[-85.31467336799994,29.82278532600003],[-85.31469276799999,29.822833127000024],[-85.31474036699996,29.822998332000054],[-85.31476136699996,29.82321433800007],[-85.31478236699996,29.823595349000072],[-85.31479936799997,29.823947359000044],[-85.31481136899998,29.82450837500005],[-85.31484537099999,29.826070420000065],[-85.31490437499997,29.828241483000056],[-85.31492537499997,29.828516491000073],[-85.31493337499995,29.828589493000038],[-85.31747652099995,29.829642414000034],[-85.31754661899998,29.829671414000074],[-85.31766381699998,29.829773817000046],[-85.31778510699996,29.829721264000057],[-85.31780621399997,29.829729615000076],[-85.31829200299995,29.829510007000067],[-85.31993113999994,29.82879141400008],[-85.32031385599998,29.828625574000057],[-85.32059001499994,29.828502565000065],[-85.32059684999996,29.82849956900003],[-85.32340148599997,29.827270123000062],[-85.32359716799994,29.82757563100006],[-85.32018895999994,29.829062787000055],[-85.31844182499998,29.829827802000068],[-85.31832060299996,29.829878717000042],[-85.31842909999995,29.82991731800007],[-85.31898148899995,29.830113822000044],[-85.31921238399997,29.830195923000076],[-85.32012226399996,29.83051952900007],[-85.32083924899996,29.830774534000057],[-85.32442307199995,29.83204915700003],[-85.32557374699996,29.83245846500006],[-85.32872743199994,29.83358015700003],[-85.35185187599996,29.841939439000043],[-85.35985039999997,29.84483079200004],[-85.35987539899998,29.84483989200004],[-85.37351855799994,29.84977255700005],[-85.37354350299995,29.86388008600005],[-85.37354850399998,29.866736868000032],[-85.37355050499997,29.867858700000056],[-85.37358091399994,29.885083893000058],[-85.37359331699997,29.892080994000025],[-85.37381092599998,29.892172844000072],[-85.37381111199994,29.892322100000058],[-85.38111873999998,29.89540615900006],[-85.38111963999995,29.89540645900007],[-85.38126233599996,29.895466760000033],[-85.38430446399997,29.89675068500003],[-85.38447405999995,29.896822186000065],[-85.38454525799995,29.89685228700006],[-85.40016748399995,29.903445313000077],[-85.40239523099996,29.903448704000027],[-85.40278642099997,29.90344930200007],[-85.41193180099998,29.903455966000024],[-85.41197789999995,29.903456066000047],[-85.42196895999996,29.903463226000042],[-85.42255434599997,29.90346382300004],[-85.42533607899998,29.903466912000056],[-85.43205671699997,29.90347418500005],[-85.45596035999995,29.892969692000065],[-85.47877363999999,29.88294441800008],[-85.48267954799996,29.88306540600007],[-85.48272354699998,29.883066806000045],[-85.49616022999999,29.883486365000067],[-85.49970914799997,29.883105340000043],[-85.50007713899998,29.883066695000025],[-85.50007713699995,29.88365075400003],[-85.53774484199994,29.879578236000043],[-85.57160345099999,29.87605695700006],[-85.70780049599995,29.861597346000053],[-85.72715849499997,29.85954219000007],[-85.75441517499996,29.856648448000044],[-85.75440484999996,29.89755173900005],[-85.75439809299996,29.92407103200003],[-85.75439800199996,29.939410432000045],[-85.75418799299996,30.016663882000046],[-85.75418753499997,30.027446548000057],[-85.75416434699997,30.030888794000077],[-85.75418695999997,30.040961862000074],[-85.75418539399999,30.07780972300003],[-85.75384248899996,30.078219485000034],[-85.75368050599997,30.07832873800004],[-85.74782215699997,30.08223136400005],[-85.74052665699998,30.08720012300006],[-85.74025906499998,30.087380628000062],[-85.71367480799995,30.105310107000037],[-85.71252923899993,30.10631433700007],[-85.71509885799998,30.107872454000074],[-85.72398555399997,30.113897654000027],[-85.72390197599998,30.113997528000027],[-85.72387507699995,30.114013928000077],[-85.72395717499995,30.114067429000045],[-85.72415586799997,30.11419673000006],[-85.72437826099997,30.11432753200006],[-85.72456635499998,30.114438333000066],[-85.72491154399995,30.114665236000064],[-85.72607670699995,30.115431044000047],[-85.72617910299994,30.11551234500007],[-85.72633239799995,30.11563404700007],[-85.72651329299998,30.115774049000038],[-85.72665968799998,30.11587215000003],[-85.72678618399999,30.115943351000055],[-85.72708847399997,30.116123952000066],[-85.72725476899996,30.11625425400007],[-85.72733676599995,30.11631849200006],[-85.72736056499997,30.116339655000047],[-85.72744996299997,30.116417256000034],[-85.72758075799999,30.116530858000033],[-85.72773005299996,30.116660360000026],[-85.72784034999995,30.116739861000042],[-85.72800164499995,30.116839362000064],[-85.72808394199996,30.116908263000028],[-85.72815903899999,30.116992164000067],[-85.72827483599997,30.117101066000032],[-85.72840053199997,30.117216067000072],[-85.72857002599994,30.117367970000032],[-85.72879071899996,30.117548472000067],[-85.72902571099996,30.117729874000077],[-85.72908533599997,30.117774610000026],[-85.72916520699994,30.11786447600008],[-85.72939319799997,30.118350985000063],[-85.72973004699998,30.118599103000065],[-85.72948639499998,30.118648291000056],[-85.72935569799995,30.118668393000064],[-85.72899250899997,30.11875679700006],[-85.72897973299996,30.118759931000056],[-85.72891355899998,30.118774732000077],[-85.72887061299997,30.118782499000076],[-85.72881669999998,30.11879631200003],[-85.72881271499995,30.118797199000028],[-85.72870701799997,30.11882010100004],[-85.72862041999997,30.118838802000027],[-85.72850722399994,30.11887560300005],[-85.72846492499997,30.118881104000025],[-85.72844112599995,30.118884104000074],[-85.72839692699995,30.118889804000048],[-85.72838422699994,30.11889200400003],[-85.72829922999995,30.118906905000074],[-85.72819493299994,30.11892520600003],[-85.72777494499996,30.118974911000066],[-85.72776314599997,30.11896881000007],[-85.72774133899998,30.118970990000037],[-85.72770894699994,30.11896721100004],[-85.72749745399994,30.118988613000056],[-85.72740006799995,30.119005096000024],[-85.72724730999994,30.11902036300006],[-85.72718316299995,30.119024916000058],[-85.72710890799993,30.11903419400005],[-85.72653728299997,30.11909132200003],[-85.72644098499995,30.11910212300006],[-85.72625219099996,30.119123224000077],[-85.72621859199995,30.119114125000067],[-85.72618280499995,30.119104417000074],[-85.72618195499996,30.119092780000074],[-85.72628468999994,30.119028822000075],[-85.72665327899995,30.11899181900003],[-85.72681937399994,30.118983117000028],[-85.72666637899994,30.118869416000052],[-85.72648278499997,30.118792016000043],[-85.72629739099995,30.118786417000024],[-85.72561581199994,30.11857691700004],[-85.72545661699996,30.118528017000074],[-85.72543930399996,30.118524198000046],[-85.72538281899995,30.11850621700006],[-85.72513942699999,30.11843441700006],[-85.72495843199994,30.118396718000042],[-85.72473923899997,30.118362818000037],[-85.72469451399996,30.118359922000025],[-85.72466684099999,30.11835381900005],[-85.72461954799996,30.118355068000028],[-85.72452304599994,30.11834882000005],[-85.72435185099994,30.118342921000078],[-85.72427175299998,30.11835392100005],[-85.72417845599995,30.118366722000076],[-85.72406255899995,30.118407224000066],[-85.72385296499994,30.118513928000027],[-85.72370786999994,30.11858783100007],[-85.72352887499994,30.11867893400006],[-85.72333417999994,30.118793938000067],[-85.72320118399995,30.118872440000075],[-85.72315588499998,30.118908241000042],[-85.72308968699997,30.11896054300007],[-85.72295499099994,30.11911194700008],[-85.72283569399997,30.11926665200008],[-85.72278519499997,30.119351954000024],[-85.72268849799997,30.119515058000047],[-85.72256730099997,30.119755464000036],[-85.72245730299994,30.120007471000065],[-85.72236220499997,30.12030057800007],[-85.72228980699998,30.120596385000056],[-85.72226970699995,30.120805390000044],[-85.72226950599998,30.121078796000063],[-85.72227175699999,30.121115563000046],[-85.72226940599995,30.12118319800004],[-85.72229800399998,30.121693609000033],[-85.72174619899994,30.122327662000032],[-85.72166952099997,30.122390929000062],[-85.72161012199996,30.122450831000037],[-85.72146582599999,30.12264183600007],[-85.72141072799997,30.12271313800005],[-85.72086356499995,30.12298724900006],[-85.72078854599994,30.123018649000073],[-85.72063754999994,30.123085751000076],[-85.72045635499995,30.123189255000057],[-85.72043160299995,30.12320364900006],[-85.72023636199998,30.12330145900006],[-85.72002556799998,30.12340706300006],[-85.71978887499995,30.123467766000033],[-85.71961507999998,30.123512368000036],[-85.71955258199995,30.12351256900007],[-85.71946028499997,30.123512769000058],[-85.71924589099996,30.12348607000007],[-85.71913311899993,30.123455811000042],[-85.71893204799994,30.12338782100005],[-85.71893009699994,30.123387012000023],[-85.71875059699994,30.123308413000075],[-85.71841231799993,30.123100667000074],[-85.71791733399994,30.12261446000008],[-85.71757000299993,30.122145938000074],[-85.71749734799994,30.12202895000007],[-85.71739255199998,30.121846447000053],[-85.71723335699994,30.121609143000057],[-85.71708046199996,30.12139583900006],[-85.71697616599994,30.121258737000062],[-85.71677807299994,30.121038533000046],[-85.71663057699999,30.12089603100003],[-85.71646538299996,30.12076072900004],[-85.71637664699995,30.120692245000043],[-85.71634318699995,30.120660628000053],[-85.71627710499996,30.120615421000025],[-85.71618369199996,30.120543327000064],[-85.71598249799996,30.12040572500007],[-85.71573410599996,30.120240323000075],[-85.71569305199995,30.120215863000055],[-85.71560820999997,30.120157822000067],[-85.71557710699994,30.120146784000042],[-85.71553571299995,30.120122122000055],[-85.71540791699994,30.120059221000076],[-85.71522832199997,30.119981221000046],[-85.71512822499994,30.119950221000067],[-85.71509170299998,30.119974524000042],[-85.71495813099995,30.119927122000036],[-85.71367596699997,30.120777149000048],[-85.71111813999994,30.122472905000052],[-85.71074075099995,30.122723113000063],[-85.70916669599995,30.123766747000047],[-85.70646297399998,30.12555930600007],[-85.70477822199996,30.126676243000077],[-85.70352925799995,30.12750427000003],[-85.70020375399997,30.129708942000036],[-85.69859639999999,30.130774577000068],[-85.69700164599999,30.131831912000052],[-85.69249277999995,30.133709286000055],[-85.68276796799995,30.137758245000043],[-85.68238887899997,30.137916052000037],[-85.68069722899997,30.13862037900003],[-85.67891988199995,30.139360409000062],[-85.67135240799996,30.14251123300005],[-85.67133440799995,30.14282834000005],[-85.67132170799994,30.14305134500006],[-85.67127000799996,30.143959866000046],[-85.67112260699997,30.146551325000075],[-85.67090080699995,30.15045141400003],[-85.67065080599997,30.154848214000026],[-85.67057240599996,30.15622744500007],[-85.67054670599998,30.156678856000042],[-85.67066582699994,30.156674274000068],[-85.67066170199996,30.156752857000072],[-85.67117858699999,30.15673465200007],[-85.67238234899997,30.15669234300003],[-85.67245464699994,30.156689742000026],[-85.67646922299997,30.15654821000004],[-85.67686921099994,30.156534107000027],[-85.68886074099998,30.156111211000052],[-85.68889104099998,30.15611031000003],[-85.69445176899995,30.155940266000073],[-85.69953471999997,30.15263995600003],[-85.69963321699998,30.152575354000078],[-85.70005840499994,30.152296445000047],[-85.70051629099999,30.151996035000025],[-85.70089967999996,30.151744627000028],[-85.70438217799995,30.149460151000028],[-85.70628302299997,30.148213310000074],[-85.70642881899994,30.14811770600005],[-85.71034460499999,30.14554902100008],[-85.71157666899995,30.144749095000066],[-85.71176006399998,30.14462989100008],[-85.71176886399996,30.14459549000003],[-85.71180186299995,30.144561589000034],[-85.71184216099994,30.144551789000047],[-85.71187605999995,30.14453068800003],[-85.71192475899994,30.144485987000053],[-85.71197165799998,30.144410185000027],[-85.71202295599994,30.144348983000043],[-85.71219545199995,30.144180978000065],[-85.71223065099997,30.144143977000056],[-85.71249134299995,30.143869169000027],[-85.71265223899996,30.14370596400005],[-85.71278893499994,30.14355086000006],[-85.71294593099998,30.143371055000046],[-85.71318452399998,30.143112647000066],[-85.71335791899998,30.14295164200007],[-85.71351921399997,30.142797638000047],[-85.71358251299995,30.14274643600004],[-85.71367320999997,30.14266843400003],[-85.71375900799995,30.14257813100005],[-85.71383860499998,30.142508229000043],[-85.71388920399994,30.142466228000046],[-85.71394120299999,30.142385726000043],[-85.71395220299996,30.142279623000036],[-85.71396590199998,30.142217222000056],[-85.71400110099995,30.14215752000007],[-85.71406029999997,30.142063518000043],[-85.71408039899995,30.14200691600007],[-85.71407639999995,30.141947015000028],[-85.71409029899996,30.141910814000028],[-85.71416839699998,30.14177581100006],[-85.71426070599995,30.14165487500003],[-85.71476843699998,30.14109293300004],[-85.71477368099994,30.141087291000076],[-85.71482777899996,30.14102908900003],[-85.71500437399999,30.14084928400007],[-85.71519086899997,30.140677079000056],[-85.71542496199999,30.140426972000057],[-85.71566765599994,30.14016246400007],[-85.71578765199996,30.140042461000064],[-85.71584785099998,30.139990259000058],[-85.71591714899995,30.13994425800007],[-85.71599934599999,30.139864055000032],[-85.71610874299995,30.13973965200006],[-85.71617394099997,30.13967135000007],[-85.71625873899995,30.13959724700004],[-85.71629983799994,30.139554346000068],[-85.71638053599997,30.139446643000042],[-85.71638243599995,30.139415143000065],[-85.71637173599999,30.139364441000055],[-85.71638623599995,30.139312440000026],[-85.71647219899995,30.13920024400005],[-85.71656035799998,30.139101555000025],[-85.71660792999995,30.139061833000028],[-85.71668662799999,30.138985631000025],[-85.71673322599997,30.138924329000076],[-85.71681652399997,30.138834127000052],[-85.71685562299996,30.138794225000026],[-85.71690332099996,30.138774025000032],[-85.71706261699995,30.138700222000068],[-85.71705901699994,30.13868712200008],[-85.71721871199998,30.138560018000078],[-85.71736470799993,30.138446514000066],[-85.71730320999995,30.13838361300003],[-85.71747810599999,30.138126206000038],[-85.71747749799994,30.13810296400004],[-85.71758975999995,30.137988827000072],[-85.71760950199996,30.13799090200007],[-85.71772229899994,30.13786249900005],[-85.71782673999996,30.13775601900005],[-85.71811771999995,30.13761043900007],[-85.71812858699997,30.137610790000053],[-85.71819170699996,30.13757342200006],[-85.71870726999998,30.13731548000004],[-85.71884366599994,30.137252577000027],[-85.71890907499994,30.137201809000032],[-85.71891126399998,30.137200576000055],[-85.71911255899994,30.13704387100006],[-85.71929915299995,30.136906666000073],[-85.71952194699998,30.136774462000062],[-85.71975303999994,30.136626157000023],[-85.71980794299998,30.136588859000028],[-85.71981463799995,30.136584756000047],[-85.71981929899994,30.136581145000036],[-85.71998533299995,30.136468352000065],[-85.71999553299997,30.13646065100005],[-85.72035672299995,30.136171443000023],[-85.72053951799995,30.136044238000068],[-85.72070978699998,30.13591569700003],[-85.72114449999998,30.135690126000043],[-85.72268315499997,30.135086302000047],[-85.72282767499996,30.13501082500005],[-85.72283155099996,30.135010699000077],[-85.72289914899994,30.13497639800005],[-85.72311874199994,30.13486159400003],[-85.72331523599996,30.134756190000076],[-85.72360587199995,30.134646081000028],[-85.72364752699997,30.134644885000057],[-85.72366106899995,30.134634213000027],[-85.72398731599998,30.13469338400006],[-85.72419980999996,30.13472278300003],[-85.72437990399999,30.134861085000068],[-85.72450289899996,30.13512859000008],[-85.72479628799994,30.135766602000047],[-85.72481928699995,30.13590660500006],[-85.72482793499995,30.135900998000068],[-85.72483718699993,30.135945406000076],[-85.72484088599998,30.135997607000036],[-85.72512137799998,30.13581350100003],[-85.72577135999995,30.13538688700004],[-85.72612414999998,30.13515527900006],[-85.72725331699996,30.134414255000024],[-85.72877607399994,30.133414922000043],[-85.72880467299996,30.133396121000033],[-85.72887217099998,30.133440722000046],[-85.72897626799994,30.133283418000076],[-85.72922166099994,30.133122412000034],[-85.72926985999999,30.133090811000045],[-85.72970154699999,30.132807402000026],[-85.73020463299997,30.132477191000078],[-85.73014576999998,30.132444175000046],[-85.73016483399994,30.132431890000078],[-85.73014663499998,30.132421890000046],[-85.73005691899994,30.132394340000076],[-85.72998283999993,30.132352790000027],[-85.72980254599997,30.132285490000072],[-85.72965734999997,30.13224409000003],[-85.72944015699994,30.132204990000048],[-85.72929596099993,30.132188591000045],[-85.72914206599995,30.132171792000065],[-85.72889227399997,30.13201969000005],[-85.72856388599996,30.131524282000044],[-85.72840319099998,30.131273277000048],[-85.72822919699996,30.131042473000036],[-85.72784080999998,30.13061546700004],[-85.72773751399995,30.130505465000056],[-85.72760893599997,30.130419279000023],[-85.72760371799995,30.130414864000045],[-85.72739572499995,30.130276362000075],[-85.72706124599995,30.130087053000068],[-85.72692023999997,30.129977359000065],[-85.72677334499997,30.129877358000044],[-85.72661904999995,30.12977655700007],[-85.72647395399997,30.12967415600008],[-85.72640685699997,30.129635655000072],[-85.72628066099998,30.129582455000048],[-85.72606616699994,30.12952385500006],[-85.72578307599997,30.12945215600007],[-85.72560328199995,30.12940655600005],[-85.72545978599999,30.129379656000026],[-85.72542228699996,30.129372556000078],[-85.72528889099993,30.12936055700004],[-85.72512439599996,30.129355158000067],[-85.72509459699995,30.129346058000067],[-85.72509179699995,30.129345158000035],[-85.72504749899997,30.129316258000074],[-85.72499580099998,30.12928665800007],[-85.72487430399997,30.129243057000053],[-85.72469060999998,30.129207458000053],[-85.72453631499997,30.129209659000026],[-85.72425912299997,30.129244262000043],[-85.72393293299996,30.12933806600006],[-85.72379903699994,30.129390568000076],[-85.72367493999997,30.12944857100007],[-85.72355674399995,30.12949607200005],[-85.72340984799996,30.12955507500004],[-85.72329215099995,30.129604577000066],[-85.72312505599996,30.129695580000032],[-85.72301935899998,30.129763882000077],[-85.72291326199996,30.129832484000076],[-85.72269456899994,30.129991689000065],[-85.72259637099995,30.130075292000072],[-85.72246252099995,30.130189121000058],[-85.72202928699994,30.130531906000044],[-85.72142070499996,30.130694814000037],[-85.72108911599997,30.130362409000043],[-85.72100781899996,30.130281008000054],[-85.72092652199996,30.130091504000063],[-85.72087862399997,30.129895100000056],[-85.72087712399997,30.129877600000043],[-85.72086742499994,30.129766697000036],[-85.72088772499995,30.12960739400006],[-85.72109361899999,30.129283385000065],[-85.72129891399999,30.128960377000055],[-85.72151040799997,30.12887977300005],[-85.72218138799997,30.12862416300004],[-85.72241928099999,30.12853355900006],[-85.72347794999996,30.128096742000025],[-85.72349584899996,30.128089342000067],[-85.72404333299994,30.127938035000057],[-85.72439842299997,30.12783993000005],[-85.72525119699998,30.127758622000044],[-85.72566748499997,30.127718918000028],[-85.72599907499995,30.127689315000055],[-85.72634886399999,30.127659712000025],[-85.72656565699998,30.127634010000065],[-85.72657755599994,30.127628798000046],[-85.72677235099997,30.127609508000035],[-85.72776072199997,30.12736529600005],[-85.72806801299998,30.12726229100008],[-85.72811908199998,30.127245189000064],[-85.72813271099994,30.127245490000064],[-85.72818580899997,30.127225090000024],[-85.72821022299996,30.127214666000043],[-85.72913168199995,30.12690607600007],[-85.72950876999994,30.12679447100004],[-85.72984126099999,30.12665426500007],[-85.73007927999998,30.126534889000027],[-85.73047634199997,30.12637935500004],[-85.73070693599999,30.126257950000024],[-85.73074313499995,30.126230450000037],[-85.73080372899994,30.12618440800003],[-85.73114962299996,30.12597844100003],[-85.73145751399994,30.12579643500004],[-85.73166830799994,30.125613429000055],[-85.73178530499996,30.125507726000023],[-85.73188400199996,30.12538572300008],[-85.73191650099994,30.125345622000054],[-85.73198379999997,30.12523051900007],[-85.73200889899994,30.125171917000046],[-85.73201176899994,30.125167462000036],[-85.73203179899997,30.125148617000036],[-85.73202984199997,30.12513940300005],[-85.73203749799995,30.125127516000077],[-85.73205079799999,30.125077815000054],[-85.73205279799998,30.124981613000045],[-85.73203989899997,30.12488411100003],[-85.73198680099995,30.124770709000074],[-85.73192360299998,30.124625606000052],[-85.73190100399995,30.124532904000034],[-85.73209049899998,30.12432749800007],[-85.73233039199994,30.124239095000064],[-85.73257448499999,30.124113090000037],[-85.73271058099994,30.124005887000067],[-85.73281167899995,30.123889383000062],[-85.73289317599995,30.12376218000003],[-85.73289577599996,30.123758080000073],[-85.73297827399995,30.123605076000047],[-85.73302247299995,30.123475373000076],[-85.73304177299997,30.123418671000024],[-85.73306267299995,30.123281168000062],[-85.73306267299995,30.123256668000067],[-85.73303987399999,30.12310986500006],[-85.73303987399999,30.123055863000047],[-85.73304727399994,30.123020263000058],[-85.73303517499994,30.12295996100005],[-85.73302877499998,30.122899060000066],[-85.73305187499994,30.12278015700008],[-85.73305977499996,30.122713456000042],[-85.73305677499997,30.122661355000048],[-85.73301257599996,30.12258955300007],[-85.73294937799994,30.122519152000052],[-85.73293917899997,30.122528553000052],[-85.73286728099998,30.122594255000024],[-85.73285918799996,30.122602751000045],[-85.73267598599995,30.122772360000056],[-85.73265718699997,30.122789760000046],[-85.73254518999994,30.122920064000027],[-85.73251948999996,30.122949865000066],[-85.73245539199996,30.122984866000024],[-85.73236239499994,30.123051368000063],[-85.73228739699994,30.123111470000026],[-85.73216839999998,30.123209173000077],[-85.73208690199993,30.123291575000053],[-85.73203860399997,30.123366777000058],[-85.73197636499998,30.123503415000073],[-85.73179650999998,30.123848090000024],[-85.73165051299998,30.12418229800005],[-85.73142501899997,30.124344903000065],[-85.73138631999996,30.124399405000077],[-85.73126762399994,30.124488608000036],[-85.73101993099993,30.124654313000065],[-85.73087963499995,30.12475101600006],[-85.73083033599994,30.12478501700008],[-85.73071613899998,30.124857620000057],[-85.73059264299997,30.124966723000057],[-85.73050954499996,30.125043025000025],[-85.73044604699999,30.125090527000054],[-85.73004470199999,30.125200523000046],[-85.73002165899999,30.125206632000072],[-85.72983635599996,30.125257624000028],[-85.72981296599994,30.125264035000043],[-85.72979376599994,30.125249735000068],[-85.72979996599997,30.125228934000063],[-85.72979991799997,30.12522894800003],[-85.72980036599995,30.125227434000067],[-85.72983766499999,30.125196333000076],[-85.73010745699997,30.125091929000064],[-85.73040454799997,30.125004525000065],[-85.73046614699996,30.124959524000076],[-85.73062504199999,30.124821819000033],[-85.73108162899996,30.12450510900004],[-85.73137223799995,30.124311929000044],[-85.73138592099997,30.124303703000066],[-85.73141911999994,30.124280802000044],[-85.73148631799995,30.124238900000023],[-85.73154661599995,30.124193099000024],[-85.73158031499997,30.12414269800007],[-85.73172041199996,30.12388319100006],[-85.73184120899998,30.12360728400006],[-85.73184260899995,30.123603984000056],[-85.73203106099999,30.123269394000033],[-85.73203180399997,30.123268175000078],[-85.73203232599997,30.12326750400007],[-85.73224199799995,30.12303786900003],[-85.73236169499995,30.122957866000036],[-85.73240929399998,30.122939665000047],[-85.73243849299996,30.122905864000074],[-85.73250549099998,30.122837762000074],[-85.73256528899998,30.122765660000027],[-85.73259728899995,30.122722959000043],[-85.73262608799996,30.12267995800005],[-85.73271618499996,30.122545254000045],[-85.73290687999997,30.12242905100004],[-85.73298837799996,30.12230674700004],[-85.73314217399997,30.121959539000045],[-85.73323377199995,30.121772234000048],[-85.73325747099994,30.121723633000045],[-85.73344416699996,30.121341923000045],[-85.73344716699995,30.12133708300007],[-85.73355672299994,30.12141778000006],[-85.73354346399998,30.12143612400007],[-85.73359206199996,30.12163552800007],[-85.73363145999997,30.12178483100007],[-85.73364005999997,30.12181723200007],[-85.73369825699996,30.121966435000047],[-85.73382915299999,30.122170638000057],[-85.73408714399994,30.12256814500006],[-85.73425293799994,30.122845950000055],[-85.73434053499994,30.12296665200006],[-85.73443213199994,30.123049654000056],[-85.73453292899995,30.123150055000053],[-85.73485411799999,30.12347906000008],[-85.73598037999994,30.124641078000025],[-85.73626257099994,30.124932182000066],[-85.73649026299995,30.125167086000033],[-85.73876048899996,30.126866707000033],[-85.73879216599994,30.12684619500004],[-85.73879458799996,30.126848206000034],[-85.73887968599996,30.126789504000044],[-85.74013814899996,30.126371386000073],[-85.74029864399995,30.126318084000047],[-85.74034744299996,30.126301883000053],[-85.74142141099998,30.125945068000078],[-85.74207419199996,30.12572815900006],[-85.74434222499997,30.12497472600006],[-85.77806243499998,30.11377174900008],[-85.79259695999997,30.108942943000045],[-85.79261398999995,30.099903245000064],[-85.79261579299998,30.098944424000024],[-85.79261829799998,30.097659995000072],[-85.79277056399997,30.01693412000003],[-85.79275981499995,29.96858793800004],[-85.79274775299996,29.913750923000066],[-85.79273576799994,29.859427993000054],[-85.93197061099994,29.972562002000075],[-85.93331706799995,29.973656020000078],[-85.94497459299998,29.983128174000058],[-85.94512528799999,29.98325067600007],[-86.10045435299998,30.10946152300005],[-86.16672324099994,30.16352320900006],[-86.17033063399998,30.166462963000072],[-86.28103085899994,30.256663157000048],[-86.28318691499999,30.258420495000053],[-86.28484518099998,30.259769824000045],[-86.28581356199999,30.26055634200003],[-86.28857030499995,30.26280189000005],[-86.33338766099996,30.299294363000058],[-86.33398614799995,30.299781173000042],[-86.50004851199998,30.303895556000043],[-86.66671337799994,30.308021704000055],[-86.76637887599998,30.31049233400006],[-86.78337687199996,30.31091428800005],[-86.78341377099997,30.31091328800005],[-86.78341376999998,30.31187771100008],[-86.78382875799997,30.311885713000038],[-86.79820333099997,30.312170756000057],[-86.80709106799998,30.312413785000047],[-86.81399586299995,30.31259780700003],[-86.83204632699994,30.313115865000043],[-86.83405126799994,30.31285486400003],[-86.84144105199994,30.311653854000042],[-86.84155434799999,30.311635254000066],[-86.84320699999995,30.311363852000056],[-86.84727788099997,30.31070184600003],[-86.84730387999997,30.310694846000047],[-86.84733287999995,30.310690846000057],[-86.84754587299994,30.310658846000024],[-86.84755687299997,30.310654846000034],[-86.84770486899998,30.31062984600004],[-86.84775986699998,30.310622846000058],[-86.84788286399998,30.310600846000057],[-86.84789236299997,30.31059954600005],[-86.84800885999994,30.310582846000045],[-86.84810285699996,30.310567845000037],[-86.84813185599995,30.310560845000055],[-86.84818685499994,30.310553845000072],[-86.84820085399997,30.310549845000025],[-86.84826985199999,30.310538845000053],[-86.84849784599999,30.31050284500003],[-86.84862484199994,30.31048084500003],[-86.84868183999998,30.310470845000054],[-86.84874383799996,30.310462845000075],[-86.84884483499997,30.310444844000074],[-86.84888883399998,30.310437844000035],[-86.84892483299996,30.310433844000045],[-86.84897183199996,30.310422844000072],[-86.84898983099998,30.310422844000072],[-86.84900083099996,30.310419844000023],[-86.84909482799998,30.31040484400006],[-86.84913482699994,30.31039784400008],[-86.84924282399999,30.310379844000067],[-86.84938781999995,30.310357844000066],[-86.84954381499995,30.310332844000072],[-86.84960481299998,30.310321843000054],[-86.84962281299994,30.31031884300006],[-86.84963381199998,30.31031484300007],[-86.84968481099997,30.310307843000032],[-86.84974580899996,30.31029684300006],[-86.85000680199994,30.310260843000037],[-86.85003980099998,30.310252843000058],[-86.85054578599994,30.31016984200005],[-86.85154875699999,30.310006841000074],[-86.85173675099998,30.309977841000034],[-86.85195774499994,30.30994184000008],[-86.85318370899995,30.30973983900003],[-86.85661860899995,30.30917883400008],[-86.85828275999995,30.30890953200003],[-86.86046849699994,30.308555830000046],[-86.86163446299997,30.30836782800003],[-86.86430138499998,30.30792982500003],[-86.86862525899994,30.307231820000027],[-86.88242385899997,30.304983804000074],[-86.90329725499998,30.301672782000026],[-86.92671857999994,30.297854759000074],[-86.93526633499994,30.296468751000077],[-86.94242812999994,30.295313744000055],[-86.96160458199995,30.292201728000066],[-86.98139901799999,30.28900271300006],[-86.99079775199993,30.287435706000053],[-87.00596733499998,30.28498169200003],[-87.03328662399997,30.280497654000044],[-87.05261612399994,30.277356928000074],[-87.05261612299995,30.27747363000003],[-87.05274311999995,30.27745163000003],[-87.07762647799996,30.273370596000063],[-87.09129512699997,30.271127577000073],[-87.11554670599998,30.26728614600006],[-87.11747905599998,30.266980044000036],[-87.11802044299998,30.266894543000035],[-87.13502400899995,30.26415852100007],[-87.15092460499994,30.26163450100006],[-87.17361703099994,30.257984471000043],[-87.17992187099998,30.256990864000045],[-87.18160622899995,30.256725462000077],[-87.19649845299995,30.254378443000064],[-87.19792641799995,30.254153441000028],[-87.22196981599996,30.25020340800006],[-87.22321348399998,30.249997407000023],[-87.21975087599998,30.24999739900005],[-87.25817057199998,30.243784774000062],[-87.26652844399996,30.242433203000076],[-87.26700622499999,30.242356399000073],[-87.26824018199994,30.242158026000027],[-87.26847811899995,30.24293182300005],[-87.26979769099995,30.24877534500007],[-87.27005327699999,30.249907372000052],[-87.27007127599995,30.24999737400003],[-87.27001697799994,30.24999737400003],[-87.27017526599997,30.250676389000034],[-87.27061913099999,30.25260693000007],[-87.27075622099994,30.25320344200003],[-87.27079511699998,30.253376046000028],[-87.27091420799997,30.25390545700003],[-87.27176389899995,30.257600438000054],[-87.27545064899994,30.27416088900003],[-87.27552796299994,30.27435482800007],[-87.27554174399995,30.27441989400006],[-87.27577442999996,30.27497760600005],[-87.28025065099996,30.286625249000053],[-87.28487636699998,30.29855310100004],[-87.28682344699996,30.303573908000033],[-87.28736491399997,30.304968837000047],[-87.28761129899999,30.305603451000025],[-87.28873872999998,30.30850771300004],[-87.28952485999997,30.310532824000063],[-87.29350181999996,30.323267033000036],[-87.29599941399994,30.324355151000077],[-87.29679824599998,30.32483783600003],[-87.29733385499998,30.32526026800008],[-87.29751854499995,30.32552747400007],[-87.29830900699994,30.32642689200003],[-87.29937995899996,30.327170506000073],[-87.29975423699995,30.32815402800003],[-87.30045630299998,30.328955544000053],[-87.30141475999994,30.32969035900004],[-87.30521062399998,30.32839941900005],[-87.30658427299994,30.32813340900003],[-87.30974545599997,30.327521386000058],[-87.31269674699996,30.32694996500004],[-87.31270114699998,30.326949265000053],[-87.31270244699994,30.326949065000065],[-87.31368590999995,30.326802459000078],[-87.31352681899995,30.32643655100003],[-87.31329953099998,30.326088044000073],[-87.31299314299997,30.32605604400004],[-87.31278565099996,30.326034444000072],[-87.31259185899995,30.325976343000036],[-87.31244646499994,30.32592494200003],[-87.31232276999998,30.32585024100007],[-87.31223387499995,30.325740238000037],[-87.31223107499994,30.325736738000046],[-87.31219587599998,30.32569313700003],[-87.31212574999995,30.325582134000058],[-87.31215287899994,30.325579435000066],[-87.31207454899999,30.32533036500007],[-87.31207458399996,30.325329129000067],[-87.31207458399996,30.325328229000036],[-87.31206338699997,30.325084624000056],[-87.31211698899995,30.32450091000004],[-87.31215899499995,30.323659090000035],[-87.31217048799994,30.323532731000057],[-87.31299508299998,30.322008415000028],[-87.31302617499995,30.321966449000058],[-87.31355775999998,30.321222430000034],[-87.31358615999994,30.321182729000043],[-87.31372305699995,30.320792720000043],[-87.31373478499995,30.320759294000027],[-87.31387545299998,30.320545713000058],[-87.31478992099994,30.32022110300005],[-87.31515049399997,30.320152136000047],[-87.31517750599994,30.320152300000075],[-87.31606577299993,30.320047896000062],[-87.31739052299997,30.319786586000077],[-87.31922087699996,30.319311996000067],[-87.32115738499994,30.318866253000067],[-87.32489234799993,30.31786911900008],[-87.32488267899998,30.317843933000063],[-87.32627969699996,30.31755210700004],[-87.32546584099998,30.316007874000036],[-87.32498886799993,30.31485034800005],[-87.32145987399997,30.306283558000075],[-87.32000885899998,30.30275608000005],[-87.31980537099997,30.302261369000064],[-87.31432739899998,30.288308563000044],[-87.31019474699997,30.27778233400005],[-87.30992026399997,30.277083419000064],[-87.30660076499998,30.268628437000075],[-87.30623008699996,30.267684117000044],[-87.30547811999998,30.265768883000078],[-87.30954164199994,30.257208861000038],[-87.31288056699998,30.250175183000067],[-87.31296346499994,30.249997179000047],[-87.31285534599994,30.249997179000047],[-87.31853047399994,30.238595006000025],[-87.32114368999999,30.23822425700007],[-87.32247123799993,30.23803584700005],[-87.32266542999997,30.23800634500003],[-87.32497513999994,30.237655826000037],[-87.32541372299994,30.237588823000067],[-87.36088474099995,30.23216653700007],[-87.37246829199995,30.230392444000074],[-87.38489320999997,30.228505146000032],[-87.39017160499998,30.227703304000045],[-87.39148886199996,30.227498100000048],[-88.00927857799996,30.134744501000057],[-88.00997558899996,30.134641401000067],[-88.01018317999996,30.135173611000027],[-88.01114063799997,30.13762775600003],[-88.02122579999997,30.16352512900005],[-88.02354000099996,30.169410135000078],[-88.02386958699998,30.17025885000004],[-88.02527412699999,30.173874815000033],[-88.02627013099999,30.176439208000033],[-88.02623978399998,30.176673564000055],[-88.02493903799996,30.186717629000043],[-88.02463800299995,30.188881111000057],[-88.02368390199996,30.19517946700006],[-88.02349484599995,30.19642581100004],[-88.01854473199995,30.219275260000074],[-88.01758671599998,30.224117140000033],[-88.01953207199995,30.224160445000052],[-88.02347268399996,30.224333755000032],[-88.02646561399996,30.22485356900006],[-88.02725682699997,30.225500285000066],[-88.02692749699997,30.22578558500004],[-88.02634780399995,30.226528597000026],[-88.02550481399999,30.227612513000054],[-88.02520591599995,30.22830682400007],[-88.02510051699994,30.228424526000026],[-88.02471282199997,30.228857333000065],[-88.02463542299995,30.22894373400004],[-88.02454502399996,30.229051636000065],[-88.02414652999994,30.229527543000074],[-88.02385143399994,30.229761446000055],[-88.02379833499998,30.229776446000074],[-88.02371763699995,30.22979914700005],[-88.02313804999994,30.22974864500003],[-88.02255626299996,30.22977094400005],[-88.02219816999997,30.229858845000024],[-88.02160838099996,30.23003484700007],[-88.02063519999996,30.230414952000046],[-88.01983751499995,30.230704055000047],[-88.01994252499998,30.231312639000066],[-88.01980891099998,30.23134226600007],[-88.02098765599999,30.240316000000064],[-88.02110490499996,30.241391837000037],[-88.02116763799995,30.241686195000057],[-88.02147459899999,30.244023077000065],[-88.02166086099999,30.245615609000026],[-88.02276703799998,30.255071565000037],[-88.02352426599998,30.261545096000077],[-88.02431179399997,30.268276537000077],[-88.02451800099999,30.270039100000076],[-88.02464660599998,30.271139040000037],[-88.02465030599996,30.27117054100006],[-88.02470150799996,30.27160725600004],[-88.02159534399999,30.295455806000064],[-88.01699870999994,30.330746971000053],[-88.01698501099997,30.330852375000063],[-88.01693491599997,30.331236688000047],[-88.01654204699997,30.334191795000038],[-88.01653304799999,30.334263597000074],[-88.01633926399995,30.335809253000036],[-88.00796308399998,30.399801770000067],[-88.00822877599995,30.399801769000078],[-88.00294692599994,30.43558747900005],[-88.00287442999996,30.43589539000004],[-88.00292463299996,30.43642490900004],[-88.00350785599994,30.44170759800005],[-88.00357855899995,30.44236942200007],[-88.00357855899995,30.442369522000035],[-88.00383356999998,30.44475890700005],[-88.00385017099995,30.444914313000027],[-88.00712548599995,30.473675739000043],[-88.01306391199995,30.525853193000046],[-88.01338996999993,30.528877266000052],[-88.01556779799995,30.548009827000044],[-88.01577137299995,30.549806570000044],[-88.01586454899996,30.549806570000044],[-88.01592586199996,30.550352583000063],[-88.01680984899997,30.55847028000005],[-88.01798960499997,30.568670027000053],[-88.01802250099996,30.568963034000035],[-88.01831956399997,30.571605099000067],[-88.01845774599997,30.57289583000005],[-88.02029150299995,30.590856968000026],[-88.02111120899997,30.59736872700006],[-88.02134817899997,30.599556781000047],[-88.02267310299999,30.61274870400007],[-88.02292096999997,30.61521616500005],[-88.02299094399996,30.61752922200003],[-88.02296480799998,30.62132361600004],[-88.02246900499995,30.63333861500007],[-88.02237980799998,30.63333861600006],[-88.02105159299998,30.659370263000028],[-88.02099258399994,30.66045328900003],[-88.02098178299997,30.660593293000034],[-88.02097558299994,30.660621294000066],[-88.02111469199997,30.661049562000073],[-88.02096965199996,30.663677369000027],[-88.02093444699995,30.664314785000045],[-88.02094934199994,30.66479829700006],[-88.02111788199994,30.670279633000064],[-88.02112897799998,30.670639641000037],[-88.02130807399999,30.67042453600004],[-88.02139907299994,30.67021463100008],[-88.02156486899997,30.670079927000074],[-88.02178646299996,30.669936224000026],[-88.02178696299995,30.66993592400007],[-88.02191525999996,30.669810520000055],[-88.02199925899998,30.669633616000056],[-88.02201755999994,30.66951041300007],[-88.02195906299994,30.669406110000068],[-88.02187706699993,30.669234306000078],[-88.02197006599994,30.669102803000044],[-88.02208336299998,30.668966899000054],[-88.02211106399994,30.66875099400005],[-88.02207236799995,30.66852768800004],[-88.02208336999996,30.668284382000024],[-88.02214546899995,30.668173780000075],[-88.02226976499998,30.66812957800005],[-88.02251835699997,30.66819908000008],[-88.02279614799994,30.66811057700005],[-88.02292044499995,30.668003175000024],[-88.02300814399996,30.66781997000004],[-88.02311044299995,30.667630365000036],[-88.02320553999994,30.667573464000043],[-88.02339553399997,30.66759246400005],[-88.02363682499998,30.667693566000025],[-88.02386711699995,30.66768406600005],[-88.02397671399996,30.667614564000075],[-88.02411201099994,30.66755136200004],[-88.02440800099998,30.66755136200004],[-88.02513237699998,30.667599863000078],[-88.02572325699998,30.667609562000052],[-88.02646463499997,30.667440858000077],[-88.02695051899997,30.667407856000068],[-88.02724660899997,30.66745525700003],[-88.02747360099994,30.667503558000078],[-88.02767599299995,30.667585960000054],[-88.02767604999997,30.667585983000038],[-88.02766559299994,30.66761586100006],[-88.02762589399998,30.667701763000025],[-88.02761569399996,30.667737164000073],[-88.02778826299999,30.667664767000076],[-88.02781788799996,30.667703163000056],[-88.02777068699999,30.667885668000054],[-88.02776698599996,30.66802867100006],[-88.02779718399995,30.668153174000054],[-88.02785058199999,30.668201375000024],[-88.02802717599997,30.66820937500006],[-88.02859875699994,30.668247576000056],[-88.02917493699994,30.668287776000057],[-88.02928713299997,30.668340878000038],[-88.02943152599994,30.668605684000056],[-88.02972920999997,30.669244700000036],[-88.02983590499997,30.669413004000035],[-88.03004029799996,30.669409104000067],[-88.02987810599996,30.66913089700006],[-88.02945312699995,30.668402179000054],[-88.02967062099998,30.66828537600003],[-88.03008300099998,30.668964793000043],[-88.03009659999998,30.668987193000078],[-88.03034918799995,30.669403303000024],[-88.03070617599997,30.669396603000052],[-88.03070817599996,30.66939650300003],[-88.03096896799997,30.669391603000065],[-88.03096906799999,30.66939170300003],[-88.03097976699996,30.669391403000077],[-88.03079297699998,30.66907299500008],[-88.03079287699995,30.669072795000034],[-88.03056638799995,30.668686585000046],[-88.03044099399995,30.668472680000036],[-88.03031709999999,30.668270275000054],[-88.03012470899995,30.66795596700007],[-88.03003721399995,30.66781306400003],[-88.02992511899998,30.667629959000067],[-88.02989442099994,30.667579758000045],[-88.02987742099998,30.667552057000023],[-88.02931374899998,30.666630635000047],[-88.02926035199994,30.666543233000027],[-88.02916875499994,30.666536833000066],[-88.02760180699994,30.666426631000036],[-88.02746681199994,30.66641713100006],[-88.02740741399998,30.666412931000025],[-88.02713732499996,30.666185426000027],[-88.02710102599997,30.666154825000035],[-88.02687353599998,30.665963220000037],[-88.02685573599996,30.665948120000053],[-88.02685194299994,30.665243303000068],[-88.02684505599996,30.663982271000066],[-88.02840980999997,30.66339955500007],[-88.02843830999996,30.663388955000073],[-88.02864420399999,30.66326955200003],[-88.02897449499994,30.663077947000033],[-88.02918738899996,30.66295454300007],[-88.02919588899994,30.662949543000025],[-88.02924158799999,30.662923042000045],[-88.02942618399999,30.662634635000074],[-88.02957608199995,30.66240042900006],[-88.03038956699999,30.661129396000035],[-88.03039176699997,30.661125996000067],[-88.03041167099997,30.66068828500005],[-88.03044897799998,30.659867165000037],[-88.03046736699997,30.659461918000034],[-88.03061360799995,30.656241874000045],[-88.03082464599999,30.65159325700006],[-88.03091325399998,30.650444229000072],[-88.03100616299997,30.649238798000056],[-88.03120767399997,30.647474954000074],[-88.03121687399994,30.647394252000026],[-88.03128969099998,30.645422602000053],[-88.03138576799995,30.642819958000075],[-88.03145302899998,30.64099839100004],[-88.03173569399996,30.63333859900007],[-88.03189933099998,30.62890668800003],[-88.03209877699999,30.62349835200007],[-88.03193253299997,30.61838132400004],[-88.03178728099994,30.613910713000053],[-88.03086249299997,30.605671709000035],[-88.02730102699996,30.57392662600006],[-88.02515299199996,30.55476975700003],[-88.02459665999999,30.549806536000062],[-88.02421930699995,30.54643965400004],[-88.02337391199995,30.538897070000075],[-88.02316063699999,30.536993705000043],[-88.02314404099997,30.536845520000043],[-88.02314614099998,30.536846420000074],[-88.01869334899999,30.497103725000045],[-88.01869271099997,30.497104362000073],[-88.01850238599997,30.49540448700003],[-88.01850294299999,30.495404765000046],[-88.01670539099996,30.479198593000035],[-88.01668669799994,30.479187797000066],[-88.01644698499996,30.47704681700003],[-88.01503814199998,30.46445777200006],[-88.01370059999994,30.452501548000043],[-88.01370049999997,30.452500448000023],[-88.01304297799999,30.44662333900004],[-88.01304290599995,30.44662319500003],[-88.01292417399998,30.445561902000065],[-88.01290917299997,30.44542769700007],[-88.01291347099999,30.445076184000072],[-88.01292229399996,30.44434644900008],[-88.01292746199994,30.44392064300007],[-88.01297003399998,30.44040211600003],[-88.01305367999998,30.433486467000023],[-88.01310814399994,30.42897770500008],[-88.01311024299997,30.428802499000028],[-88.01311744199995,30.428752897000038],[-88.01381888399999,30.423886520000053],[-88.01538585399999,30.413013524000064],[-88.01588011399997,30.409584000000052],[-88.01720840599995,30.40036466600003],[-88.01728949999995,30.399801745000048],[-88.01741568899996,30.39892551300005],[-88.01754227899994,30.39804668200003],[-88.01764297099999,30.39734845600003],[-88.01773516399999,30.39670833300005],[-88.01785315399997,30.395889004000026],[-88.01797314499998,30.395056573000033],[-88.01807973599995,30.394316247000063],[-88.01807983599997,30.39431614700004],[-88.01816582899994,30.393718825000064],[-88.01828961899997,30.39286009400007],[-88.01835661399997,30.39239477700005],[-88.01840380999994,30.392066965000026],[-88.01840990999995,30.39202506400005],[-88.01851630099998,30.391285837000055],[-88.01864189099996,30.390414406000048],[-88.01881057799994,30.389243063000038],[-88.01881063899998,30.389242642000056],[-88.01881067799997,30.38924256300004],[-88.01907225699995,30.38742609800005],[-88.01916404999997,30.38678877500007],[-88.01926484199998,30.386088749000066],[-88.01937973299994,30.385291420000044],[-88.01950262299994,30.38443809000006],[-88.01960211599999,30.38374756500008],[-88.01974060499998,30.382785730000023],[-88.01981979899995,30.382235810000054],[-88.01993308999994,30.381449382000028],[-88.02004028099998,30.380705155000044],[-88.02017117099996,30.379796122000073],[-88.02026116399998,30.37917150000004],[-88.02036075599995,30.37847967500005],[-88.02036375599994,30.378458874000046],[-88.02048264699994,30.37763364400007],[-88.02060133699996,30.37680901400006],[-88.02066803199995,30.37634619800008],[-88.02070422899999,30.37609418900007],[-88.02070432899995,30.376093989000026],[-88.02084621799997,30.37510835300003],[-88.02092551199996,30.374557733000074],[-88.02103740399997,30.373780805000024],[-88.02219081499999,30.36576961700007],[-88.02219121499996,30.365767317000063],[-88.02219121499996,30.365767117000075],[-88.02307144799994,30.359653397000045],[-88.02323873499995,30.35849115600007],[-88.02326983399996,30.35836695100005],[-88.02504200099997,30.346005408000053],[-88.02665028199993,30.334786706000045],[-88.02665048199998,30.334785606000025],[-88.02677297299994,30.33393437600006],[-88.02687306599995,30.333238451000057],[-88.02701115599996,30.332278617000043],[-88.02709454999996,30.33169879600007],[-88.02720164199997,30.33095467000004],[-88.02731723399995,30.330151441000055],[-88.02744482499998,30.329264609000063],[-88.02753901799997,30.32860998600006],[-88.02763021099997,30.327975863000063],[-88.02776100199998,30.32706653100007],[-88.02787419399993,30.32628000300008],[-88.02798318599997,30.32552247600006],[-88.02811137699996,30.324631344000068],[-88.02820456999996,30.323983921000035],[-88.02830346299999,30.323296196000058],[-88.02842665399999,30.32244056600007],[-88.02845065299994,30.322273160000066],[-88.02854074599998,30.321647238000025],[-88.02865033799998,30.320885410000074],[-88.02877792899994,30.319997879000027],[-88.02887122299995,30.319349556000077],[-88.02896991599994,30.31866303100003],[-88.02909600699996,30.317786400000045],[-88.02920699899994,30.317015173000073],[-88.02931009199995,30.316298147000055],[-88.02939888499998,30.31568042500004],[-88.02952177699996,30.314825995000035],[-88.02952187699998,30.314825795000047],[-88.02963596899997,30.314032566000037],[-88.02974986099997,30.31324023800005],[-88.02987325199996,30.312382808000052],[-88.02996164599995,30.31176818600005],[-88.03006513899999,30.31104866000004],[-88.03018932999998,30.310184930000048],[-88.03030232199995,30.309399702000064],[-88.03040081499995,30.308714377000058],[-88.03040091499997,30.308714277000036],[-88.03051939799997,30.307889948000025],[-88.03053930599998,30.30775154300005],[-88.03062189999997,30.307177723000052],[-88.03073119199996,30.306417296000063],[-88.03076608999999,30.306174987000077],[-88.03084508399996,30.305625768000027],[-88.03096827599995,30.304768737000074],[-88.03106686899997,30.304083413000058],[-88.03120525899999,30.30312057900005],[-88.03129025399994,30.30252925800005],[-88.03139704599994,30.30178703100006],[-88.03151313799998,30.300979203000054],[-88.03164042899994,30.300094371000057],[-88.03173652299995,30.299425648000067],[-88.03173662299997,30.29942544800008],[-88.03182591699994,30.29880442600006],[-88.03196020799999,30.29787009200004],[-88.03196022799995,30.297869952000042],[-88.03196030799995,30.29786979200003],[-88.03196030799995,30.29786959200004],[-88.03206819999997,30.297119466000026],[-88.03218329199996,30.296318837000058],[-88.03230588399998,30.295465807000028],[-88.03240647699994,30.294766782000067],[-88.03249587099998,30.294144560000063],[-88.03262876199994,30.29322092800004],[-88.03273975399998,30.292449000000033],[-88.03285224699994,30.291666173000067],[-88.03297673799995,30.290800542000056],[-88.03307503199994,30.29011711800007],[-88.03308083099995,30.290076716000044],[-88.03448413799998,30.280313371000034],[-88.03466632499999,30.279045926000038],[-88.03466802499997,30.279034726000077],[-88.03491720399995,30.27730103300007],[-88.03616974599998,30.277421979000053],[-88.03573330899997,30.28046187700005],[-88.03334916899996,30.29706756400003],[-88.03335276799999,30.29706806400003],[-88.03283711199998,30.300654675000033],[-88.03283710399995,30.300654691000034],[-88.03283710399995,30.300654731000066],[-88.03277392799998,30.301094146000025],[-88.03274510999995,30.301294514000062],[-88.03271916199998,30.301475064000044],[-88.03252797599998,30.302804842000057],[-88.03250262599994,30.30298107400006],[-88.03239073399999,30.30375930100007],[-88.03236046799998,30.303969937000033],[-88.03213243299996,30.305556014000047],[-88.03207485599995,30.305956379000065],[-88.03202385899993,30.306311192000067],[-88.03194486499996,30.30686041100006],[-88.03192670799996,30.306986706000032],[-88.03163639799999,30.309005295000077],[-88.03159408899995,30.309299398000064],[-88.03156039199996,30.309533782000074],[-88.03116687499994,30.31226999100005],[-88.03116521899994,30.312281504000055],[-88.03116358599999,30.31229286300004],[-88.03099338499999,30.313476302000026],[-88.03097333199997,30.313615651000077],[-88.03089056099998,30.314191261000076],[-88.03031745999994,30.318176163000032],[-88.03030737899996,30.318246216000034],[-88.03029453999994,30.31833553000007],[-88.02998440099998,30.320491996000044],[-88.02995730299995,30.32068060200004],[-88.02355109499996,30.365197115000058],[-88.02312620499998,30.368148700000063],[-88.02300411399995,30.36899703100005],[-88.02290582099994,30.369679855000072],[-88.02275913299997,30.37069929200004],[-88.02268483799998,30.37121491100004],[-88.02257414699994,30.371983838000062],[-88.02246315499997,30.372754866000037],[-88.02238186199997,30.373319886000047],[-88.02224117199995,30.374297221000063],[-88.02214437999999,30.374969546000045],[-88.02202028899995,30.375831577000042],[-88.02202028899995,30.37583177700003],[-88.02190069899996,30.37666260700007],[-88.02179820699996,30.377374632000055],[-88.02171001299996,30.37798695400005],[-88.02161951999994,30.378615977000038],[-88.02157792399998,30.37890458700008],[-88.02147123199995,30.379645314000072],[-88.02135644099997,30.380442543000072],[-88.02128014699997,30.380971962000046],[-88.02113595799995,30.381973298000048],[-88.02104136499997,30.382630422000034],[-88.02091647499998,30.38349775300003],[-88.02068089299996,30.385133212000028],[-88.01981116199994,30.39117193000004],[-88.01981116199994,30.39117213000003],[-88.01969847099997,30.391954758000054],[-88.01961547699995,30.392531079000037],[-88.01959767899996,30.392654583000024],[-88.01959767899996,30.392654683000046],[-88.01950578599997,30.393292606000045],[-88.01937139699999,30.394225540000036],[-88.01926780499997,30.39494426600004],[-88.01916001299998,30.395692693000058],[-88.01907511999997,30.396281615000078],[-88.01893313099998,30.39726785000005],[-88.01883723899994,30.39793317400006],[-88.01872244799995,30.398729803000037],[-88.01856805999995,30.39980174200008],[-88.01806230099999,30.403312269000025],[-88.01806230099999,30.40331266900006],[-88.01713917599994,30.40972030100005],[-88.01507814499996,30.42402282000006],[-88.01490816599994,30.426154197000074],[-88.01490816599994,30.42615459700005],[-88.01490816599994,30.426154746000066],[-88.01468969299998,30.428894897000077],[-88.01433493699994,30.433344558000044],[-88.01432273899997,30.433497963000036],[-88.01429244699995,30.436005401000045],[-88.01424758699994,30.43971688700003],[-88.01424208999998,30.440169103000073],[-88.01424208999998,30.440170503000047],[-88.01423919199999,30.440413712000066],[-88.01433140299997,30.44224257700006],[-88.01441313799995,30.443862583000055],[-88.01441321199997,30.443865035000044],[-88.01447851899997,30.445159081000043],[-88.01447851899997,30.445159381000053],[-88.01447981899997,30.445185036000055],[-88.01448271999999,30.44524298400006],[-88.01448912099994,30.445368689000077],[-88.01452502399997,30.446009512000046],[-88.01462509299995,30.447794293000072],[-88.01480175099994,30.450945688000047],[-88.01480175099994,30.450945888000035],[-88.01497795599994,30.452451541000073],[-88.01520586299995,30.454399210000076],[-88.01590268299998,30.460353221000048],[-88.01598288199995,30.461038304000056],[-88.01637069599997,30.464352062000046],[-88.01761913299998,30.47550665700004],[-88.01776433699996,30.476803602000075],[-88.01783773499994,30.47691450600007],[-88.01786363399998,30.476953707000064],[-88.01794743199997,30.477080112000067],[-88.01811232799997,30.477329120000036],[-88.01811312799998,30.47733032000008],[-88.01911160399999,30.478838069000062],[-88.01911170399995,30.478838169000028],[-88.01944719599999,30.479344686000047],[-88.01946164699996,30.479366480000067],[-88.01952245099994,30.47945829100007],[-88.01952289399998,30.479459089000045],[-88.01982518599993,30.479915404000053],[-88.02031537399995,30.48062262700006],[-88.02051955999997,30.480740027000024],[-88.02052216799996,30.480741531000035],[-88.02544211199995,30.48357040800005],[-88.02549341099996,30.483599909000077],[-88.02549341799994,30.483599826000045],[-88.02560400699997,30.483663411000066],[-88.02561480699995,30.48366971100006],[-88.02581400099996,30.483784214000025],[-88.02821842399999,30.485166652000032],[-88.02824102399995,30.485179652000056],[-88.02740720899999,30.47853962000005],[-88.02735598999999,30.478116261000025],[-88.02755210199996,30.478109204000077],[-88.02719579399997,30.475035796000043],[-88.02698416899995,30.47504227400003],[-88.02376863299997,30.448415262000026],[-88.02367582899996,30.44737772600007],[-88.02395620499999,30.44527184900005],[-88.02400849999998,30.44481763300007],[-88.02401609699996,30.444751601000064],[-88.02403659899994,30.44475273100005],[-88.02423678199995,30.443265277000023],[-88.02418739399997,30.443262736000065],[-88.02420178199998,30.443137672000034],[-88.02428037499999,30.44245434800007],[-88.02989061499994,30.399801712000055],[-88.03003070999995,30.399801712000055],[-88.03824022399994,30.33570984000005],[-88.03827237799999,30.335692427000026],[-88.03880763999996,30.331650884000055],[-88.03875828399998,30.33167921000006],[-88.03876564099994,30.331621883000025],[-88.03877933999996,30.331514780000077],[-88.04295394299999,30.298520715000052],[-88.04392717599995,30.290837945000078],[-88.04575635199996,30.276377138000043],[-88.04577065099994,30.27626363400003],[-88.04579320499994,30.276084920000073],[-88.04600824499994,30.276128330000063],[-88.04615343499995,30.27486018500008],[-88.04653101899999,30.27358404100005],[-88.04646469999994,30.27356891900007],[-88.04804509099995,30.267693137000037],[-88.05585463499995,30.243502121000063],[-88.05677206699994,30.23602590200005],[-88.05736322599995,30.231208585000047],[-88.05759909299996,30.22982620500005],[-88.05817070399996,30.226475652000033],[-88.05921574399997,30.217377309000028],[-88.05926234599997,30.216971302000047],[-88.06090038599996,30.20586982900005],[-88.06094108699995,30.205593925000073],[-88.06099298799995,30.205242419000058],[-88.06139000099995,30.202138871000045],[-88.06222112699999,30.195641270000067],[-88.06245033399995,30.193849642000032],[-88.06279164299997,30.191398004000064],[-88.06381597099994,30.184040590000052],[-88.06411007799994,30.18192805700005],[-88.06487919799997,30.176476673000025],[-88.06619756999999,30.172302260000038],[-88.06677789499997,30.170497184000055],[-88.06688569499994,30.170161579000023],[-88.06694719499995,30.169961476000026],[-88.06727599499999,30.16889236000003],[-88.06733021299999,30.16871605600005],[-88.06742249499996,30.168423853000036],[-88.06780769399995,30.167204335000065],[-88.06813308199997,30.16617398900007],[-88.06854919199998,30.164913902000023],[-88.06937598999997,30.16240996500005],[-88.06991818899996,30.16072224000004],[-88.07344727999998,30.149738180000043],[-88.07719616999998,30.13806971200006],[-88.07756196599996,30.136931135000054],[-88.08403225899997,30.13378872100003],[-88.11408179599994,30.12121040200003],[-88.11470018199998,30.120951501000036],[-88.12350456599995,30.121814150000034],[-88.13355021999996,30.12279830600005],[-88.16666590999995,30.126048885000046],[-88.16666591099994,30.125759581000068],[-88.16666591099994,30.125737881000077],[-88.17453171899996,30.126537924000047],[-88.19774595399997,30.128899347000072],[-88.19778135299998,30.12890294700003],[-88.20552896499998,30.129691088000072],[-88.21559572099994,30.130715141000053],[-88.21595898799995,30.13075152700003],[-88.21827295599996,30.130988054000056],[-88.22345003099997,30.13151718100005],[-88.28837064099997,30.138153377000037],[-88.29500200699994,30.138831356000026],[-88.30732347199995,30.140090904000033],[-88.32221754599999,30.14161338100007],[-88.32221753999994,30.142848895000043],[-88.32987826899995,30.143556785000044],[-88.38372255699994,30.148532617000058],[-88.45779198799994,30.155385626000054],[-88.47816377499998,30.157467018000034],[-88.49666010799996,30.159190231000025],[-88.50163994899998,30.166665342000044],[-88.50163434999996,30.166665342000044],[-88.50725401599999,30.175115831000028],[-88.51620567499998,30.188576769000065],[-88.51661181399999,30.18918745800005],[-88.51593237499998,30.189917682000043],[-88.51505010699998,30.190865889000065],[-88.50738798999998,30.19910095800003],[-88.50685821399998,30.199670284000035],[-88.50651701199996,30.200028721000024],[-88.50540696499996,30.20113397600005],[-88.50205549299994,30.20447110400005],[-88.49917699499997,30.207337222000035],[-88.49962512299999,30.20755880400003],[-88.49891219599994,30.20830952800003],[-88.49908273699998,30.208395237000047],[-88.49903388999996,30.208448531000045],[-88.49912268599996,30.20852343200005],[-88.49931427899998,30.20864033600003],[-88.49944617299997,30.208701937000058],[-88.49979755899994,30.208816042000024],[-88.50019834099999,30.20896154600007],[-88.50059572099997,30.209152748000065],[-88.50084200799995,30.20922684900006],[-88.50121648899994,30.209346750000066],[-88.50148577599998,30.209435151000037],[-88.50182405799995,30.209651954000037],[-88.50204744599995,30.209774655000047],[-88.50239232899997,30.20990015700005],[-88.50279630799997,30.210059959000034],[-88.50288060499997,30.210099652000054],[-88.50477500399995,30.21108817000004],[-88.50527006799996,30.211460438000074],[-88.50533847399998,30.21151767500004],[-88.50599533699994,30.21206828000004],[-88.50624172399995,30.212276582000072],[-88.50647811099998,30.212427784000056],[-88.50652250399997,30.212474362000023],[-88.50657850499994,30.21255328500007],[-88.50712917199996,30.21332919300005],[-88.50723956499996,30.213484695000034],[-88.50742300799999,30.213752399000043],[-88.50748974899994,30.21387689900007],[-88.50761434099996,30.21411720100008],[-88.50770061999998,30.21421096000006],[-88.50771203499994,30.214280303000066],[-88.50772903299998,30.21438380400008],[-88.50771283299997,30.21448910500004],[-88.50770383299994,30.214547305000053],[-88.50745954099995,30.21491770800003],[-88.50726774899994,30.21505411000004],[-88.50693316299999,30.215292112000043],[-88.50678976899997,30.215369312000064],[-88.50643188499998,30.215562014000056],[-88.50630448999999,30.215590614000064],[-88.50611359899995,30.215633414000024],[-88.50593890299996,30.215672596000047],[-88.50593049799994,30.215673039000023],[-88.50541283299998,30.215615914000068],[-88.50497365499996,30.215518812000028],[-88.50449476299997,30.215372185000035],[-88.50445928099998,30.215354210000044],[-88.50403230299997,30.215188708000028],[-88.50362832399998,30.214997606000054],[-88.50341723499997,30.214920105000033],[-88.50326204199996,30.21490820500003],[-88.50317990399998,30.21491280300006],[-88.50307050099997,30.21487147000005],[-88.50294045899994,30.214749703000052],[-88.50280136599997,30.21466260300008],[-88.50244928499995,30.214503801000035],[-88.50155462999999,30.21417169700004],[-88.50099379099998,30.21397554400005],[-88.50076327099998,30.213875393000023],[-88.49991931399995,30.213504788000023],[-88.49913314699995,30.212983675000032],[-88.49886091399998,30.21280320900007],[-88.49880756099998,30.212764770000035],[-88.49867256499994,30.21267835100008],[-88.49813328899995,30.212320859000044],[-88.49798020699996,30.212231618000033],[-88.49697083799998,30.21152893900006],[-88.49649175799999,30.21122223200007],[-88.49553117699998,30.212269073000073],[-88.49509799699996,30.21260673100005],[-88.49496170099997,30.212758431000054],[-88.49510358299995,30.214181546000077],[-88.49529996099994,30.215933465000035],[-88.49562022399994,30.218789896000033],[-88.49601877799995,30.222345834000066],[-88.49609326999996,30.22300934100008],[-88.49609916899999,30.223062242000026],[-88.49659241299997,30.22745418900007],[-88.49669760099994,30.228391099000078],[-88.49690787599997,30.230263919000038],[-88.49718764399995,30.232755646000044],[-88.49855337899999,30.245800786000075],[-88.49880724799993,30.248225811000054],[-88.49924058199997,30.25232565600004],[-88.49952973299997,30.254861685000037],[-88.50046056199994,30.26302721500008],[-88.50241500399994,30.28120175600003],[-88.50277823699997,30.284574091000025],[-88.50283042699994,30.285059196000077],[-88.50298889799996,30.286530610000057],[-88.50302459099998,30.286862314000075],[-88.50305078599996,30.28710891600008],[-88.50318695399994,30.288371776000076],[-88.50331390899998,30.29143516000005],[-88.50337168599998,30.29283037400006],[-88.50338757899999,30.293213827000045],[-88.50338750299994,30.298364830000025],[-88.50338748299998,30.299717044000033],[-88.50338748299998,30.29971884400004],[-88.50338727799999,30.313518284000054],[-88.50338725999995,30.314704496000047],[-88.50338725299997,30.315148600000043],[-88.50338533199994,30.316561215000036],[-88.50338531999995,30.317378623000025],[-88.50338441499997,30.317741727000055],[-88.50338390299999,30.31856013500004],[-88.50344659999996,30.318550635000065],[-88.50369269099997,30.31855838200005],[-88.50369558599994,30.318708437000055],[-88.50371147299995,30.319533945000046],[-88.50384186699995,30.319533945000046],[-88.50386837099995,30.319554131000075],[-88.50390845999999,30.31979794800003],[-88.50391235799998,30.319942149000042],[-88.50403545199998,30.319959950000055],[-88.50411754599997,30.320085651000056],[-88.50413204399996,30.32016075200005],[-88.50411034399997,30.32025455300004],[-88.50426903299996,30.320461055000067],[-88.50445082199997,30.32061865600008],[-88.50458491499995,30.320673257000067],[-88.50459457899996,30.320675084000072],[-88.50498839299996,30.320919460000027],[-88.50511588299997,30.321182863000047],[-88.50573203699997,30.322345075000044],[-88.50580620599999,30.322443539000062],[-88.50583142999994,30.32251777600004],[-88.50592652399996,30.322623278000037],[-88.50593242199994,30.322679678000043],[-88.50600002299996,30.322700844000053],[-88.50601021799997,30.322714379000047],[-88.50602207399999,30.322707748000028],[-88.50610521399994,30.322733779000032],[-88.50625530699995,30.322716179000054],[-88.50639310099996,30.32267777800007],[-88.50636620399996,30.322554077000063],[-88.50647580799995,30.322525404000032],[-88.50649963999996,30.322524617000056],[-88.50654359499998,30.32263647800005],[-88.50807542799998,30.322281575000034],[-88.50834881599997,30.322204575000058],[-88.50832731899999,30.322115621000023],[-88.50832732099997,30.32198436400006],[-88.50837371899996,30.321974672000067],[-88.50836209999994,30.321929861000058],[-88.50864260799995,30.321861971000033],[-88.50864910699994,30.321890772000074],[-88.50873059799994,30.322249975000034],[-88.50835181399998,30.322347076000028],[-88.50744005299998,30.32258077800003],[-88.50746204999996,30.322765280000056],[-88.50721594199996,30.322787146000053],[-88.50717786499996,30.322656779000056],[-88.50643541799997,30.322830778000025],[-88.50636539999994,30.322840880000058],[-88.50605721399995,30.322885280000037],[-88.50598857999995,30.32288981000005],[-88.50590502099999,30.322863280000036],[-88.50584342399998,30.32285138000003],[-88.50580232599998,30.32287518000004],[-88.50579649599996,30.32290248700008],[-88.50574962799999,30.322905580000054],[-88.50575232599994,30.322990281000045],[-88.50575402499999,30.323044782000068],[-88.50589316199995,30.32318018500007],[-88.50590361599996,30.323194083000033],[-88.50605760599996,30.32338538500005],[-88.50613170199995,30.323419986000033],[-88.50616779999996,30.32347108600004],[-88.50619249699997,30.32359968800006],[-88.50624879299994,30.32368758900003],[-88.50635828399999,30.32396539100006],[-88.50651550199996,30.324169032000043],[-88.50658415599997,30.324443922000057],[-88.50657446599996,30.324471197000037],[-88.50657996499996,30.324539997000045],[-88.50663745999998,30.324703899000042],[-88.50665860399994,30.32475577400004],[-88.50674314599996,30.32526940500003],[-88.50671285199996,30.325442876000068],[-88.50669764499997,30.325508807000062],[-88.50669696399996,30.32553385400007],[-88.50666714399995,30.32570460900007],[-88.50669129299996,30.325742324000032],[-88.50668944099993,30.32581041000003],[-88.50674143799995,30.325869811000075],[-88.50682232599996,30.325946961000056],[-88.50688996799994,30.326052599000036],[-88.50693032199996,30.326313816000038],[-88.50699697699997,30.326405778000037],[-88.50700881699998,30.326445917000058],[-88.50707300499994,30.326502323000057],[-88.50729979799996,30.326762620000068],[-88.50748868699998,30.326959722000026],[-88.50761727699995,30.32722562500004],[-88.50776506699998,30.32744642800003],[-88.50780066399994,30.327503428000057],[-88.50782256099995,30.327626929000076],[-88.50784715999998,30.32766723000003],[-88.50789405899997,30.327700423000067],[-88.50783785899995,30.32774923100004],[-88.50779225999997,30.327788731000055],[-88.50779582499996,30.32780574800006],[-88.50774596199994,30.327821631000063],[-88.50773226199999,30.327857232000042],[-88.50777325899998,30.327937933000044],[-88.50778695799994,30.327992533000042],[-88.50776775799994,30.32801633300005],[-88.50774595899998,30.328037734000077],[-88.50774595899998,30.328063834000034],[-88.50777055699996,30.328082834000043],[-88.50791014899994,30.328182535000053],[-88.50807433999995,30.328310737000038],[-88.50812985799996,30.32833171200008],[-88.50814193599996,30.32834273700007],[-88.50835246999998,30.32848365600006],[-88.50868690499999,30.32873384100003],[-88.50891159099996,30.328993644000036],[-88.50914334699996,30.329215883000074],[-88.50963194599996,30.329754152000078],[-88.50963851299997,30.329767709000066],[-88.50971413899998,30.329960154000048],[-88.50980483099994,30.33025765700006],[-88.50985832599997,30.33043285900004],[-88.51001410399994,30.33032718000004],[-88.51013485899995,30.330380271000024],[-88.50989662199999,30.33055396000003],[-88.50993221299996,30.331062066000072],[-88.50988841499998,30.331083466000052],[-88.50986651499994,30.33113806600005],[-88.50987201299995,30.331225967000023],[-88.50990210899994,30.33139926900003],[-88.50986920899999,30.331555971000057],[-88.50980630799995,30.33179337300004],[-88.50978980699995,30.331912174000024],[-88.50981660499997,30.332000075000053],[-88.50976420499995,30.332133276000036],[-88.51003929099994,30.332192477000035],[-88.51004859199998,30.33215807700003],[-88.51019248399996,30.33218247700006],[-88.51027827999997,30.332196977000024],[-88.51020957999998,30.332456980000075],[-88.51018608099997,30.33245308000005],[-88.51015128299997,30.332447280000054],[-88.51000238999995,30.33242258000007],[-88.51003268999995,30.33229897800004],[-88.50972530499996,30.33223197700005],[-88.50971760599998,30.33225157800007],[-88.50965260599997,30.332438480000064],[-88.50956980699999,30.332621981000045],[-88.50950680599999,30.33288788400006],[-88.50939090799994,30.33313278600008],[-88.51009897499995,30.333142687000077],[-88.51029446599995,30.33314538700006],[-88.51077124399995,30.333151687000054],[-88.51077944299999,30.333151687000054],[-88.51106122999994,30.333156188000032],[-88.51162480399995,30.33316338800006],[-88.51189759099998,30.33316708800004],[-88.51190928999995,30.33316798800007],[-88.51271785299997,30.333178789000044],[-88.51442917299994,30.333203190000063],[-88.51450956899998,30.333204090000038],[-88.51479495599995,30.333208591000073],[-88.51484485399999,30.333209391000025],[-88.51488055199997,30.333209991000047],[-88.51500894599997,30.33321219100003],[-88.51522373599994,30.333215391000067],[-88.51572560099999,30.334014999000033],[-88.51606668399995,30.33409780100004],[-88.51714423299995,30.334187302000032],[-88.51725612199994,30.334169185000064],[-88.51729162599997,30.334188702000063],[-88.51737305899996,30.334271517000047],[-88.51737352099997,30.33427950300006],[-88.51742976199995,30.334377206000056],[-88.51747221399995,30.334487705000072],[-88.51756340799994,30.334600807000072],[-88.51773939799995,30.334708208000052],[-88.51810015799998,30.334899602000064],[-88.51838336299994,30.335080512000047],[-88.51883133699994,30.33540431600005],[-88.51898266199998,30.335486036000077],[-88.51987457899997,30.336139324000044],[-88.52036395099998,30.336523628000066],[-88.52173147599996,30.337308837000023],[-88.52191267399996,30.337483500000076],[-88.52192566399998,30.337515539000037],[-88.52197115999996,30.33768124100004],[-88.52204615399995,30.33785484300006],[-88.52211434799995,30.338018545000068],[-88.52218264399994,30.33813884600005],[-88.52237583199997,30.338322248000054],[-88.52239701799994,30.338337271000057],[-88.52285380399996,30.33870955200007],[-88.52288526199999,30.33874269300003],[-88.52288430299996,30.338745953000057],[-88.52281430399995,30.338906054000063],[-88.52268700699994,30.339071656000044],[-88.52256451199997,30.339148957000077],[-88.52237681899999,30.339209957000037],[-88.52224632499997,30.339252457000043],[-88.52208403199995,30.339295158000027],[-88.52187243999998,30.339422159000037],[-88.52170064699999,30.339495259000046],[-88.52147635599994,30.339576760000057],[-88.52126676399996,30.339672461000077],[-88.52119676699994,30.33969876100008],[-88.52112676999997,30.33972766100004],[-88.52114086799997,30.33978316200006],[-88.52119856199994,30.340011064000066],[-88.52120466199995,30.340035165000074],[-88.52115166299996,30.340133566000077],[-88.52116386199998,30.340129166000054],[-88.52120695999997,30.340142866000065],[-88.52127885599998,30.340170366000052],[-88.52139924899996,30.340276367000058],[-88.52157214099998,30.34030696800005],[-88.52170873399996,30.34036906800003],[-88.52189432399996,30.340490270000032],[-88.52196991899996,30.34055187000007],[-88.52201111699998,30.340549870000075],[-88.52213481199999,30.34052807000006],[-88.52229270399994,30.340540671000042],[-88.52244779699998,30.34056897100004],[-88.52259268999995,30.340611972000033],[-88.52267048599998,30.340622772000074],[-88.52271638299999,30.34064297200007],[-88.52278237999997,30.340702573000044],[-88.52289507299997,30.340788474000078],[-88.52323185499995,30.34100847600007],[-88.52337224599995,30.341140777000078],[-88.52361303499998,30.341172278000045],[-88.52362514499998,30.340371170000026],[-88.52362088099994,30.338638245000027],[-88.52368676799995,30.338602552000054],[-88.52367967499998,30.33812554700006],[-88.52367158299995,30.33757004100005],[-88.52365479999997,30.336426929000027],[-88.52364910599994,30.33603212500003],[-88.52363801699994,30.335276418000035],[-88.52362189699994,30.33417411100004],[-88.52362522099997,30.32795144200003],[-88.52362624799997,30.32601442200007],[-88.52362901799995,30.321047572000055],[-88.52362953499994,30.319854459000055],[-88.52363366099996,30.310864567000067],[-88.53733029299997,30.324291070000072],[-88.54365975099995,30.33069338300004],[-88.55407992699998,30.341413502000023],[-88.55448580399997,30.34175830500004],[-88.55476198799994,30.34199300800003],[-88.55494468299997,30.34178130600003],[-88.55504849599998,30.341661058000057],[-88.55522626899995,30.341835307000053],[-88.55620061199994,30.342785717000027],[-88.55694047699996,30.342860019000057],[-88.55789533199999,30.34296302000007],[-88.55860789699994,30.34309482200007],[-88.55887228399996,30.343168423000066],[-88.55906867399995,30.34325552400003],[-88.55927696299995,30.34336492600005],[-88.55936725799995,30.343412326000077],[-88.55980773499994,30.343655629000068],[-88.56016401599999,30.343864432000032],[-88.56023661099994,30.34395313300007],[-88.56027620899994,30.343978933000074],[-88.56038170399995,30.343984633000048],[-88.56046999999995,30.34396053300003],[-88.56050709899995,30.343950333000066],[-88.56083208599995,30.343805131000067],[-88.56115617199998,30.343725731000063],[-88.56154375499995,30.343675631000053],[-88.56188733899995,30.343673231000025],[-88.56217602499999,30.343697131000056],[-88.56250260899998,30.343761232000077],[-88.56293358799996,30.343892234000066],[-88.56317247699997,30.343923234000044],[-88.56354295999995,30.343875634000028],[-88.56372405299999,30.343807833000028],[-88.56392234399999,30.343741633000036],[-88.56398714199997,30.34369703200008],[-88.56405773999995,30.34358793100006],[-88.56411113899998,30.343487030000063],[-88.56418033599994,30.343457430000058],[-88.56520849399999,30.34303872600003],[-88.56537118699998,30.34297252600004],[-88.56556447999998,30.342893825000033],[-88.56574477199996,30.34282032400006],[-88.56601966099998,30.34270842400008],[-88.56702291999994,30.342299920000073],[-88.56980470599996,30.34116711000007],[-88.57013559199999,30.341032409000036],[-88.57009489399996,30.34102720900006],[-88.57005229599997,30.341006108000045],[-88.57003949699998,30.34099980800005],[-88.57000249999999,30.34092480700008],[-88.56997290499999,30.340648405000024],[-88.56994990699997,30.34050600300003],[-88.56991050999994,30.34046320300007],[-88.56952172899997,30.34034450100006],[-88.56912484899999,30.340253500000074],[-88.56888985999996,30.34016839900005],[-88.56885726199994,30.340152799000066],[-88.56858467599994,30.34002239700004],[-88.56836458799995,30.339916996000056],[-88.56800660799996,30.33965769300005],[-88.56771092399998,30.33942699000005],[-88.56740884199996,30.339122087000078],[-88.56716575699994,30.338805883000077],[-88.56684367799994,30.338317678000067],[-88.56681427999996,30.338273077000053],[-88.56644980399994,30.33773177100005],[-88.56603923099999,30.33708786400007],[-88.56543816899995,30.33621605500008],[-88.56542406999995,30.336194655000043],[-88.56484700799996,30.335321445000034],[-88.56441703599995,30.33468203800004],[-88.56427224499998,30.33446663600006],[-88.56335260599997,30.33306482000006],[-88.56297394899997,30.332480778000047],[-88.56302089599995,30.332426399000042],[-88.56334270799994,30.332939519000035],[-88.56434774199994,30.33444383500006],[-88.56441083799996,30.33453793600006],[-88.56503749699993,30.33547244700003],[-88.56548596799996,30.336139354000068],[-88.56563525799999,30.336361356000054],[-88.56621002099996,30.337221766000027],[-88.56677158499997,30.33806507500003],[-88.56706236599996,30.338492280000025],[-88.56744824099997,30.33905938600003],[-88.56767482799995,30.33928448900008],[-88.56794091199998,30.33952669100006],[-88.56832849099999,30.339808695000045],[-88.56859117699997,30.33994259600007],[-88.56883676399997,30.340052297000057],[-88.56892295999995,30.340090798000062],[-88.56927104199997,30.340213299000027],[-88.56952072999997,30.340258900000038],[-88.56984811399997,30.34034930100006],[-88.56986451399996,30.34027800100006],[-88.56988101399998,30.34022390000007],[-88.56988101499996,30.340138399000068],[-88.56986781599994,30.34010709900008],[-88.56971662399997,30.34003849800007],[-88.56933324399995,30.33985709600006],[-88.56902695999997,30.339704494000046],[-88.56872127599996,30.339550192000047],[-88.56852968699997,30.33936809000005],[-88.56823550299998,30.339176188000067],[-88.56804161499997,30.338962585000047],[-88.56785002499998,30.338824084000066],[-88.56762653899995,30.338580681000053],[-88.56750334699996,30.338400679000074],[-88.56748504799998,30.338317578000044],[-88.56746684999996,30.338283878000027],[-88.56737785499996,30.338214677000053],[-88.56722046399994,30.33803267500008],[-88.56715436899998,30.337921874000074],[-88.56709967299997,30.337761572000034],[-88.56690348699999,30.33739356800004],[-88.56679859299999,30.337290667000048],[-88.56672559799995,30.33719566600007],[-88.56666290199996,30.33708546500003],[-88.56655680899996,30.336898963000067],[-88.56654311099999,30.336821762000056],[-88.56654081399995,30.336568559000057],[-88.56651341599996,30.336491358000046],[-88.56644961999996,30.33638645700006],[-88.56632182799996,30.33624205600006],[-88.56614623799999,30.336067954000043],[-88.56612573999996,30.335996753000074],[-88.56615083999998,30.33593335200004],[-88.56623293699994,30.33586215200006],[-88.56627623499998,30.335856252000042],[-88.56631963299998,30.33587605200006],[-88.56631733299997,30.335909652000055],[-88.56628313399995,30.33593335200004],[-88.56626483399998,30.335982853000075],[-88.56628993199996,30.33602635300008],[-88.56639252599996,30.336125354000046],[-88.56658641599995,30.336255856000037],[-88.56670050899999,30.336402358000043],[-88.56672560699997,30.336477458000047],[-88.56670730499997,30.336641760000077],[-88.56668680499996,30.336722861000055],[-88.56670960299994,30.33678816200006],[-88.56674150199996,30.336817762000067],[-88.56681449699994,30.336891063000053],[-88.56685559399995,30.337001864000058],[-88.56688189199997,30.337041364000072],[-88.56699928499995,30.337217466000027],[-88.56719087199997,30.337551870000027],[-88.56735966099995,30.337789273000055],[-88.56739385899994,30.33780707300008],[-88.56745315599994,30.33781297300004],[-88.56759454999997,30.337779373000046],[-88.56777244199998,30.337737872000048],[-88.56815562499997,30.33768437200007],[-88.56856520699995,30.337629872000036],[-88.56882399599994,30.337595372000067],[-88.56903838599999,30.337583472000063],[-88.56907938399996,30.337605272000076],[-88.56909308299998,30.33762897200006],[-88.56908628299999,30.33764877200008],[-88.56898358699999,30.337690373000044],[-88.56869169999999,30.337729873000058],[-88.56863820199999,30.33773557300003],[-88.56848870899995,30.33775167300007],[-88.56806212799995,30.337803173000054],[-88.56794123299994,30.337860474000024],[-88.56791163399998,30.33788617400006],[-88.56785683599998,30.33789607400007],[-88.56781123899998,30.337882274000037],[-88.56773594199996,30.337874374000023],[-88.56761964699996,30.33790007400006],[-88.56750565299996,30.33790997400007],[-88.56745995499995,30.33791987400008],[-88.56746455399997,30.33794157400007],[-88.56753294999999,30.338046475000056],[-88.56763564299996,30.338216677000048],[-88.56767893899996,30.33835117900003],[-88.56782952999998,30.338521281000055],[-88.56803701699994,30.338766683000074],[-88.56821720699998,30.338936785000044],[-88.56826740299994,30.339031786000078],[-88.56834949799998,30.33912478700006],[-88.56850458999997,30.339199988000075],[-88.56881937399999,30.33935819000004],[-88.56907255999994,30.339488792000054],[-88.56920945299998,30.339561993000075],[-88.56940554199997,30.339732194000078],[-88.56960853099997,30.339872596000077],[-88.56967922799998,30.339874596000072],[-88.56976932399994,30.339853496000046],[-88.56981532299994,30.339753795000036],[-88.56984152399997,30.339591393000035],[-88.56987772399998,30.339437592000024],[-88.56995322099993,30.33937779100006],[-88.56995652199998,30.339340691000075],[-88.56990072399998,30.33930939000004],[-88.56983502799994,30.33926949000005],[-88.56975613199995,30.339212489000033],[-88.56974633299996,30.33917548900007],[-88.56975943299994,30.339158389000033],[-88.56976603299995,30.339155489000063],[-88.56981532999998,30.33918398900005],[-88.56988422599994,30.339221089000034],[-88.56991052499995,30.339226789000065],[-88.56992692499995,30.33916978900004],[-88.56994012699994,30.338975987000026],[-88.56992043099996,30.33871388400007],[-88.56987773399999,30.338659783000026],[-88.56979563799996,30.338605683000026],[-88.56974304099998,30.338602783000056],[-88.56970694199998,30.33863698300007],[-88.56971344099998,30.338674084000047],[-88.56973643899994,30.33871388400007],[-88.56972663899995,30.338750984000058],[-88.56967734199998,30.338762384000063],[-88.56962804499994,30.33869108400006],[-88.56964124499996,30.338597083000025],[-88.56958534999995,30.338448981000056],[-88.56954265599995,30.33807577700003],[-88.56945726199996,30.33795607600007],[-88.56933186999998,30.337753774000078],[-88.56923007799998,30.337508771000046],[-88.56918738199994,30.33734356900004],[-88.56909538699995,30.33723526800003],[-88.56907008899998,30.337184867000076],[-88.56903299299995,30.33704156600004],[-88.56895089899996,30.336876264000068],[-88.56886220399997,30.33676966300004],[-88.56883240699995,30.336648462000028],[-88.56882510999998,30.336397359000046],[-88.56873051799994,30.336106056000062],[-88.56864542499994,30.335876253000038],[-88.56858862899998,30.335794252000028],[-88.56857443099994,30.335703951000028],[-88.56860753499996,30.335244447000036],[-88.56863123599999,30.335088545000076],[-88.56858393899995,30.334965444000034],[-88.56852714599995,30.33467414100005],[-88.56856484699995,30.334459538000033],[-88.56856664999998,30.33418273500007],[-88.56835975999996,30.334188435000044],[-88.56771268899996,30.334234035000065],[-88.56709521699997,30.33428533600005],[-88.56705581899996,30.33426253500005],[-88.56703931999994,30.33422263500006],[-88.56704921999994,30.334188434000055],[-88.56711491699997,30.33416853400007],[-88.56753199899998,30.334131434000028],[-88.56794917999997,30.334080234000055],[-88.56820536799995,30.334057434000044],[-88.56847465499999,30.33408303400006],[-88.56860934899998,30.334088734000034],[-88.56863744899994,30.33403613400003],[-88.56863175099994,30.333854032000033],[-88.56858285599998,30.333656330000053],[-88.56855925799994,30.33353672900006],[-88.56851196199995,30.33342392700007],[-88.56846066499998,30.33335212700007],[-88.56837007099995,30.33323582500003],[-88.56834247299997,30.33317772500004],[-88.56832117499994,30.333118024000044],[-88.56830477799997,30.332949522000035],[-88.56827737999998,30.33285452100006],[-88.56824088199994,30.332824221000067],[-88.56820238399996,30.332808021000062],[-88.56817128599994,30.332775620000064],[-88.56815488799998,30.332667319000052],[-88.56817788899997,30.332519218000073],[-88.56821398899996,30.332351016000075],[-88.56825009199997,30.331963612000038],[-88.56826329599994,30.33164160800004],[-88.56827309799996,30.33139370600003],[-88.56827639899996,30.331294005000075],[-88.56829069899999,30.33125070400007],[-88.56832899899996,30.33113440300008],[-88.56838810099998,30.330786799000066],[-88.56844340199996,30.330500896000046],[-88.56847080299997,30.33029899400003],[-88.56848670499994,30.330105092000053],[-88.56847530899995,30.329828089000046],[-88.56842511299999,30.32969748800008],[-88.56840231499996,30.32958468700008],[-88.56831342099997,30.329422485000066],[-88.56823582599998,30.32935128400004],[-88.56821982699995,30.329329484000027],[-88.56822902699997,30.329305684000076],[-88.56827002499995,30.32927998300005],[-88.56828372499996,30.32924838300005],[-88.56828832499997,30.32918898300005],[-88.56829742499997,30.329149382000026],[-88.56836352299996,30.32910188200003],[-88.56839322199994,30.329068281000048],[-88.56838642299994,30.329032681000058],[-88.56834992499995,30.329004981000026],[-88.56825412899997,30.328985180000075],[-88.56804883899997,30.328951580000023],[-88.56790734599997,30.328907979000064],[-88.56784804899996,30.32890597900007],[-88.56781385099998,30.32891587900008],[-88.56778655199997,30.32890997900006],[-88.56774085499995,30.328882279000027],[-88.56744046899996,30.328846678000048],[-88.56722667899999,30.328804078000076],[-88.56705878799994,30.32874227700006],[-88.56701289099999,30.328703777000044],[-88.56700339199995,30.328662576000056],[-88.56701969099998,30.328621276000035],[-88.56685330099998,30.328450774000032],[-88.56680150299997,30.328509174000033],[-88.56653740999997,30.328888678000055],[-88.56641920899995,30.329408384000033],[-88.56632460499998,30.330109391000065],[-88.56626149999994,30.330738498000073],[-88.56623389599997,30.331135102000076],[-88.56626149499994,30.33117610200003],[-88.56631669199999,30.331183002000046],[-88.56649008399995,30.331155602000024],[-88.56751883599998,30.33115900300004],[-88.56799181399998,30.33117270300005],[-88.56799571299996,30.331251304000034],[-88.56796421399997,30.331278704000056],[-88.56714045199999,30.33128900400004],[-88.56680546799998,30.33130260400003],[-88.56660437699998,30.331278704000056],[-88.56645068499995,30.33126160300003],[-88.56635218899999,30.331292404000067],[-88.56630489099996,30.331326604000026],[-88.56630878999994,30.33138810400004],[-88.56639548299995,30.331606907000037],[-88.56655707099998,30.331969411000046],[-88.56661626599998,30.33211641200006],[-88.56665486299994,30.332227414000045],[-88.56670295899994,30.332366015000048],[-88.56676995099997,30.332759219000025],[-88.56679354199997,30.333412226000064],[-88.56682903799998,30.333610528000065],[-88.56682973699998,30.333635628000025],[-88.56683303599993,30.33376443000003],[-88.56677383499994,30.33404473300004],[-88.56679352999998,30.334321636000027],[-88.56676992999996,30.334407137000028],[-88.56671473199998,30.33449263700004],[-88.56671473099999,30.334550738000075],[-88.56673442899995,30.334653339000056],[-88.56671472899995,30.334742240000026],[-88.56663192799994,30.33510464400007],[-88.56652162999995,30.33533024600007],[-88.56648612999999,30.33550124800007],[-88.56639153099997,30.33574395000005],[-88.56637183199996,30.335764451000045],[-88.56631273499994,30.33572685000007],[-88.56631273499994,30.335692750000078],[-88.56632843599994,30.335627749000025],[-88.56635603499996,30.335579849000055],[-88.56636783599998,30.335456747000023],[-88.56645853499998,30.335210645000075],[-88.56655313299996,30.334967842000026],[-88.56658463499997,30.33472854000007],[-88.56658863699994,30.33453363800004],[-88.56663984099998,30.334007132000067],[-88.56668714199998,30.33380543000004],[-88.56668714399996,30.333634028000063],[-88.56668714699998,30.333395126000028],[-88.56665164999998,30.33328912500008],[-88.56662405299994,30.333183124000072],[-88.56661625999999,30.332639518000065],[-88.56654136699996,30.332376215000068],[-88.56640737699996,30.33203431100003],[-88.56636747999994,30.33193071000005],[-88.56628118699996,30.33170610800005],[-88.56610780099999,30.33126160300003],[-88.56607230399999,30.33114190200007],[-88.56610390399999,30.33101540000007],[-88.56618660599997,30.330546996000066],[-88.56622210899997,30.330181192000055],[-88.56621821199997,30.329969189000053],[-88.56626941499997,30.32952808500005],[-88.56634821599994,30.32912808100008],[-88.56644281499996,30.328847678000045],[-88.56652561399994,30.32865277600007],[-88.56671870799994,30.328420273000063],[-88.56676880599997,30.328364173000068],[-88.56664099699998,30.328233201000046],[-88.56667201299996,30.32819727100008],[-88.56599305299994,30.327478763000045],[-88.55697149699995,30.31793305800005],[-88.54802693399995,30.30902406000007],[-88.54696209899998,30.307963349000033],[-88.54481212899998,30.305822025000055],[-88.54470353599999,30.305713824000065],[-88.54103136499998,30.301634380000053],[-88.54017211799999,30.300679870000067],[-88.53402559599994,30.29450850300003],[-88.53186602899996,30.292340280000076],[-88.52577990599997,30.28622951500006],[-88.52245844799995,30.282753231000072],[-88.52136819999998,30.273392482000077],[-88.52105145399997,30.27066255400007],[-88.52104665499996,30.270621454000036],[-88.52096449499999,30.26991511700004],[-88.52081980299994,30.268059727000036],[-88.52074751899994,30.267133218000026],[-88.52000231299996,30.26164360300004],[-88.51934444699998,30.255988304000027],[-88.51903020099996,30.253288476000023],[-88.51865246299997,30.250042751000024],[-88.51769110199996,30.240846657000077],[-88.51715187099995,30.236429616000066],[-88.51700898899998,30.235258505000047],[-88.51692339999994,30.23455769800006],[-88.51680151599999,30.23355918900006],[-88.51635407299995,30.229893555000046],[-88.51634957299996,30.229856754000025],[-88.51575055299998,30.224550805000035],[-88.51551015499996,30.224527385000044],[-88.51548488199995,30.22451946600006],[-88.51441442299995,30.224003399000026],[-88.51429321399996,30.22393035600004],[-88.51425733099995,30.223894898000026],[-88.51418223599995,30.223817197000074],[-88.51379735699999,30.223492193000027],[-88.51360636799996,30.223352392000038],[-88.51351087299997,30.223304992000067],[-88.51339897799994,30.223276591000058],[-88.51331145499995,30.223274509000078],[-88.51319648899994,30.223192390000065],[-88.51317518699994,30.22318899100003],[-88.51315639099994,30.223149590000048],[-88.51315829299995,30.22298668800005],[-88.51319359199994,30.222843987000033],[-88.51329968999994,30.222560784000052],[-88.51340178599997,30.22243108300006],[-88.51374367199998,30.222144381000078],[-88.51396806299994,30.221989780000058],[-88.51471493199995,30.221503275000032],[-88.51524850899995,30.221193473000028],[-88.51521641699998,30.22051866700008],[-88.51513152799998,30.219787060000044],[-88.51511150499994,30.219614972000045],[-88.51519852699994,30.219578458000058],[-88.51495935999998,30.21728803600007],[-88.51495936999999,30.216288727000062],[-88.51508176499999,30.21617262600006],[-88.51512866299998,30.216128025000046],[-88.51738367599995,30.213988107000034],[-88.51892411599994,30.212526095000044],[-88.51893751599994,30.21251339500003],[-88.51906491099999,30.212392494000028],[-88.52341234399995,30.20832696000008],[-88.52826965899999,30.203784523000024],[-88.52954041099997,30.20259621300005],[-88.52967220599999,30.20247301200004],[-88.53405164099996,30.198377479000044],[-88.53515519799998,30.19751417300006],[-88.53768339999993,30.19553615800004],[-88.54090717199995,30.19336404200004],[-88.54092947099997,30.19334904200008],[-88.55026630399999,30.187017498000046],[-88.55242971999996,30.185552888000075],[-88.55301659699995,30.185180685000034],[-88.55604527799994,30.183260073000042],[-88.55722723199995,30.182433667000055],[-88.57548504199997,30.169668986000033],[-88.57834513699999,30.167630474000077],[-88.57969918699996,30.166665468000076],[-88.58062755199995,30.166089765000038],[-88.58153961699998,30.165524262000076],[-88.59878869199997,30.153421696000066],[-88.61647076899999,30.141141737000055],[-88.61782920999997,30.14105483900005],[-88.90876386099995,30.129066628000032],[-88.91815617999998,30.12868364900004],[-88.92147064499994,30.128548556000055],[-88.92172403499995,30.12853825700006],[-88.92646304199997,30.128344967000032],[-88.92743399099999,30.129503974000045],[-88.93409963899995,30.137484021000034],[-88.94562504499999,30.15128610000005],[-88.94716716699998,30.153131811000037],[-88.97581617299994,30.18742069900003],[-88.97669273199995,30.18846980400008],[-88.97669275299995,30.188469832000067],[-88.97668953199997,30.188470304000077],[-88.97670752799996,30.18848988800005],[-88.97846554799997,30.19087631600007],[-88.97881496499997,30.192328689000078],[-88.97727516899994,30.207538475000035],[-88.97778514999999,30.20756117600007],[-88.97952608599996,30.20760197900006],[-88.98131411899999,30.207847083000047],[-88.98252224999999,30.20817476600007],[-88.98275775599996,30.209196891000033],[-88.98304113499995,30.209261474000073],[-88.98305534399998,30.209325492000062],[-88.98313104099998,30.20935169200004],[-88.98328213599996,30.209403992000034],[-88.98433239499997,30.209736296000074],[-88.98453774399997,30.209831836000035],[-88.98454644199995,30.20983683000003],[-88.98488747199997,30.21007509800006],[-88.98526695699996,30.210334299000067],[-88.98563763999994,30.21073970200007],[-88.98614951699994,30.21134270500005],[-88.98618521599997,30.211384705000057],[-88.98631284499999,30.21153584700005],[-88.98625161099994,30.211748706000037],[-88.98609353299997,30.21179137400003],[-88.98573512999997,30.21176910500003],[-88.98553776199998,30.211737930000027],[-88.98531444499997,30.211682504000066],[-88.98516415099994,30.211645204000035],[-88.98461297299997,30.21137350200007],[-88.98435996499995,30.21133052600004],[-88.98426488599995,30.21130000100004],[-88.98389729999997,30.21121530000005],[-88.98347041599999,30.211194699000032],[-88.98347142699998,30.211199255000054],[-88.98325012399994,30.211171199000034],[-88.98350870699994,30.21230580300005],[-88.98362779899998,30.212808205000044],[-88.98379238799998,30.213503108000054],[-88.98488451699995,30.217988226000045],[-88.98531658899998,30.21976273300004],[-88.98531858899997,30.219770733000075],[-88.98583045599997,30.22187294200006],[-88.98624361299994,30.22367167400006],[-88.98696708099999,30.22692696200005],[-88.98697587999999,30.226966462000064],[-88.98699287899996,30.227036462000058],[-88.98787621899999,30.231203079000068],[-88.98801920999995,30.231845081000074],[-88.98809690499996,30.232180683000024],[-88.98913073799997,30.236644500000068],[-88.98913833799998,30.236686400000053],[-88.98913873799995,30.23668850000007],[-88.98966940299994,30.239073010000027],[-88.98998518199994,30.24049181500004],[-88.99019276899998,30.241424219000066],[-88.99030556199995,30.241930921000062],[-88.99167357399995,30.248077545000058],[-88.99169057299997,30.24814754500005],[-88.99170847099998,30.248229846000072],[-88.99416637599995,30.25951981000003],[-89.00929963799996,30.27738399200007],[-89.01003030099997,30.278246413000033],[-89.01050437699996,30.27880602600004],[-89.01601709899995,30.285313581000025],[-89.01602029899999,30.285317382000073],[-89.01604129799995,30.285343382000065],[-89.03393307799996,30.30672009700004],[-89.04403195399999,30.318383786000027],[-89.04437893599999,30.318794596000032],[-89.05946663799995,30.336659551000025],[-89.05946662999997,30.337323351000066],[-89.06674354099994,30.34584116600007],[-89.07675900199996,30.35740626100005],[-89.07689627199994,30.35722145300008],[-89.07718308399996,30.35751116700004],[-89.07728618199997,30.357336565000026],[-89.07938662699996,30.35509374700007],[-89.08268173999994,30.351640119000024],[-89.08294113299996,30.351363217000028],[-89.08297223299996,30.351329917000044],[-89.08316662799996,30.351122415000077],[-89.08307813299996,30.350996312000063],[-89.08306553299997,30.350981412000067],[-89.08220986699996,30.350067704000026],[-89.08220987899995,30.350067687000035],[-89.08139912199994,30.349201965000077],[-89.08131342599995,30.349100862000057],[-89.06559247299998,30.330542793000063],[-89.06391576199997,30.32856364400004],[-89.05946669899998,30.323311613000044],[-89.05946669799994,30.323321513000053],[-89.04370992599996,30.304724253000074],[-89.04366672799995,30.304673252000043],[-89.02001174199995,30.27674467500003],[-89.01578326599997,30.271754136000027],[-89.00631272999999,30.260570891000043],[-89.00565846299997,30.259798373000024],[-89.00564246299996,30.259779472000048],[-89.00501979399996,30.259044155000026],[-89.00479001299999,30.25806903700004],[-89.00478891299997,30.258064337000064],[-89.00477741399999,30.258015536000073],[-89.00444034199995,30.256584910000072],[-88.99953527999998,30.235766915000056],[-88.99953107999994,30.235749014000078],[-88.99693813999994,30.224744172000044],[-88.99655446399998,30.22309926500003],[-88.99655106399996,30.223084865000033],[-88.99582870999996,30.22003555300006],[-88.99582280999994,30.22001545300003],[-88.99524034399997,30.218043445000035],[-88.99512814999997,30.21766374300006],[-88.99502875599995,30.217327242000067],[-88.99501035699996,30.217248942000026],[-88.99328926699997,30.209939313000064],[-88.99327940299997,30.209897418000025],[-88.99313317699995,30.20927621000004],[-88.99301455899996,30.208772508000038],[-88.99426969499996,30.208807082000078],[-88.99537496699998,30.213557829000024],[-88.99542516599996,30.213520129000074],[-88.99627041199994,30.21710774400003],[-88.99630244299999,30.21728854500003],[-88.99640380299996,30.217860846000065],[-88.99649219699995,30.218359648000046],[-88.99675977699997,30.21987005400007],[-88.99676197699995,30.219882754000025],[-88.99761852399996,30.223517168000058],[-88.99767101999998,30.223739969000064],[-88.99877446699998,30.228422112000032],[-89.00038425199995,30.23525281700006],[-89.00337616399997,30.24794848600004],[-89.00512812899996,30.255382996000037],[-89.00619286599994,30.257632142000034],[-89.00758448599998,30.26031259800004],[-89.00803355899995,30.261213716000043],[-89.03445442099996,30.292409563000035],[-89.04209552599997,30.301431683000033],[-89.04487608199997,30.30471476300005],[-89.05088106799997,30.311809638000057],[-89.05100076099995,30.311951041000043],[-89.06473193599999,30.32814974400003],[-89.06628385299996,30.329980490000025],[-89.07655530099998,30.34209759600003],[-89.07682458699998,30.342415404000064],[-89.07887657599997,30.344836065000038],[-89.07961063599998,30.345702087000063],[-89.07992072499997,30.34558168800004],[-89.08153386799995,30.345100095000078],[-89.08769936899995,30.343170301000043],[-89.08958356599999,30.343938552000054],[-89.08970626099995,30.34400895400006],[-89.08969766099995,30.343997754000043],[-89.08936107999995,30.34355854300003],[-89.08939937699995,30.343654145000073],[-89.08910349499996,30.343212335000032],[-89.08741298499996,30.341357586000072],[-89.08563713099994,30.33930440000006],[-89.07400100699994,30.325583987000073],[-89.07316525199997,30.324598562000062],[-89.06094629699999,30.31046740800008],[-89.06087030099997,30.310369405000074],[-89.05946677499998,30.308697279000057],[-89.05946678499998,30.30781724900004],[-89.05596856799997,30.30374234800007],[-89.04567350499997,30.291582849000065],[-89.04408178699998,30.289702804000058],[-89.03902174699994,30.283768359000078],[-89.03833838199995,30.28296694000005],[-89.02643798799994,30.26901020300005],[-89.01515765199997,30.25590709000005],[-89.01476477399996,30.254255369000077],[-89.01449420799997,30.25301373600007],[-89.00907536499994,30.22982976700007],[-89.00626794199997,30.21781830100008],[-89.00565478099998,30.215193687000067],[-89.00478813499996,30.211484167000037],[-89.00400808499995,30.208145149000075],[-89.00390839099998,30.207718447000047],[-89.00389539199995,30.207670446000066],[-89.00386789399994,30.207552946000078],[-89.00369410499997,30.206808742000078],[-89.00366740599998,30.206694441000025],[-89.00366340699998,30.20666944100003],[-89.00363000899995,30.206529140000043],[-89.00344841999998,30.205766436000033],[-89.00344341999994,30.205740436000042],[-89.00328952999996,30.205081533000055],[-89.00207020699997,30.19986080500007],[-89.00142750899994,30.19731073500003],[-89.00138354899997,30.197121491000075],[-89.00119805199995,30.19632292500006],[-88.99889225199996,30.18628902200004],[-88.99898121099994,30.185482638000053],[-88.99878321999995,30.18523503700004],[-88.99363445699998,30.178795604000072],[-88.98820520999999,30.172005468000066],[-88.98817861199996,30.17197206800006],[-88.98604851199997,30.169308154000078],[-88.98478427199996,30.167726946000073],[-88.98477067299996,30.167709846000037],[-88.98434479299999,30.16717734300005],[-88.98392891299994,30.16665714000004],[-88.98378641999994,30.166479039000023],[-88.98370582399997,30.166378139000074],[-88.97822708699994,30.159526002000064],[-88.97816868999996,30.159453102000043],[-88.97774301099997,30.158920599000055],[-88.97239607299997,30.15223336300005],[-88.96816168299995,30.14693743400005],[-88.96659446099994,30.14497752300008],[-88.95827908299998,30.134577566000075],[-88.95471426699999,30.130119240000056],[-88.94943034299996,30.12351070300008],[-88.94821100699994,30.121985594000023],[-88.94310657799997,30.11560165700007],[-88.94022903199999,30.11200273600008],[-88.94021289499995,30.094979471000045],[-88.93996380799996,30.09498559700006],[-88.93996380499999,30.09497987000003],[-88.93949080399995,30.094997230000047],[-88.89922034299997,30.095987669000067],[-88.52356541099994,30.109902756000054],[-88.40422453399998,29.998441481000043],[-88.36934293599995,29.965863312000067],[-88.35171985699998,29.94940395800006],[-88.34662820999995,29.94511785800006],[-88.42982181999997,29.881669904000034],[-88.51988855799999,29.81298014200007],[-88.62617729999994,29.73191750600006],[-88.67499776799997,29.694682915000044],[-88.67502766599995,29.69466010800005],[-88.67502766999996,29.694892421000077],[-88.73007706699997,29.652947707000067],[-88.73268831199994,29.650957986000037],[-88.76415285299998,29.624481610000032],[-88.77545895999998,29.614967704000037],[-88.79023522799997,29.60253380900008],[-88.82960320299998,29.569406483000023],[-88.91171793199999,29.500308965000045],[-88.91288205599994,29.49943692900007],[-88.91291615399996,29.499411327000075],[-88.91310584099995,29.499208718000034],[-88.91857567899996,29.494654398000023],[-88.91874266799994,29.49451539200004],[-88.91927243299995,29.494074370000078],[-88.93012071499999,29.48504193100007],[-88.93785609699995,29.478291401000035],[-88.94810851399995,29.46964567300006],[-88.94926093699996,29.46868392500005],[-88.94990369399994,29.468142498000077],[-88.95007868199997,29.46799499100007],[-88.95132239599997,29.466947376000064],[-88.96662947799996,29.454144751000058],[-88.96662947999994,29.45426740100004],[-88.96662948799997,29.45478922500007],[-88.96662977899996,29.47231983900008],[-88.96663031899999,29.504902645000072],[-88.98237317299998,29.49173440000004],[-88.99554469299994,29.480716846000064],[-88.99863258699997,29.478133816000025],[-89.02563118899997,29.455550548000076],[-89.03174928599998,29.45043301000004],[-89.04757512699996,29.458551018000037],[-89.05548329799996,29.462607543000047],[-89.05793512599996,29.463865181000074],[-89.05928448699996,29.464557402000025],[-89.06268678699996,29.466302555000027],[-89.06620208399994,29.468105809000065],[-89.09228000599995,29.48148259900006],[-89.09644287999998,29.48361795900007],[-89.10389375399996,29.487439966000068],[-89.10810442499996,29.489599826000074],[-89.11073854399996,29.490951063000068],[-89.11409464099995,29.492672610000056],[-89.12238328499996,29.496924225000043],[-89.12610296899999,29.49883227600003],[-89.13259209099994,29.503375255000037],[-89.14718419699994,29.513590985000064],[-89.14913314499995,29.514955202000067],[-89.16320276499994,29.524803931000065],[-89.16537920599995,29.526327351000077],[-89.16640177799997,29.52704336000005],[-89.26048955799996,29.59292216600005],[-89.26074715099998,29.593102568000063],[-89.27168837299996,29.600763355000026],[-89.30503218199999,29.624003437000056],[-89.30622784999997,29.624947251000037],[-89.32017145899994,29.634733779000044],[-89.34622429999996,29.65295233200004],[-89.34663038799994,29.65323663600003],[-89.36446234599998,29.665722320000043],[-89.36666307799999,29.667263243000036],[-89.37472292899997,29.67314853700003],[-89.38554448599996,29.68078975700007],[-89.38867590999996,29.675687981000067],[-89.38929727499999,29.67467554500007],[-89.37704676199996,29.666083512000057],[-89.36925140399995,29.660626329000024],[-89.36666298199998,29.658679998000025],[-89.35161873599998,29.648078542000064],[-89.34300848999999,29.642011056000058],[-89.34288549599995,29.64209985900004],[-89.34263660599999,29.64215916300003],[-89.34242171299996,29.642050462000043],[-89.34199182599997,29.64181326000005],[-89.34152804199994,29.641635360000066],[-89.34127924999996,29.641566260000047],[-89.34097376299997,29.641684766000026],[-89.34066837599994,29.641793472000074],[-89.34051008099999,29.641734272000065],[-89.34051007599999,29.641279660000066],[-89.34040817599998,29.640993053000045],[-89.34022728199994,29.640904152000076],[-89.34003488999997,29.64093375500005],[-89.33980869999994,29.64111166200007],[-89.33946171499997,29.641277170000023],[-89.33560832799998,29.638588533000075],[-89.33664138899996,29.638601623000056],[-89.33675458199997,29.638384216000077],[-89.33700337199997,29.638295311000036],[-89.33743465499998,29.638289206000024],[-89.33770474499994,29.638285403000054],[-89.33772544399994,29.63828820300006],[-89.32867110499996,29.631907816000023],[-89.31138858899999,29.61972925400005],[-89.31011632399998,29.61885624300004],[-89.30464767299998,29.61497899400007],[-89.27790208299996,29.59630086900006],[-89.27096661099995,29.591457414000047],[-89.27120665099994,29.59145741100008],[-89.26576278899995,29.58767406900006],[-89.26571568999998,29.58764136900004],[-89.24728025299999,29.57482922400004],[-89.22374718899994,29.558324984000024],[-89.20078450899996,29.542227758000024],[-89.18893452899994,29.533888443000023],[-89.18267809699995,29.529485583000053],[-89.18003506899998,29.527625558000068],[-89.17793312599997,29.526164339000047],[-89.17563128799998,29.524564118000058],[-89.17043852899997,29.52095417000004],[-89.16086648799995,29.51429978300007],[-89.15747197999997,29.511940053000046],[-89.15564272899996,29.510668337000027],[-89.14040934099995,29.500026301000048],[-89.13673324699994,29.49745812200007],[-89.12960445099998,29.492427965000047],[-89.11544688699996,29.485177768000028],[-89.08960016499998,29.47170468300004],[-89.08731273299998,29.470512348000057],[-89.06915176699994,29.460989862000076],[-89.06715922499995,29.45994503000003],[-89.06602635799999,29.45935101200007],[-89.06478809399994,29.458678991000056],[-89.06132419299996,29.456799232000037],[-89.06007852899995,29.456123211000033],[-89.05499567399994,29.45336482400006],[-89.05384590199998,29.45246829100006],[-89.05383640199994,29.452460891000044],[-89.04109131399997,29.442517329000054],[-89.03908716299998,29.440953671000045],[-89.03648212499996,29.43892029600005],[-89.03648182499995,29.43892009600006],[-89.03508095899997,29.43782615500004],[-89.03435297599998,29.43725693400006],[-89.02255475499999,29.428031688000033],[-89.00561684599995,29.41484438300006],[-89.00159043699995,29.41171956200003],[-89.00008497099998,29.410551216000044],[-89.00005308099998,29.410550648000026],[-88.99970068599998,29.41027490500005],[-88.99829205999998,29.410236610000027],[-88.99313963199995,29.41009662700003],[-88.95506554599996,29.40906235400007],[-88.94054196999997,29.375443682000025],[-88.90510196099996,29.294079219000025],[-88.88658637199995,29.25054982000006],[-88.87926471799994,29.233601586000077],[-88.87168778699998,29.21672675900004],[-88.84895148399994,29.16343136300003],[-88.82599536699996,29.11029194200006],[-88.80910195099995,29.071186434000026],[-88.85247695599998,29.04633671000005],[-88.89557277899996,29.021709601000055],[-88.92101050499997,29.007288963000065],[-88.92582826399996,29.00462884600006],[-88.93872367199998,28.997508528000026],[-88.97183143999996,28.978478662000043],[-88.99032377099996,28.96776217200005],[-88.99476960799996,28.965324059000068],[-88.99858936999999,28.96316936000005],[-89.01324323199998,28.954907527000046],[-89.03478536399996,28.963959656000043],[-89.03834821899994,28.965515680000067],[-89.04419297999999,28.968069719000027],[-89.06760812299996,28.978309076000073],[-89.07153096299999,28.98002460200007],[-89.07170785499994,28.980101903000048],[-89.07185934899996,28.98016870400005],[-89.07223383399997,28.980333907000045],[-89.08583717399995,28.986375803000044],[-89.08841116799994,28.987519021000026],[-89.09049938199996,28.988445936000062],[-89.09493499899997,28.99041496700005],[-89.10293956899994,28.993968124000048],[-89.10596244399994,28.995307145000027],[-89.10785136599998,28.99615705900004],[-89.11230318199995,28.99815999200007],[-89.11564414399999,28.999642916000028],[-89.11666460299995,29.000102123000033],[-89.11803105999996,29.000634430000048],[-89.11891433299996,29.000971435000054],[-89.12081687299997,29.001641242000062],[-89.12266481499995,29.002362152000046],[-89.12266481499995,29.00236225200007],[-89.12277966399995,29.002407276000042],[-89.12196963099996,29.00317708800003],[-89.12278777699998,29.002410457000053],[-89.12291530699997,29.002460453000026],[-89.12330849499995,29.002608355000064],[-89.12620113099996,28.99976562300003],[-89.13486750899995,28.991240429000072],[-89.13629670199998,28.989934667000057],[-89.13656089699998,28.98983226100006],[-89.13656249699994,28.989835261000053],[-89.13656969699997,28.989832661000037],[-89.13663969699996,28.98976465800007],[-89.13683679299999,28.989696253000034],[-89.13657957099997,28.989517272000057],[-89.13667790499994,28.989416645000063],[-89.13647151399994,28.98930714200003],[-89.13626139999997,28.989195632000076],[-89.13739164499998,28.988178195000046],[-89.13774459299998,28.98869730800004],[-89.13783169299995,28.98861360400008],[-89.13792732599995,28.98852040500003],[-89.13805068599999,28.988660804000062],[-89.13897137199996,28.98815387700006],[-89.13978756099993,28.98770455300007],[-89.14012165599996,28.987520543000073],[-89.14015325599996,28.987503142000037],[-89.13995936399994,28.98738583900007],[-89.13942944899998,28.98706538700003],[-89.13945368799995,28.987042531000043],[-89.13922089899995,28.986902628000053],[-89.13897374599998,28.986754002000055],[-89.13952340799995,28.986259202000042],[-89.12594164499995,28.977969717000065],[-89.12750920699995,28.977108775000033],[-89.12758110599998,28.97706927300004],[-89.14182510299997,28.96924485100004],[-89.14024337699999,28.96858698500006],[-89.14086235899998,28.968223223000052],[-89.11653984499998,28.957979172000023],[-89.11360266399998,28.956725653000035],[-89.09352007599995,28.948283831000026],[-89.07401666299995,28.940069513000026],[-89.05351405099998,28.931434335000063],[-89.09051018299994,28.910421168000028],[-89.11291187899997,28.89775948700003],[-89.12825767099997,28.88912602100004],[-89.15145035899997,28.87608531500007],[-89.17550804299998,28.86239157400007],[-89.18308994399996,28.85807434000003],[-89.18520091599999,28.85687527500005],[-89.18685489399996,28.855934224000066],[-89.18770428299996,28.855446997000058],[-89.18773478299994,28.855429496000056],[-89.20889650899994,28.843388841000035],[-89.22277022999998,28.835491211000033],[-89.22941534499995,28.83170790400004],[-89.24404305899998,28.823380849000046],[-89.24413615699996,28.823327746000075],[-89.24421715599999,28.82328144300004],[-89.27694821199998,28.804651182000043],[-89.34419725699996,28.766651655000032],[-89.34278286199998,28.766651680000052],[-89.34355797499995,28.766213452000045],[-89.37018738699999,28.75115791500008],[-89.38065016099995,28.766219817000035],[-89.38094970299994,28.766651026000034],[-89.38004376199996,28.766651041000046],[-89.40981399299994,28.808641799000043],[-89.41060826699999,28.80976221800006],[-89.41180162799998,28.811445846000026],[-89.41312558499999,28.813315877000036],[-89.41317457599996,28.813872892000063],[-89.41317396499994,28.81457271000005],[-89.41268724399998,28.842217954000034],[-89.41266312299996,28.84358529600007],[-89.41266282299995,28.843603096000038],[-89.40955180699996,28.852586432000066],[-89.40137248499997,28.876037920000044],[-89.39622856799997,28.89078648800006],[-89.39697349499994,28.89079176200005],[-89.39671345299996,28.891550601000063],[-89.40814840299998,28.891514339000025],[-89.42115403899999,28.891745771000046],[-89.42686438299995,28.901051094000024],[-89.42808784999994,28.90304472400004],[-89.42870310599994,28.904047314000024],[-89.42889512699998,28.904472548000058],[-89.42896132599998,28.904550848000042],[-89.42891812699997,28.90451224800006],[-89.42913612099994,28.904876254000044],[-89.42919311999998,28.904912254000067],[-89.42942511699994,28.90504425200004],[-89.42975977899994,28.90523739500003],[-89.42992340899997,28.905497654000044],[-89.43004114399997,28.905399637000073],[-89.43134805699998,28.90648138000006],[-89.43133908999994,28.906488549000073],[-89.43145338199997,28.90656855800006],[-89.43434714599994,28.908963751000044],[-89.43448960399996,28.90869365700007],[-89.43507324199999,28.909102138000037],[-89.43539493299994,28.908492496000065],[-89.43549004899995,28.908537212000056],[-89.43691788099994,28.90583900000007],[-89.43839981399998,28.902994283000055],[-89.43846991599997,28.902873378000038],[-89.43995434699997,28.900128464000034],[-89.44833331699994,28.884365222000042],[-89.45104276999996,28.879060911000067],[-89.45147237799995,28.878214977000027],[-89.45146288099994,28.877935869000055],[-89.45147238299995,28.877791365000064],[-89.45147238699997,28.877492095000036],[-89.45148648799994,28.877431355000056],[-89.45147243399998,28.87370885000007],[-89.45149795599997,28.871960799000078],[-89.45143964599998,28.856815372000028],[-89.45144057699997,28.85431310100006],[-89.45143173299994,28.849826174000043],[-89.45147282599999,28.842397963000053],[-89.45146184599997,28.840842919000067],[-89.45144593999999,28.833301706000043],[-89.45226744399997,28.832386463000034],[-89.45260914599999,28.83200574600005],[-89.45273124699997,28.83186973900007],[-89.47098500799996,28.81154271500003],[-89.48362901799999,28.79748909500006],[-89.50041297699994,28.778896307000025],[-89.50721375699999,28.771395126000073],[-89.51127262899996,28.766649010000037],[-89.51005276599994,28.76664900700007],[-89.51041716899994,28.766242197000054],[-89.52368515499995,28.751430234000054],[-89.52651827199998,28.748267465000026],[-89.53261239999995,28.74146422900003],[-89.53265429899994,28.741417428000034],[-89.54273901899995,28.730159404000062],[-89.56162990299998,28.70907038300004],[-89.58679323799998,28.680979121000064],[-89.60215714299994,28.66382747600005],[-89.62776320499995,28.63524220100004],[-89.68446838099999,28.571939220000047],[-89.69715580099995,28.55777553200005],[-89.70001683899994,28.55458156700007],[-89.70001682399999,28.55559168900004],[-89.70006382299994,28.555540688000065],[-89.70137599499998,28.554071658000055],[-89.70379124299996,28.551368203000038],[-89.70442292899997,28.55066038900003],[-89.70464302499994,28.55038998300006],[-89.70634768799994,28.54850554500007],[-89.71174967299999,28.54245902200006],[-89.71769394699999,28.535805586000038],[-89.71972600499998,28.53353104000007],[-89.72459480299995,28.528081229000065],[-89.72461730299995,28.52805612800006],[-89.72746724299998,28.52491116400006],[-89.72890351299998,28.523326332000067],[-89.73259653699995,28.519251048000058],[-89.74012198199995,28.51094677900005],[-89.75997659699999,28.488474393000047],[-89.78082520099997,28.46512586500006],[-89.78369774699996,28.461908919000052],[-89.78682138799996,28.458410669000045],[-89.80177080899995,28.441668728000025],[-89.80180280799999,28.44163672800005],[-89.80119061099998,28.441636723000045],[-89.80120333099995,28.441622523000035],[-89.80487116299997,28.437527964000026],[-89.88402003899995,28.349170833000073],[-89.88470175799995,28.374431276000053],[-89.88497746299998,28.384644196000067],[-89.88612904899998,28.427312715000028],[-89.88635898599995,28.435831698000072],[-89.88651537599998,28.44162722300007],[-89.89081966799995,28.601104596000027],[-89.88931076299997,28.610981408000043],[-89.88058625799994,28.66809083000004],[-89.87575882799996,28.699690404000023],[-89.87365168399998,28.713483998000072],[-89.86443305599994,28.77382768900003],[-89.86141684899997,28.79357120000003],[-89.85775049599994,28.81757082400003],[-89.85822441199997,28.817822497000066],[-89.85798515499994,28.819467478000035],[-89.89739794099995,28.83948601900005],[-89.89742383999999,28.83949911900004],[-89.90175377499997,28.832872575000067],[-89.90399014199994,28.829450101000077],[-89.91635185599995,28.810531897000033],[-89.91639345499999,28.810468195000055],[-89.91623467099998,28.810387158000026],[-89.91657915699994,28.80987808100008],[-89.91653766999997,28.80985634900003],[-89.91660465799998,28.809755378000034],[-89.91584149599998,28.809308160000057],[-89.91061245699996,28.806243738000035],[-89.90482973599995,28.803199359000075],[-89.90537438399997,28.76272674100005],[-89.90869162599995,28.740054705000034],[-89.91108030499998,28.72372835400006],[-89.91157114099997,28.720373882000047],[-89.91166434799999,28.719736768000075],[-89.91347168399994,28.707381902000066],[-89.91692194399997,28.68380309300005],[-89.91844336199995,28.67320886400006],[-89.91933522599999,28.66730913600003],[-89.92035860499999,28.66022358300006],[-89.92184691699998,28.65014536500007],[-89.92592952799998,28.62223976000007],[-89.92663758199996,28.617400455000052],[-89.92741164099994,28.61210994000004],[-89.92891115599997,28.601861217000078],[-89.92873067499994,28.595278165000025],[-89.92863483799994,28.59178548400007],[-89.92842037999998,28.58396510400007],[-89.92832324399996,28.58042262200007],[-89.92816844599997,28.57477859100004],[-89.92787254099994,28.563986342000078],[-89.92784385899995,28.562939818000075],[-89.92773193299996,28.558860723000066],[-89.92766607699997,28.556458968000072],[-89.92758922699994,28.553654403000053],[-89.92753075899998,28.55194076300006],[-89.92752726299994,28.551679757000045],[-89.92742673399994,28.547728266000036],[-89.92742173699997,28.547547262000023],[-89.92739175699995,28.546454037000046],[-89.92729232299996,28.54277765200004],[-89.92722186099996,28.54074050400004],[-89.92719807399999,28.540013988000055],[-89.92715430999993,28.537976041000036],[-89.92710244699998,28.535904693000077],[-89.92700601099995,28.532388512000068],[-89.92630137399999,28.50669411800004],[-89.92604684499997,28.497413607000055],[-89.92586437399996,28.49075926200004],[-89.92577083999998,28.487346887000058],[-89.92572047599998,28.48550964700007],[-89.92569099699995,28.48443372400004],[-89.92561475099996,28.481653563000066],[-89.92550282999997,28.477545873000054],[-89.92547354999994,28.47650825100004],[-89.92462624899997,28.445603277000032],[-89.92452212199998,28.441807594000068],[-89.92451712499997,28.441637590000028],[-89.92434715399997,28.441637589000038],[-89.92434693199993,28.441629289000048],[-89.92422012399999,28.43688678500007],[-89.92403485799997,28.429959635000046],[-89.92333975999998,28.40396776800003],[-89.92077281199994,28.307981279000046],[-89.92646791699997,28.301577475000045],[-89.92734580299998,28.300590459000034],[-89.94793286299995,28.277441680000038],[-89.95453605599994,28.27001685700003],[-90.00296420599994,28.215563046000057],[-90.00302190599996,28.215498145000026],[-90.00563808399994,28.212556496000047],[-90.03053198399994,28.184565333000023],[-90.13127994299998,28.071282473000053],[-90.15403209099998,28.045699511000066],[-90.15748076899996,28.041821741000035],[-90.16692148199996,28.041125873000055],[-90.20036926699999,28.03866038800004],[-90.20146333399998,28.03857969200004],[-90.20956668799994,28.037982319000037],[-90.23101883699997,28.03640099200004],[-90.23431793699996,28.036157803000037],[-90.24993856399999,28.035006356000054],[-90.29091934099995,28.033033458000034],[-90.33682131099994,28.029697546000023],[-90.37071300199995,28.027234410000062],[-90.55338098899995,28.013958786000046],[-90.55682500199998,28.013708488000077],[-90.61437034699998,28.009526222000034],[-90.62045239299994,28.009084225000038],[-90.62558346299994,28.00871132900005],[-90.64340001199997,28.007416540000065],[-90.64441438599994,28.00734274000007],[-90.67037672899994,28.005455857000072],[-90.67925800399996,28.004810462000023],[-90.69996667899994,28.00330537600007],[-90.75563844899995,28.000121033000028],[-90.75728800699994,27.999992234000047],[-90.91457657699999,27.987708230000067],[-90.91674592199996,27.987550532000057],[-90.93478356799994,27.98623964400008],[-90.94437162699995,27.985542851000048],[-90.95586303699997,27.984707659000037],[-90.99796947599998,27.98164748800008],[-91.00757452799996,27.98094939300006],[-91.00973027199996,27.980792794000024],[-91.01431795299999,27.98045929600005],[-91.03106421699994,27.979242304000024],[-91.22914526599999,27.964846281000064],[-91.35622910399996,27.95561008100003],[-91.39506861099994,27.952787241000067],[-91.47312581599994,27.947114157000044],[-91.51944257099996,27.943747865000034],[-91.54474227599997,27.94190908400003],[-91.54512106699997,27.941881583000054],[-91.65632004899999,27.93379952500004],[-91.65711082999997,27.933742022000047],[-91.70253306099994,27.93044077500008],[-91.72579531299994,27.928750000000036],[-91.73255805399998,27.928258478000032],[-91.78754492399997,27.924261914000056],[-91.88924140099994,27.916870354000025],[-91.91801167099999,27.91477919600004],[-91.93825362699994,27.913307985000074],[-91.94523887399998,27.912800246000074],[-91.94807081199997,27.91259443100006],[-91.98183427099997,27.91014044600007],[-91.98186996999999,27.910137846000055],[-91.98222356299999,27.91011214400004],[-92.08262426599998,27.902814531000047],[-92.14939169999997,27.897961637000037],[-92.20374680199996,27.894010835000074],[-92.24913629999998,27.890711701000043],[-92.29699068799994,27.88723338400007],[-92.29892524299999,27.88709276700007],[-92.32700678799995,27.88505162200005],[-92.40423198299999,27.879438450000066],[-92.40765490199999,27.879189621000023],[-92.50301065699995,27.872258594000073],[-92.51096555599997,27.871680320000053],[-92.51209312799995,27.871598409000057],[-92.55460945399994,27.868508014000042],[-92.55981852199994,27.868129365000073],[-92.56057698399997,27.86902488100003],[-92.56406920799998,27.87314805500006],[-92.58495175899998,27.89780309400004],[-92.60491336499996,27.921370910000064],[-92.62870358999999,27.94945890200006],[-92.62990553099996,27.950878127000067],[-92.70242677899995,28.036500542000056],[-92.71930605599994,28.05642904700005],[-92.73611664199996,28.07627654600003],[-92.77389639599994,28.120881213000075],[-92.78493097299997,28.13307468800008],[-92.80757408399995,28.159354970000038],[-92.81681963599999,28.170439332000058],[-92.81897603299996,28.172965968000028],[-92.81993828699996,28.174093584000047],[-92.82514963799997,28.180199772000037],[-92.85497612199998,28.215439273000072],[-92.87857892499994,28.242804052000054],[-92.92617091699998,28.298568530000068],[-92.92694707899994,28.299478041000043],[-92.92701517599994,28.29955784200007],[-92.95504613299994,28.332402216000048],[-92.96170061699996,28.340199403000042],[-92.96830400499994,28.34793668800006],[-92.97028201099994,28.350252113000067],[-92.98657124599998,28.369319720000078],[-93.02728303899994,28.416975783000055],[-93.08789327599999,28.487924244000055],[-93.11986402399998,28.52534815300004],[-93.12847593399994,28.53542895700008],[-93.14518588399994,28.554989057000057],[-93.18435246399997,28.600836015000027],[-93.18701164899994,28.60394864500006],[-93.18794916499996,28.65572822000007],[-93.18818631599999,28.66882404100005],[-93.18999256399997,28.768584024000063],[-93.19018438599994,28.779176002000042],[-93.19046192799999,28.794502860000023],[-93.19254059999997,28.909296089000065],[-93.19269115999998,28.917609628000037],[-93.19273741699999,28.920161071000052],[-93.19425174699995,29.003787485000032],[-93.19621879199997,29.112367215000063],[-93.19657152099995,29.131836897000028],[-93.19791526899996,29.20601325100006],[-93.19810317799994,29.216384455000025],[-93.20062259299999,29.355369980000035],[-93.20233402999997,29.44976491700004],[-93.20293078599997,29.449764911000045],[-93.20321679999995,29.46463405700007],[-93.20323030399999,29.46533837900006],[-93.20342165899996,29.475286077000078],[-93.20351932499995,29.480363391000026],[-93.20409521199997,29.51877657400007],[-93.20412814799994,29.520970574000046],[-93.22343133899994,29.541002510000055],[-93.24459863099997,29.562968832000024],[-93.26766009299996,29.586900787000047],[-93.26786275999996,29.587111866000043],[-93.28628441599994,29.606269403000056],[-93.28838582199995,29.608454687000062],[-93.29512514099997,29.615485955000054],[-93.30378284799997,29.62451863800004],[-93.30800829799995,29.63586138000005],[-93.32017597699996,29.66852416200004],[-93.32222229599995,29.67401729000005],[-93.32473371999998,29.680843081000035],[-93.32679958499995,29.68645791700004],[-93.32766510399995,29.69405333000003],[-93.32876286099997,29.704214705000027],[-93.32941645199998,29.710062464000032],[-93.32942275299996,29.710118866000073],[-93.33092844499998,29.72359096200006],[-93.33210533399995,29.734601050000038],[-93.33255359399999,29.738452420000044],[-93.33328358999995,29.74472419700004],[-93.33342700899999,29.745956351000075],[-93.33345407899998,29.746188948000054],[-93.33396256599997,29.750738760000047],[-93.33398335599998,29.750736862000053],[-93.33402756199996,29.75111677500007],[-93.33899208699995,29.75064360600004],[-93.34026056699997,29.750522689000036],[-93.34035236599999,29.750513987000033],[-93.34066026099998,29.750484683000025],[-93.34102835599998,29.75044957800003],[-93.34133135099995,29.750420774000077],[-93.34062329699998,29.746080586000062],[-93.34043077999996,29.744900235000046],[-93.34041617899999,29.74481053100004],[-93.34038937599996,29.744646424000052],[-93.33937136199995,29.74285835300003],[-93.33849808399998,29.73753712100006],[-93.33752319699994,29.73159686200006],[-93.33366665099999,29.708090035000055],[-93.33157176399999,29.69532087600004],[-93.33157166399997,29.695320276000075],[-93.32913094499997,29.68046272500004],[-93.32727037799998,29.669136628000047],[-93.32628678899994,29.66314886500004],[-93.32383296899997,29.648211208000077],[-93.32107571999995,29.631421568000064],[-93.32084209899995,29.62999930600006],[-93.32073868999998,29.629369378000035],[-93.32065558599999,29.629011517000038],[-93.32059877999995,29.628659947000074],[-93.32056267599995,29.62843633700004],[-93.32048547499994,29.628278988000034],[-93.32041867099997,29.627991318000056],[-93.32018766399995,29.627395293000063],[-93.31988065499996,29.62658925900007],[-93.31922964299997,29.625295205000043],[-93.31870963399996,29.624347166000064],[-93.31791862799997,29.623287125000047],[-93.29624354299995,29.599358407000068],[-93.29421703499997,29.597121221000066],[-93.25866768599997,29.557875585000033],[-93.24573186399994,29.543594625000026],[-93.24526656599994,29.543095806000053],[-93.23564554499995,29.53245990100004],[-93.23307621599997,29.529619497000056],[-93.23307618899997,29.529619514000046],[-93.22753613999998,29.523495067000056],[-93.22446663199997,29.518889284000068],[-93.22436262599996,29.518381162000026],[-93.22332496299998,29.513311239000075],[-93.22270651299999,29.475205784000025],[-93.22265049499998,29.471754580000038],[-93.22259497799996,29.46833127700006],[-93.22229645199997,29.44993405200006],[-93.22456753399996,29.449914200000023],[-93.22481040899999,29.44991200000004],[-93.22511552199995,29.468686863000073],[-93.22516123599996,29.471502248000036],[-93.22522185499997,29.47522936000007],[-93.22583870099999,29.513183509000044],[-93.22586630999996,29.51374483400008],[-93.22606493199999,29.515292104000025],[-93.22670125399998,29.517445697000028],[-93.22710266199994,29.518408737000073],[-93.22794966699996,29.51990039700007],[-93.22942766999995,29.522036582000055],[-93.23007406699998,29.522751308000068],[-93.24729149599995,29.541787327000065],[-93.24729089599998,29.54178772700004],[-93.24733070299999,29.541831701000035],[-93.24924828899998,29.544002012000078],[-93.26107373599996,29.557091531000026],[-93.32077634899997,29.623175864000075],[-93.32151659199997,29.624382145000027],[-93.32180759599999,29.624914167000043],[-93.32209860199998,29.625485190000063],[-93.32224360599997,29.625853206000045],[-93.32226513399996,29.625906083000075],[-93.32295003999997,29.628461018000053],[-93.32313564899994,29.629153348000045],[-93.32406364499997,29.634108094000055],[-93.32634392599994,29.64797317500006],[-93.32709114799997,29.652514834000044],[-93.32907597199994,29.66464380800005],[-93.33601379599997,29.707039765000047],[-93.34180931599997,29.742443310000056],[-93.34157775999995,29.744769718000043],[-93.34157635999998,29.744783418000054],[-93.34158676099997,29.744834620000063],[-93.34161316199999,29.744964426000024],[-93.34182217699998,29.745989270000052],[-93.34237882799994,29.74946432200005],[-93.34246233499994,29.74996284300005],[-93.34252663099994,29.749956978000057],[-93.34256633299998,29.750201653000033],[-93.34258253199994,29.750301457000035],[-93.34296522599999,29.750264951000077],[-93.34341931899996,29.750221745000033],[-93.34357141699996,29.750207243000034],[-93.34929732199998,29.74966156200003],[-93.34924525499997,29.74934369300007],[-93.34937831499997,29.749331547000054],[-93.34822151699996,29.742592754000043],[-93.34807290399999,29.74172711700004],[-93.34643756299994,29.73220109500005],[-93.34036366999999,29.695117122000056],[-93.33826332899997,29.681987612000057],[-93.33915920999999,29.67588932800004],[-93.34146880899999,29.660546114000056],[-93.34206863099996,29.656561429000078],[-93.34238478999998,29.65446133200004],[-93.34452891999996,29.640714093000042],[-93.34490847199999,29.63828058000007],[-93.34700807799999,29.635793927000066],[-93.34984430099996,29.632761970000047],[-93.34984431099997,29.633353916000033],[-93.35755255999999,29.625633305000065],[-93.37224897599998,29.622181029000046],[-93.39151010899997,29.61799476400006],[-93.39151023299996,29.625297210000042],[-93.39913941699996,29.625330949000045],[-93.39828109199999,29.617241596000042],[-93.39822328399998,29.616664171000025],[-93.39821002599996,29.616538587000036],[-93.56668225999994,29.579924379000033],[-93.56668226499994,29.58022331400008],[-93.58083953599998,29.577317072000028],[-93.59694127499995,29.573892546000025],[-93.60760370299994,29.57161386100006],[-93.61606086599994,29.56980645300007],[-93.62471392699996,29.56795724600005],[-93.63920089399994,29.56488070200004],[-93.65104090399996,29.562366230000066],[-93.65112850199995,29.56228962800003],[-93.68330568999994,29.555545478000056],[-93.71652928899994,29.548414440000045],[-93.76145706799997,29.586489622000045],[-93.77337024999997,29.596727741000052],[-93.77456931799998,29.597758303000035],[-93.77716504899996,29.599989037000057],[-93.77738581799997,29.599989040000025],[-93.78311438599997,29.60484393300004],[-93.78943044099998,29.61219634300005],[-93.79062501399994,29.613587021000058],[-93.79949622299995,29.625304159000052],[-93.80919290899999,29.638111856000023],[-93.80985560999994,29.63808262200007],[-93.81164754199995,29.640512296000054],[-93.81240712499994,29.641545552000025],[-93.81311650899994,29.642422400000044],[-93.81655563099997,29.647031351000066],[-93.81766208099998,29.646614148000026],[-93.82020826699994,29.645631441000035],[-93.82166530099994,29.645069136000075],[-93.82200148599998,29.644939735000037],[-93.82249486399996,29.644749734000072],[-93.82264845699996,29.644690533000073],[-93.82272405399999,29.644661433000067],[-93.82272695299997,29.644660333000047],[-93.82274765199998,29.64465133300007],[-93.82321143199994,29.644471232000058],[-93.82353751699998,29.644346131000077],[-93.82404189399995,29.644152529000053],[-93.82404219399996,29.64415242900003],[-93.82399129499998,29.644045924000068],[-93.82459296899998,29.64387802500005],[-93.82519454299995,29.643710026000065],[-93.82527253899997,29.64368822600005],[-93.82529133899999,29.643682926000054],[-93.82579711699998,29.643541827000035],[-93.82638649099994,29.643377328000042],[-93.82637559099999,29.643354427000077],[-93.82359247899996,29.63751390400006],[-93.82359908299998,29.63751362900007],[-93.82634489099996,29.643261022000047],[-93.82747464099998,29.64282521900003],[-93.82819720799995,29.64254601700003],[-93.82882757999994,29.642302415000074],[-93.83068629699994,29.641569109000045],[-93.83213033199996,29.641026105000037],[-93.83415224199996,29.640228698000044],[-93.83293973699995,29.635934992000045],[-93.83197103299995,29.632541830000036],[-93.82946801999998,29.623569300000042],[-93.82646000599999,29.613052896000056],[-93.82564599899996,29.61002035200005],[-93.82397518799996,29.604017465000027],[-93.82272228599999,29.59998887000006],[-93.82240839599996,29.599988866000047],[-93.82135958499998,29.595825068000067],[-93.82135288499995,29.595798367000043],[-93.82034687799995,29.592197595000073],[-93.81928236999994,29.588387113000067],[-93.81652444699995,29.586100974000033],[-93.81632345199995,29.58593296400005],[-93.80910764799995,29.579800594000062],[-93.80086636999994,29.57282467400006],[-93.79987089599996,29.571982123000055],[-93.79567200999998,29.568574915000056],[-93.78592426499995,29.56033841900006],[-93.78219436099994,29.55712122600005],[-93.77372957499995,29.549770787000057],[-93.77397535499995,29.54903175800007],[-93.77874607699994,29.534687895000047],[-93.77879107299998,29.534552690000055],[-93.77889806499996,29.534230877000027],[-93.79653196299995,29.530363050000062],[-93.79705164299997,29.530249152000067],[-93.81764922799994,29.52573123700006],[-93.82653547799998,29.523782174000075],[-93.83664888099997,29.521563916000048],[-93.83677263599998,29.521536772000047],[-93.97241282799996,29.492293432000054],[-93.98877862399996,29.479240247000064],[-93.99860896999996,29.471399673000064],[-94.00517846199995,29.46618234400006],[-94.01894079699997,29.45523780900004],[-94.03321312399999,29.44401326800005],[-94.03589289899998,29.441863066000053],[-94.04697548999997,29.43297074700007],[-94.06101386099994,29.421700224000062],[-94.07547222799997,29.410244701000067],[-94.09007160799996,29.398552178000045],[-94.10453001099995,29.386998670000025],[-94.11917142299995,29.375400169000045],[-94.13400684499999,29.363527667000028],[-94.14892528299998,29.35169117600003],[-94.16263678099995,29.340888736000068],[-94.17365038999998,29.332089385000074],[-94.18707692699996,29.321335963000024],[-94.20102346099998,29.310251537000056],[-94.21119013199996,29.302104229000065],[-94.22154980499994,29.293815921000032],[-94.22919356899996,29.287798700000053],[-94.22921906799996,29.28777819900006],[-94.24193318799996,29.27755533100003],[-94.24450081199996,29.275541859000043],[-94.25540985799995,29.266986941000027],[-94.27151128499997,29.253799240000035],[-94.27151128699995,29.25373138200007],[-94.27151128099996,29.25417585100007],[-94.31341293899999,29.22031700000008],[-94.31491563099996,29.219112720000055],[-94.37423732299999,29.171798628000033],[-94.39893494799998,29.18699282700004],[-94.45797963799998,29.223479808000036],[-94.45830154099997,29.223678729000028],[-94.43153725399998,29.239461645000063],[-94.43092996899998,29.239819757000078],[-94.44002895199998,29.251658622000036],[-94.46183730199994,29.27988070300006],[-94.47891334299999,29.301978620000057],[-94.48248450599999,29.306600127000024],[-94.49158055899994,29.31840299600003],[-94.50674380699996,29.338146598000037],[-94.52185839099997,29.357711374000075],[-94.53256192899994,29.37136538200008],[-94.53286901899997,29.37175709400003],[-94.53336720999994,29.371520989000032],[-94.54320784499998,29.36592016000003],[-94.59995559099997,29.333621682000057],[-94.60004758899998,29.333565280000073]],[[-94.60004758899998,29.333565280000073],[-94.60004760299995,29.321115821000035],[-94.60004762599999,29.318549347000044],[-94.60004758899998,29.333565280000073]],[[-88.50846934599997,30.321828078000067],[-88.50862940899998,30.32178587100003],[-88.50863512499996,30.321801381000057],[-88.50846934599997,30.321828078000067]],[[-88.51016253599994,30.32166206200003],[-88.51004682499996,30.321678117000033],[-88.51006224499997,30.321642870000062],[-88.51011564199996,30.321640170000023],[-88.51016253599994,30.32166206200003]],[[-88.51061029799996,30.32156068200004],[-88.51047631599994,30.321598357000028],[-88.51047432599995,30.321576470000025],[-88.51051392499994,30.321543469000062],[-88.51055672299998,30.321540769000023],[-88.51061051999994,30.321554469000034],[-88.51061029799996,30.32156068200004]],[[-88.50797264199997,30.321987940000042],[-88.50796133799997,30.32195917200005],[-88.50819732799994,30.32189597100006],[-88.50821819599997,30.32189547400003],[-88.50815692999998,30.321918872000026],[-88.50797264199997,30.321987940000042]],[[-88.50672147199998,30.322517300000072],[-88.50672268799997,30.32252907700007],[-88.50671638799997,30.32256067700007],[-88.50663559099996,30.322562077000043],[-88.50659289399994,30.32253177700005],[-88.50659190199997,30.322521574000064],[-88.50672147199998,30.322517300000072]],[[-88.51032580199995,30.330534761000024],[-88.51028070399997,30.330575061000047],[-88.51024810599995,30.330554461000077],[-88.51021290799997,30.330532160000075],[-88.51026790599997,30.330479660000037],[-88.51029270399994,30.330503260000057],[-88.51032580199995,30.330534761000024]],[[-88.56848441899996,30.33699716500007],[-88.56847911899996,30.33700976500006],[-88.56845081999995,30.337018965000027],[-88.56841702199995,30.337014065000062],[-88.56841032199998,30.337013065000065],[-88.56837522399996,30.336997765000035],[-88.56835382499997,30.336974565000048],[-88.56834772599996,30.336951364000072],[-88.56835842499999,30.336927564000064],[-88.56838362399998,30.33691426400003],[-88.56840352399996,30.33691166400007],[-88.56843712199998,30.336927564000064],[-88.56848061899996,30.33696066500005],[-88.56848311899995,30.33697776500003],[-88.56848371899997,30.33698186500004],[-88.56848441899996,30.33699716500007]],[[-88.50967219999995,30.33277318300003],[-88.50967049999997,30.332781683000064],[-88.50964969899997,30.33288548400003],[-88.50957920299999,30.332870584000034],[-88.50955200399994,30.332864784000037],[-88.50956130499998,30.332780083000046],[-88.50967219999995,30.33277318300003]],[[-88.51002348299994,30.33280938400003],[-88.51010527899996,30.33281928400004],[-88.51007857899998,30.33290828500003],[-88.50997028399996,30.33290998500007],[-88.50998928499996,30.332825884000044],[-88.50999888399997,30.332821284000033],[-88.51002348299994,30.33280938400003]],[[-88.51034618499995,30.33167667200007],[-88.51039748199997,30.331686872000034],[-88.51039308099996,30.331787073000044],[-88.51032708399998,30.33178997300007],[-88.51030618499999,30.331790873000045],[-88.51029738599999,30.331752073000075],[-88.51029078699997,30.331723073000035],[-88.51030618699997,30.331668672000035],[-88.51034618499995,30.33167667200007]],[[-88.51017717999997,30.332527381000034],[-88.51016767899995,30.332614782000064],[-88.51005038499994,30.332603181000025],[-88.51003468599998,30.332601581000063],[-88.51006698599997,30.332509280000068],[-88.51012718299995,30.332519181000066],[-88.51017717999997,30.332527381000034]],[[-88.51002529999994,30.33165897200007],[-88.50997240199996,30.331656472000077],[-88.50990650599994,30.331653472000028],[-88.50992080599997,30.33156007100007],[-88.50997760399997,30.331558071000075],[-88.51003800099994,30.331555871000035],[-88.51002529999994,30.33165897200007]],[[-88.56082818899995,30.343593629000054],[-88.56078029099996,30.343593629000054],[-88.56078119199998,30.34348662800005],[-88.56089048699994,30.34348662800005],[-88.56088958599997,30.343593629000054],[-88.56082818899995,30.343593629000054]],[[-88.51011880599998,30.330943665000063],[-88.51004750899995,30.330942965000077],[-88.51000131099994,30.330942465000078],[-88.51000521299994,30.330840563000038],[-88.51007230999994,30.330843064000078],[-88.51013060699995,30.33084516400004],[-88.51011880599998,30.330943665000063]],[[-88.50880353299999,30.321769379000045],[-88.50880340199996,30.321769171000028],[-88.50901149299995,30.321697570000026],[-88.50910778799994,30.321695170000055],[-88.50911408699994,30.321752471000025],[-88.50911445299994,30.321755946000053],[-88.50880353299999,30.321769379000045]],[[-88.51032808099995,30.331979175000072],[-88.51032257999998,30.332084176000023],[-88.51023288399995,30.332078676000037],[-88.51021298499995,30.33207747600005],[-88.51019758599995,30.332076576000077],[-88.51020548699995,30.33197617500008],[-88.51022058599995,30.331976575000056],[-88.51027438399996,30.331977875000064],[-88.51032808099995,30.331979175000072]],[[-88.56794090999995,30.33170670900006],[-88.56796840799996,30.331722009000032],[-88.56798160799997,30.33174770900007],[-88.56798490699998,30.331793510000068],[-88.56797720699996,30.331814510000072],[-88.56793870899998,30.331826910000075],[-88.56790020999995,30.331816410000044],[-88.56782871399997,30.331777310000064],[-88.56779791599996,30.33174290900007],[-88.56779241699996,30.331726709000066],[-88.56780121599996,30.331712409000033],[-88.56783641499999,30.33170480900003],[-88.56790901099998,30.33170480900003],[-88.56794090999995,30.33170670900006]],[[-88.56231712399995,30.343311227000072],[-88.56231442399996,30.34332562700007],[-88.56230442399999,30.343338328000073],[-88.56228282499995,30.343348228000025],[-88.56224932599997,30.343355428000052],[-88.56220692799997,30.343355428000052],[-88.56216262999999,30.34335002800003],[-88.56211573299998,30.343340127000033],[-88.56207773499995,30.34332562700007],[-88.56204613599994,30.343309427000065],[-88.56202533699997,30.343293127000038],[-88.56201453799997,30.343279627000072],[-88.56201183799999,30.343270527000072],[-88.56201813799998,30.34326152700004],[-88.56203443699997,30.34325432600008],[-88.56209943499994,30.34323802600005],[-88.56217983099998,30.34322452600003],[-88.56222862899995,30.34322082600005],[-88.56225932699994,30.34322272600008],[-88.56228282599994,30.343241626000065],[-88.56230442499998,30.343275927000036],[-88.56231712399995,30.343311227000072]],[[-89.33136034699999,29.635324684000068],[-89.33126435299994,29.635557591000065],[-89.32746876199997,29.632909356000027],[-89.32761865499998,29.632762550000052],[-89.32774424999997,29.632755649000046],[-89.32793674499999,29.63288835000003],[-89.32808734099996,29.63304845300007],[-89.32823783699996,29.63317435500005],[-89.32844732899997,29.633174353000072],[-89.32863722299999,29.633242953000035],[-89.32889901499999,29.633420255000033],[-89.32905611099994,29.63352315700007],[-89.32908891199997,29.633694761000072],[-89.32914121099998,29.633820564000075],[-89.32925910699998,29.633866364000028],[-89.32939000199997,29.63380346100007],[-89.32960599199998,29.633717657000034],[-89.32981548399994,29.633689054000058],[-89.32988748299994,29.633780556000033],[-89.32999218299994,29.63412366400007],[-89.33007078399999,29.634438272000068],[-89.33037187399998,29.634564073000035],[-89.33090865799994,29.634895776000064],[-89.33127524799994,29.635153080000066],[-89.33136034699999,29.635324684000068]],[[-89.33492204199996,29.637623313000063],[-89.33498994099995,29.637781416000053],[-89.33517093799998,29.638058122000075],[-89.33511314199995,29.638243028000034],[-89.33204343099999,29.636101199000052],[-89.33206022399997,29.63558748400004],[-89.33226381599997,29.635557881000068],[-89.33293119099994,29.635547974000076],[-89.33338367399995,29.63557767100008],[-89.33381346099998,29.635804973000063],[-89.33424334799997,29.636111277000055],[-89.33437904599998,29.63629908100006],[-89.33439045299997,29.63691179800003],[-89.33426595899994,29.637040203000026],[-89.33432255899999,29.637178606000077],[-89.33449225299995,29.637237906000053],[-89.33475234199994,29.637158801000055],[-89.33491073499994,29.637050097000042],[-89.33509172999999,29.637208199000042],[-89.33512563099998,29.63736630300008],[-89.33508043399996,29.63750470800005],[-89.33492204199996,29.637623313000063]],[[-88.02693882199998,30.66130384300004],[-88.02693417899997,30.661368006000032],[-88.02698147599995,30.66146440800003],[-88.02710307099994,30.661560811000072],[-88.02723816599996,30.661630812000055],[-88.02747455799994,30.661671713000032],[-88.02793724299994,30.661706713000058],[-88.02808923799995,30.661662912000054],[-88.02817964099995,30.66165255900006],[-88.02832792899994,30.661765014000025],[-88.02838042699995,30.661812816000065],[-88.02841872499994,30.661888817000033],[-88.02843682299994,30.661979020000047],[-88.02844322199996,30.662082122000072],[-88.02844302099999,30.66218252500005],[-88.02843752099994,30.66227312700005],[-88.02844091999998,30.66232622800004],[-88.02844461899997,30.662383530000056],[-88.02846211799994,30.662428831000057],[-88.02845561799995,30.66245893200005],[-88.02842581899995,30.662507233000042],[-88.02837091999999,30.662574635000055],[-88.02832212099997,30.662624236000056],[-88.02826812199999,30.66266053700008],[-88.02818952499996,30.66269963800005],[-88.02811602599996,30.66275513900007],[-88.02803002899998,30.662787540000068],[-88.02794793099997,30.66281674100003],[-88.02785613399999,30.662852342000065],[-88.02776863699995,30.66287154300005],[-88.02770373899995,30.662893043000054],[-88.02763024099994,30.662888043000066],[-88.02758494299997,30.66288704300007],[-88.02753734399994,30.662897443000077],[-88.02726585299996,30.662878343000045],[-88.02712655799996,30.66286054300008],[-88.02705794099995,30.66284772700004],[-88.02693456499998,30.66274104000007],[-88.02659007899996,30.662509835000037],[-88.02635898799997,30.66242223300003],[-88.02625539099995,30.662391632000038],[-88.02618069399995,30.662369632000036],[-88.02607003199995,30.662350821000075],[-88.02604809899998,30.66232443100006],[-88.02599460099998,30.662229428000046],[-88.02593660499997,30.66210992500004],[-88.02592770499996,30.66209792500007],[-88.02586420799997,30.662011823000057],[-88.02579301099996,30.661965122000026],[-88.02572781299995,30.66194302100007],[-88.02570941399995,30.66193682100004],[-88.02559931799999,30.661872620000054],[-88.02544932399996,30.66178271800004],[-88.02530492899996,30.661694616000034],[-88.02514033599994,30.661613814000077],[-88.02506353899997,30.661559313000055],[-88.02501434099997,30.661524512000028],[-88.02480314899998,30.66137660800007],[-88.02480134899997,30.66137550800005],[-88.02472065199998,30.661326307000024],[-88.02471905199997,30.66132650700007],[-88.02468045399996,30.661331007000058],[-88.02463305499998,30.661327007000068],[-88.02461065599994,30.66131180700006],[-88.02453395899994,30.661259906000055],[-88.02443295799998,30.661189703000048],[-88.02404808199998,30.660528888000044],[-88.02377816299997,30.66045370200004],[-88.02376779199994,30.66044008600005],[-88.02375419299995,30.660415086000057],[-88.02371669499996,30.660346084000025],[-88.02366899799995,30.66023608100005],[-88.02361030099996,30.660112078000054],[-88.02359640199995,30.660064077000072],[-88.02359720199996,30.660016576000032],[-88.02361760299999,30.65991897300006],[-88.02363000299994,30.65985067200006],[-88.02361520399995,30.659816771000067],[-88.02368150199999,30.65972836900005],[-88.02377119999994,30.659650267000075],[-88.02377449999994,30.65964716600007],[-88.02387329799996,30.659555864000026],[-88.02392569699998,30.659480062000057],[-88.02393509699994,30.659394760000055],[-88.02401659499998,30.65936025900004],[-88.02408579299998,30.65931715800008],[-88.02413769199995,30.659272257000055],[-88.02416739099993,30.65922365600005],[-88.02417379199994,30.659187855000027],[-88.02416139199994,30.659143554000025],[-88.02423488999995,30.659104452000065],[-88.02433808799998,30.659043351000037],[-88.02444878399996,30.658980649000057],[-88.02459207999999,30.658924348000028],[-88.02467757799997,30.65889254700005],[-88.02473987599996,30.658849446000033],[-88.02483367399998,30.658783544000073],[-88.02490517199999,30.658739643000047],[-88.02503736799997,30.658709342000066],[-88.02508046599996,30.658699842000033],[-88.02518936299998,30.658675841000047],[-88.02532635899996,30.658634240000026],[-88.02541715599995,30.65860273900006],[-88.02563684899997,30.658586338000077],[-88.02584094199995,30.658586038000067],[-88.02601093699997,30.65858823800005],[-88.02618643099999,30.658595438000077],[-88.02649691999994,30.658636638000075],[-88.02656831799999,30.658649639000032],[-88.02662281599999,30.658662339000045],[-88.02690250599994,30.65869143900005],[-88.02700300299995,30.658710040000074],[-88.02713919799999,30.65873674000005],[-88.02749888499994,30.65881094200006],[-88.02769037899998,30.65885274200008],[-88.02775047699998,30.658868943000073],[-88.02786277299998,30.658899143000042],[-88.02802766699995,30.658946944000036],[-88.02812086299997,30.658978845000036],[-88.02817536099997,30.658997546000023],[-88.02830055699997,30.659046147000026],[-88.02844995099997,30.65910494800005],[-88.02860114599997,30.65916714900004],[-88.02876513899997,30.65924435100004],[-88.02887523499999,30.659290852000026],[-88.02890463399996,30.659319353000058],[-88.02893343299996,30.65936735400004],[-88.02896103099994,30.659421855000062],[-88.02898992999997,30.65949925700005],[-88.02901572799999,30.659584859000063],[-88.02903872599995,30.65966786100006],[-88.02904822499994,30.65976036400008],[-88.02903862499994,30.659847366000065],[-88.02903662399996,30.659865466000042],[-88.02901782399994,30.65995736900004],[-88.02899972399996,30.659992869000064],[-88.02896892499996,30.66001177000004],[-88.02892732699996,30.660014070000045],[-88.02888052799995,30.659999970000058],[-88.02882103099995,30.65996596900004],[-88.02877303199995,30.65992976800004],[-88.02874183399996,30.659901467000054],[-88.02870863499999,30.659877067000025],[-88.02867443599996,30.659853466000072],[-88.02864043799997,30.65982656600005],[-88.02858623999998,30.65979736500003],[-88.02848424299998,30.659796765000067],[-88.02834344799999,30.659791965000068],[-88.02819875299997,30.659798566000063],[-88.02812105499999,30.65980416600007],[-88.02803895799997,30.659801566000056],[-88.02786116399994,30.659776365000027],[-88.02768916999997,30.659745565000037],[-88.02748547699997,30.659732765000058],[-88.02730318299996,30.65973036500003],[-88.02719818599996,30.659734565000065],[-88.02711658899995,30.659780166000075],[-88.02703759099995,30.659828967000067],[-88.02696349199994,30.659905769000034],[-88.02691269299999,30.65999527200006],[-88.02688179299997,30.66011217500005],[-88.02687359199996,30.660260678000043],[-88.02685599199998,30.660342580000076],[-88.02685269199998,30.66035828100007],[-88.02683019099999,30.660445983000045],[-88.02679989099994,30.660544086000073],[-88.02676699199998,30.660632388000067],[-88.02674339199996,30.660726590000024],[-88.02673599099995,30.66081629200005],[-88.02674798899994,30.660922795000033],[-88.02675518899997,30.660954996000044],[-88.02677298799995,30.661034398000027],[-88.02680218599994,30.661129800000026],[-88.02684358399995,30.66120100200004],[-88.02688528199997,30.661259103000077],[-88.02691647999995,30.66128920400007],[-88.02693882199998,30.66130384300004]],[[-85.73213986599995,30.12037414300005],[-85.73194991499997,30.12050081500007],[-85.73097984199995,30.12109553500005],[-85.72727814799998,30.123364911000067],[-85.72416313699995,30.12546597900007],[-85.72389164399993,30.12564698500006],[-85.71725033399997,30.130074130000025],[-85.71627826199995,30.130722051000077],[-85.71501179799998,30.131566279000026],[-85.71179849099997,30.13370824900005],[-85.71033353299998,30.134693281000068],[-85.70871157999994,30.13578331700006],[-85.70868247999994,30.135803717000044],[-85.70814549599999,30.136178130000076],[-85.70800820099998,30.136014327000055],[-85.70798740099997,30.13598952600006],[-85.70786400499998,30.13584242400003],[-85.70785850599998,30.13583602400007],[-85.70767001199994,30.135613420000027],[-85.70751091699998,30.135425617000067],[-85.70850268799995,30.13488779800008],[-85.71302505799997,30.13186649900007],[-85.72334716299997,30.124967274000028],[-85.72576409399994,30.123351721000063],[-85.72669916699994,30.122736101000044],[-85.72897700299995,30.121098749000055],[-85.72956798599995,30.120665835000068],[-85.73016806899994,30.120231921000027],[-85.73021176799995,30.120200320000038],[-85.73106555699997,30.11958282100005],[-85.73213986599995,30.12037414300005]],[[-95.26125521199998,28.900788334000026],[-95.26095762499995,28.900886641000056],[-95.26078223199994,28.900944545000073],[-95.26064243899998,28.900990748000027],[-95.26032725299996,28.901094854000064],[-95.26030925299995,28.901100755000073],[-95.26027995499999,28.901110455000037],[-95.26000666699997,28.901200661000075],[-95.25983617399999,28.901256965000073],[-95.25936409799999,28.90141287700004],[-95.22519272999995,28.868536574000075],[-95.22657450599996,28.86742721300004],[-95.24418802699995,28.88437063200007],[-95.24508210099998,28.88523065700008],[-95.24530819399996,28.885448163000035],[-95.24631846299997,28.88641999200007],[-95.26125521199998,28.900788334000026]],[[-85.37940102399995,29.84501492000004],[-85.37813978799994,29.843338780000067],[-85.35434261299997,29.83453461700003],[-85.34791625199995,29.83215707200003],[-85.33900604499996,29.82886061100004],[-85.33749047699996,29.828299600000037],[-85.31875887599995,29.821327969000038],[-85.31723270799995,29.820753658000058],[-85.31373728099999,29.819438433000073],[-85.31373728799997,29.819438475000027],[-85.31370528199994,29.819426432000057],[-85.31318406899999,29.81796150100007],[-85.31325598899997,29.818057795000072],[-85.31173501199999,29.813548370000035],[-85.31192810699997,29.813499068000056],[-85.31231619899995,29.813399763000064],[-85.31251129399999,29.81334996100003],[-85.31297828399994,29.813199455000074],[-85.31399976099993,29.81285274100003],[-85.31455084899994,29.81265813400006],[-85.31501804099997,29.813779564000072],[-85.31591951399997,29.816333649000057],[-85.31648551799998,29.817972480000037],[-85.31657980999995,29.818194755000036],[-85.31665181499994,29.818384491000074],[-85.31798468999995,29.820158038000045],[-85.32533343499995,29.822905890000072],[-85.34802064899998,29.83130884800005],[-85.38225499599997,29.843988683000077],[-85.38237469499995,29.84764358700005],[-85.38241070799995,29.848745448000045],[-85.38217979899997,29.84860691500006],[-85.38193310499997,29.84845891200007],[-85.38168650999995,29.84831090800003],[-85.38143981599995,29.848162905000038],[-85.38143981599995,29.847724293000056],[-85.38143401599996,29.847716584000068],[-85.38143401599996,29.84769809200003],[-85.37940102399995,29.84501492000004]],[[-93.22040438599998,29.333325115000036],[-93.22123958599997,29.333319552000034],[-93.22165996299998,29.33331680300006],[-93.22228765099999,29.33331259600004],[-93.22291543899996,29.33330839000007],[-93.22328556299999,29.357500918000028],[-93.22469732999997,29.449764695000056],[-93.22229370499997,29.44976471900003],[-93.22224256799996,29.446613324000054],[-93.22220474999995,29.444282945000054],[-93.22220585599996,29.44428285400005],[-93.22210512499998,29.438076367000065],[-93.22184594299995,29.422110786000076],[-93.22124135299998,29.384876666000025],[-93.22080661499996,29.35810076100006],[-93.22040438599998,29.333325115000036]],[[-93.80510070199995,29.599988625000037],[-93.80499137199996,29.599988624000048],[-93.80457338799994,29.599988618000054],[-93.80457318799995,29.599988618000054],[-93.80431099899994,29.59998861400004],[-93.80362872499995,29.599988605000078],[-93.80300205199995,29.59998859600006],[-93.80243895599995,29.598854938000045],[-93.80243725599996,29.59885343800005],[-93.80096059599998,29.597598463000054],[-93.80079520099997,29.597457854000027],[-93.78717466799998,29.585881357000062],[-93.74329762699995,29.54858927400005],[-93.71546462199996,29.52492548400005],[-93.70493141799994,29.51597008300007],[-93.69754121499994,29.509687162000034],[-93.68356152499996,29.497801990000028],[-93.67538958099999,29.490853806000075],[-93.66540544999998,29.482364842000038],[-93.66540554899996,29.48210943400005],[-93.66540551699995,29.477040973000044],[-93.66540559599997,29.473798671000054],[-93.66540614799999,29.435040942000057],[-93.66758122099998,29.435040981000043],[-93.66763730999998,29.449094428000024],[-93.66770839799995,29.47874397100003],[-93.67020590099997,29.484004887000026],[-93.67694165399996,29.489737301000048],[-93.71960108799999,29.526042915000062],[-93.73934988999997,29.54278854100005],[-93.76719205599994,29.56640552600004],[-93.78393421999999,29.580597280000063],[-93.80391378299998,29.59761660500004],[-93.80510070199995,29.599988625000037]],[[-96.89116824799999,27.735998911000024],[-96.89252433099995,27.735234586000047],[-96.92307960399995,27.718011798000077],[-96.92275815399995,27.751876200000027],[-96.89116824799999,27.735998911000024]],[[-96.56527917999995,27.576838631000044],[-96.59957299699994,27.59310954500006],[-96.62240304299996,27.60394139300007],[-96.65163264899996,27.617809588000057],[-96.65667275999999,27.620200923000027],[-96.73458044499995,27.65716488000004],[-96.78958377799995,27.68326156200004],[-96.78065930799994,27.69793028600003],[-96.72724437299996,27.672715330000074],[-96.66294707599997,27.64236326500003],[-96.64664698499996,27.634668653000062],[-96.64189936199995,27.63242752000008],[-96.58919423199995,27.607547573000033],[-96.53036753099997,27.579777912000054],[-96.56527917999995,27.576838631000044]],[[-88.48583334699998,30.12463205800003],[-88.41167336599995,30.11705220600004],[-88.40843350899996,30.116701853000052],[-88.38854900499996,30.114658113000075],[-88.38334008699997,30.114122750000035],[-88.37859745199995,30.11363539200005],[-88.36931587599997,30.112681380000026],[-88.35497347499995,30.111225106000063],[-88.35342742899996,30.11106718700006],[-88.33074881699997,30.108761912000034],[-88.32585468699995,30.10826435200005],[-88.32551709799998,30.108230048000053],[-88.32448893399999,30.108125536000045],[-88.32386135599995,30.108061728000052],[-88.31421098999994,30.107080710000048],[-88.30541769399997,30.10618380300008],[-88.28893486299995,30.10451000200004],[-88.26666142999994,30.10224812900003],[-88.24999800299997,30.100524423000024],[-88.24954791399995,30.100582922000058],[-88.24865343599998,30.100497517000065],[-88.22726846499995,30.098455994000062],[-88.20722606299995,30.09654267600007],[-88.20516111399996,30.09633436400003],[-88.19675922299996,30.095485414000052],[-88.15583534699994,30.09135036400005],[-88.16558914599995,30.083530305000068],[-88.16583414099995,30.08332430300004],[-88.17313238799994,30.077667464000058],[-88.17419336499995,30.07684505800006],[-88.18785497299996,30.06646609300003],[-88.19263106999995,30.062837571000046],[-88.20383702399994,30.05432412400006],[-88.20712415199995,30.05182681100007],[-88.21374940399994,30.04679348600007],[-88.21674683699996,30.044516275000035],[-88.21481748599996,30.044516264000038],[-88.24911160199997,30.01847796100003],[-88.24999828099999,30.017804759000057],[-88.24999827699997,30.018951972000025],[-88.25021627099994,30.018826973000046],[-88.28547919899995,29.992464506000033],[-88.31800069799993,29.96815156200006],[-88.32221817699997,29.972552079000025],[-88.32221817499999,29.97165786100004],[-88.32241696899996,29.971843775000025],[-88.36016239899999,30.007143443000075],[-88.38086661699998,30.026506294000058],[-88.42451561099995,30.067327324000075],[-88.42898013299998,30.07150261700008],[-88.46693617999995,30.106972599000073],[-88.46704287499995,30.107072301000073],[-88.46705237499998,30.107081101000063],[-88.46726276599998,30.10727780600007],[-88.46732686299998,30.107337607000034],[-88.46736806199993,30.107376208000062],[-88.47618709199998,30.11561758600004],[-88.48583334699998,30.12463205800003]],[[-94.37218126999994,29.127671564000025],[-94.35374436699999,29.116060318000052],[-94.33272205599997,29.102839032000077],[-94.31851212499998,29.09394893600006],[-94.30907483899995,29.088044704000026],[-94.28332970099996,29.07206634000005],[-94.26043447699999,29.057819008000024],[-94.25821035299998,29.056434575000026],[-94.24659576299996,29.049450802000024],[-94.23882726399995,29.04436966000003],[-94.21718609099997,29.030852280000033],[-94.21223907899997,29.027761492000025],[-94.19048009799997,29.014166803000023],[-94.16503604099995,28.998110343000064],[-94.14079491999996,28.982925954000052],[-94.11576882799994,28.96726155500005],[-94.11159937799994,28.964995397000052],[-94.09165370399995,28.952448178000054],[-94.06700360299999,28.937072788000023],[-94.04784530399996,28.924975482000036],[-94.04693059899995,28.924975482000036],[-94.04639355299997,28.924642074000076],[-93.93947372599996,28.85826411200003],[-94.25820660999995,28.924628987000062],[-94.25987079699996,28.924975492000044],[-94.25935737299994,28.924975493000034],[-94.27986971699994,28.929307564000055],[-94.29521722799996,28.93252431600007],[-94.32253336099996,28.938249708000058],[-94.33685940699996,28.94146696200005],[-94.36332507499998,28.94674184400003],[-94.39783544599999,28.953834010000037],[-94.39776142799997,29.01914852400006],[-94.39766193499997,29.106822712000053],[-94.39415666499997,29.109690814000032],[-94.38118366399999,29.120305537000036],[-94.37218126999994,29.127671564000025]],[[-93.64693900099996,29.48867088000003],[-93.64693612199994,29.488936091000028],[-93.65087995999994,29.49229438800006],[-93.65228368399994,29.493585040000028],[-93.65398157299995,29.495146222000074],[-93.65420777099996,29.495354133000035],[-93.65909753899996,29.49985017100005],[-93.66150193999994,29.501898306000044],[-93.68333405499999,29.52049535100008],[-93.63338834299998,29.531278025000063],[-93.47537094699999,29.565392719000045],[-93.43713736999996,29.562145461000057],[-93.39206642599999,29.558317550000027],[-93.39204748099996,29.558138017000033],[-93.39150908899995,29.558108520000076],[-93.33271148899996,29.553137926000034],[-93.30639204599998,29.550912917000062],[-93.29004936699994,29.549531372000047],[-93.28321162299994,29.54895332700005],[-93.28161680099998,29.547739363000062],[-93.24729643699999,29.52138318200008],[-93.24374497299999,29.51865588900006],[-93.24372095199999,29.51743113300006],[-93.24363047299994,29.512812520000068],[-93.24312858299999,29.487203306000026],[-93.24273148199995,29.461118259000045],[-93.24255863099995,29.449764517000062],[-93.24239521999999,29.44976451900004],[-93.24225591299995,29.442652604000045],[-93.24231220199994,29.442648004000034],[-93.24220309599997,29.439956169000027],[-93.24196673799997,29.42788966100005],[-93.24184451099995,29.42164837400003],[-93.24164262599999,29.411343466000062],[-93.24159843999996,29.40601660300007],[-93.24126133199997,29.391880919000073],[-93.24123117199997,29.39034143200007],[-93.24090409699994,29.37364223000003],[-93.24062660499999,29.353743131000044],[-93.24061500199997,29.352911606000077],[-93.24022712399994,29.33559078500008],[-93.24017991499994,29.333483022000053],[-93.24012369899998,29.32994311500005],[-93.23986282299995,29.313497420000033],[-93.23979500299998,29.309171890000073],[-93.23964745899997,29.29976000700003],[-93.23948482399999,29.299760008000078],[-93.23913511599994,29.289048688000037],[-93.23894946999997,29.279052687000046],[-93.23849556499994,29.25632640400005],[-93.23767913099994,29.21664566000004],[-93.23743244899998,29.216645663000065],[-93.23742763699994,29.216385557000024],[-93.23723332999998,29.205882751000047],[-93.23580271099996,29.128545534000068],[-93.23537641399997,29.10550308200004],[-93.23467794699997,29.06774554100008],[-93.23326688299994,28.991464970000038],[-93.23218563499995,28.93299409800005],[-93.23194884399999,28.92019008500006],[-93.23184143899994,28.91437908900008],[-93.23144648799996,28.893022834000078],[-93.22947173299997,28.786230757000055],[-93.22937182099997,28.780830967000043],[-93.22935753399997,28.780055954000034],[-93.22752169899996,28.68076989700006],[-93.22703738199999,28.65457305900003],[-93.22696385499995,28.65059859300004],[-93.26193030499996,28.691219529000023],[-93.37894903299997,28.827161630000035],[-93.43161044299995,28.887737816000026],[-93.51606732999994,28.984888209000076],[-93.53213561499996,29.00337163200004],[-93.55213099099996,29.026467127000046],[-93.55486911999998,29.02962971000005],[-93.56141375299995,29.037189011000066],[-93.64706641099997,29.136121169000035],[-93.64704525499997,29.150409008000054],[-93.64693405999998,29.22572929300003],[-93.64686261399999,29.27425732100005],[-93.64667559299994,29.401703977000068],[-93.64662679699995,29.43497830900003],[-93.64656087099996,29.479850102000057],[-93.64655808299995,29.481749660000048],[-93.64654842299996,29.48831176400006],[-93.64693900099996,29.48867088000003]],[[-96.46030929599999,27.584420241000032],[-96.52209565299995,27.613592794000056],[-96.56683377699994,27.634892384000068],[-96.62469160999996,27.662438183000063],[-96.62629904999994,27.663203494000072],[-96.64205655999996,27.67070560800005],[-96.69310754799994,27.69501068900007],[-96.75836517099998,27.726079620000064],[-96.79186880199995,27.73580611400007],[-96.80799538699995,27.740487861000076],[-96.68102327399998,27.814240991000077],[-96.62701959899994,27.845609615000058],[-96.40051931399995,27.977174577000028],[-96.27996472599995,28.047199780000028],[-96.24206163199995,28.06921612600007],[-96.21595476499994,28.084380561000046],[-96.15459266299996,28.120023278000076],[-96.07868392299997,28.164115481000067],[-96.04501383199994,28.09344456900004],[-96.03835528599996,28.07946877200004],[-95.96532713899995,27.92618686900005],[-95.95921176799999,27.913350927000067],[-95.95739289599999,27.909533226000065],[-95.87857486699994,27.744097019000037],[-95.86313134999995,27.711681593000037],[-95.82581542499997,27.63335660100006],[-95.82467511299996,27.63096304000004],[-95.83034142199995,27.630548154000053],[-96.18976572699995,27.604229923000048],[-96.30049771799997,27.596121897000046],[-96.44150707499995,27.585796996000056],[-96.46030929599999,27.584420241000032]],[[-94.93313136799998,28.823789600000055],[-94.93301577299997,28.82385534200006],[-94.81116367499999,28.893084384000076],[-94.78674358699999,28.90704427000003],[-94.75587872399996,28.92459784400006],[-94.43648063299997,29.106245715000057],[-94.43646062099998,29.082534873000043],[-94.43644830399995,29.068012398000064],[-94.43648944799997,29.042591643000037],[-94.43644859399996,29.017245889000037],[-94.43644870999998,28.993783687000075],[-94.43644871299995,28.992393552000067],[-94.43644889499996,28.924975154000037],[-94.43561940499995,28.924977098000056],[-94.43561962199999,28.924617746000024],[-94.43564061599994,28.889787569000077],[-94.43577039699994,28.67461678400008],[-94.43582303599999,28.587214009000036],[-94.43585025899995,28.542146435000063],[-94.43583418499998,28.498325892000025],[-94.43577143499994,28.325458926000067],[-94.43573879399997,28.23541552000006],[-94.43573470499996,28.22407098900004],[-94.43572039799994,28.184186425000064],[-94.43570210099995,28.13306493300007],[-94.43220112999995,28.133064957000045],[-94.43254140999994,28.123734883000054],[-94.43881172099998,28.129469306000033],[-94.44274354099997,28.133064884000078],[-94.43895288099998,28.13306491000003],[-94.48938193799995,28.181651204000048],[-94.56805764599994,28.257451693000064],[-94.62108358899997,28.308539522000046],[-94.64834473799999,28.334971732000042],[-94.76880297799994,28.451767192000034],[-94.79680615499996,28.478701166000064],[-94.88944364499997,28.567801418000045],[-94.93322474699994,28.609910649000028],[-94.94222602299999,28.61856818800004],[-94.96928955799996,28.644760826000038],[-94.98230119799996,28.657158882000033],[-95.07194321099996,28.74411029500004],[-95.04058180499999,28.762137843000062],[-95.03619000899994,28.764634338000064],[-94.99092204499999,28.790366881000068],[-94.95710240999995,28.809741501000076],[-94.93313136699999,28.823598035000032],[-94.93313136799998,28.823789600000055]],[[-94.21936939999995,29.249871605000067],[-94.21801037099999,29.250943624000058],[-94.21193654899997,29.255734695000058],[-94.19505606199999,29.26901517700003],[-94.18643703199996,29.275838830000055],[-94.17840258899997,29.282199668000032],[-94.16175713799998,29.29547717500003],[-94.14491971599995,29.30898770300007],[-94.12813131699994,29.32231323800005],[-94.11115094699994,29.33591679600005],[-94.09389361199999,29.34956937100003],[-94.07616732099996,29.363454970000078],[-94.05844905499998,29.377484588000073],[-94.04030383299994,29.391836235000028],[-94.02244362499994,29.406134894000047],[-94.00462544199996,29.420350563000056],[-93.98722610799996,29.43418897600003],[-93.98025045699995,29.43976990500005],[-93.96969173699995,29.448217297000042],[-93.95350622699999,29.46098267800005],[-93.95256936199996,29.46172159400004],[-93.94001570799998,29.464460635000023],[-93.93459310099996,29.465643709000062],[-93.81979736599999,29.490690103000077],[-93.80691094299999,29.49350172900006],[-93.80118865499998,29.49475019500005],[-93.78735706899994,29.49776801300004],[-93.77857639699994,29.49968386000006],[-93.77294891399998,29.500911634000033],[-93.72937913399994,29.510527831000047],[-93.72812645399995,29.510804318000055],[-93.72789115399996,29.510603305000075],[-93.72240135499999,29.506130900000073],[-93.71951855399999,29.50367383500003],[-93.71917095299995,29.503377615000034],[-93.71822385299998,29.502568161000056],[-93.71800715299997,29.502382949000037],[-93.71083417899996,29.496261278000077],[-93.70584911099996,29.492036540000072],[-93.69907525599996,29.486295819000077],[-93.69817746199999,29.48551777600005],[-93.69171370499998,29.47995997000004],[-93.68567334599999,29.474766186000068],[-93.68567333999994,29.47384655600007],[-93.68567122399998,29.471403077000048],[-93.68567031799995,29.470423545000074],[-93.68566799999996,29.467755459000045],[-93.68566185399999,29.460788833000038],[-93.68563908199997,29.434881894000057],[-93.68563905299999,29.430545754000036],[-93.68563099999994,29.42252549400007],[-93.68562313599995,29.41282077900007],[-93.68561386099998,29.40143381100006],[-93.68560227099994,29.387833070000056],[-93.68558382699996,29.366152568000075],[-93.68556618999997,29.34542269600007],[-93.68553061199998,29.303506139000035],[-93.68551458799999,29.28472423100004],[-93.68551206799998,29.281703933000074],[-93.68551196699997,29.281483926000078],[-93.68549973699999,29.261936193000054],[-93.68548708599997,29.241515697000068],[-93.68548688699997,29.241147687000023],[-93.68547094099995,29.224981288000038],[-93.68487653399995,29.224981282000044],[-93.68483648899996,29.152872303000038],[-93.68482108099994,29.125082917000043],[-93.59485728799996,29.020314733000077],[-93.58952772499998,29.013797958000055],[-93.58902343599999,29.013520949000053],[-93.58700648899998,29.010861779000038],[-93.56581960899996,28.986498678000032],[-93.54661684299998,28.964135772000077],[-93.46403799799998,28.867967970000052],[-93.34195453599995,28.725795018000042],[-93.33002191099996,28.711898724000037],[-93.32243561599995,28.70306410200004],[-93.24359301199996,28.611246986000026],[-93.18599218599996,28.54416743400003],[-93.17532625599995,28.53174641000004],[-93.17522915999996,28.531633209000063],[-93.17502996899998,28.531401306000078],[-93.16136417799999,28.515486645000067],[-93.12196311999998,28.469601728000043],[-93.06279659199998,28.400698498000054],[-93.06084268199999,28.39842297100006],[-92.99174783699999,28.31795748500008],[-92.98029367799995,28.30461833800007],[-92.97595188399998,28.299562082000023],[-92.96629164499996,28.288312055000063],[-92.98411008599999,28.29956280500005],[-92.98429547899997,28.29967980600003],[-93.05089679699995,28.341732575000037],[-93.11001143999994,28.379058027000042],[-93.14274077199997,28.39972356100003],[-93.18850946899994,28.42862234100005],[-93.19795224299997,28.434584577000066],[-93.28104218299995,28.487048191000042],[-93.28380128699996,28.48879031000007],[-93.31651264999994,28.509230330000037],[-93.44712067899997,28.590842081000062],[-93.46182300999999,28.600028982000026],[-93.58414178599998,28.676707003000047],[-93.60897707999999,28.69227560300004],[-93.61602785299999,28.696695489000035],[-93.65439163499997,28.721010577000072],[-93.75822279999994,28.786819256000058],[-93.97965665499999,28.924646082000038],[-94.01980057599997,28.94981149800003],[-94.06127236199995,28.975809257000037],[-94.08575017199996,28.991153947000043],[-94.10667901199997,29.004273800000078],[-94.15603649099995,29.035250808000058],[-94.20645117799995,29.066891405000035],[-94.29657242799999,29.12345161500008],[-94.34229154699995,29.152144892000024],[-94.32784525799997,29.163596295000048],[-94.32773326099999,29.16368539800004],[-94.31282748499996,29.17553858000008],[-94.29031973799994,29.19358154100007],[-94.25209085799997,29.223743081000066],[-94.21936939999995,29.249871605000067]],[[-94.49023298499998,28.133064555000033],[-94.49256329899998,28.13306453900003],[-94.46357775099995,28.104533100000026],[-94.44307050699996,28.084346956000047],[-94.44179706699998,28.08309342900003],[-94.43357944999997,28.075004454000066],[-94.43363060199994,28.04913409900007],[-94.43363190899998,28.04848688000004],[-94.43370215499999,28.01300054400008],[-94.43373049999997,27.998686425000074],[-94.43375900599995,27.984328789000074],[-94.43380483599998,27.961219786000072],[-94.43385852399996,27.934159864000037],[-94.43392439899998,27.90090215300006],[-94.43400205899997,27.861767964000023],[-94.43422325499995,27.750267674000042],[-94.43426139899998,27.73106668300005],[-94.50591073999999,27.725842088000036],[-94.58315177699996,27.720209741000076],[-94.58336286899998,27.720194338000056],[-94.60080212299994,27.718922701000054],[-94.69293290599995,27.712204548000045],[-94.75390213999998,27.707758613000067],[-94.80368343299995,27.70412859000004],[-95.00221383599995,27.689651602000026],[-95.31076003099997,27.667151860000047],[-95.39481142699998,27.661022734000028],[-95.49489103699995,27.653724757000077],[-95.69064977599999,27.63944966300005],[-95.78637523599997,27.632469178000065],[-95.79109596399996,27.642617237000024],[-95.82338943399998,27.71203721100005],[-95.83837086599999,27.744242335000024],[-95.91585426399996,27.91080500100003],[-95.93396496499997,27.94973664300005],[-95.93618400699995,27.954506971000058],[-96.00050227299994,28.092767939000055],[-96.01194993899998,28.117375937000077],[-96.03405225999995,28.164887489000023],[-96.04320288899999,28.18455785100008],[-95.81661758599995,28.31519764500007],[-95.67392391399994,28.397470079000072],[-95.56279533899999,28.461543765000044],[-95.54977013599995,28.469053775000077],[-95.54977011399995,28.47191698000006],[-95.44124471299995,28.53371800000008],[-95.43687020099998,28.536209116000066],[-95.43015356799998,28.53998348400006],[-95.40921761099997,28.551839207000057],[-95.38413515399998,28.565837560000034],[-95.38002005699997,28.568134199000042],[-95.35346236499998,28.58338210900007],[-95.32975252499995,28.59686491100007],[-95.30935751899995,28.60866160300003],[-95.30287523399994,28.612361520000036],[-95.27795303799996,28.626586651000025],[-95.25848197499994,28.637741297000048],[-95.24408394899996,28.645910435000076],[-95.22464552799994,28.656939255000054],[-95.18430134599998,28.679870514000072],[-95.18153246999998,28.681444386000067],[-95.16729110999995,28.689559753000026],[-95.13053975599996,28.710620689000052],[-95.10530688199998,28.725084319000075],[-95.10166702399994,28.72164121900005],[-95.08445269099997,28.70484173400007],[-95.05272393099995,28.674444883000035],[-95.04378728199998,28.66587364800006],[-95.03884947599994,28.661127519000047],[-95.03231773299996,28.654840749000073],[-95.02431704799994,28.64714014300006],[-95.01319048799996,28.636346856000046],[-95.00151844999999,28.625034559000028],[-94.99499418699997,28.618711382000072],[-94.96218135999999,28.587237499000025],[-94.93410647999997,28.560246566000046],[-94.93313041499994,28.559308241000053],[-94.93313041899995,28.560674559000063],[-94.92796050799996,28.555699452000056],[-94.86720378499996,28.497232445000066],[-94.84071963599996,28.471561173000055],[-94.68909144799994,28.324586960000033],[-94.67555101599999,28.31154615300005],[-94.58333866699996,28.222735733000036],[-94.54111947099994,28.18238953300005],[-94.49023298499998,28.133064555000033]],[[-94.39817978799994,28.13306519200006],[-94.39816893199998,28.16937794000006],[-94.39816572599995,28.180183551000027],[-94.39816314199999,28.18875219800003],[-94.39811710799995,28.34481654500007],[-94.39806648199999,28.517227711000032],[-94.39806203499995,28.532381502000078],[-94.39802129799995,28.672292210000023],[-94.39795213499997,28.909762444000023],[-94.39794900099997,28.92038811200007],[-94.37843131999995,28.916310846000044],[-94.28180762099998,28.89612592000003],[-94.24458033899998,28.888349082000047],[-93.85747634599994,28.807481069000062],[-93.66638410199994,28.687193732000026],[-93.65798956899994,28.68190962600005],[-93.62828162699998,28.663209361000042],[-93.61898542999995,28.657357749000028],[-93.53296862099995,28.603212667000037],[-93.51296591299996,28.59070835500006],[-93.43266754599995,28.540511266000067],[-93.42344225199997,28.53474430500006],[-93.36276260799997,28.496811610000066],[-93.32893826299994,28.47566696800004],[-93.30190920099994,28.458770177000076],[-93.22534619199996,28.41038661700003],[-93.20876536799994,28.399908553000046],[-93.14812651199998,28.36158831000006],[-93.12708207199995,28.34828942200005],[-93.11401414699998,28.34003126600004],[-93.10012325499997,28.331253006000054],[-93.06348231299995,28.308097945000043],[-93.06286953499995,28.30771074200004],[-93.04998501799997,28.299568484000076],[-93.03490618699999,28.290039516000036],[-93.00044199599995,28.26856506100006],[-92.96990212899999,28.249535872000024],[-92.94796741599998,28.235857981000038],[-92.91993003099998,28.21837456000003],[-92.91606117099997,28.215962043000047],[-92.88975203399997,28.19955632500006],[-92.87127118999996,28.178489334000062],[-92.86336407199997,28.168783293000047],[-92.86223142499995,28.167462475000036],[-92.83274342799996,28.13307428300004],[-92.82268401299996,28.121268611000062],[-92.82236822799996,28.12089850600006],[-92.82061391299999,28.118842176000044],[-92.78025098199998,28.071530576000043],[-92.75423187099994,28.041032116000054],[-92.70062196899994,27.978192921000073],[-92.67488491199998,27.948025006000023],[-92.65503087999997,27.924752804000036],[-92.64205191699995,27.90953944000006],[-92.61297255599999,27.875453642000025],[-92.60417159399998,27.86513755900006],[-92.62773949699994,27.863423041000033],[-92.68238950799997,27.85944723500006],[-92.69431580499997,27.85857962500006],[-92.70470973999994,27.857823430000053],[-92.74215148599995,27.855099585000062],[-92.76793360199997,27.85322394800005],[-92.78707098599995,27.85183167300005],[-92.84681617299998,27.847469526000054],[-92.92807207199996,27.84157368500007],[-92.92946443499994,27.841472672000066],[-92.94362833299994,27.84145546700006],[-92.95900813299994,27.839323403000037],[-92.97878769599998,27.837884424000038],[-93.03207480899994,27.834007857000074],[-93.04490624399995,27.833074347000036],[-93.04897402899996,27.83277841200004],[-93.07269845399998,27.831052510000063],[-93.07591186299999,27.83081868200003],[-93.08935927999994,27.82984036700003],[-93.11661330499999,27.827857634000054],[-93.19179416199995,27.82238839200005],[-93.19304752599999,27.822297181000067],[-93.22685836099998,27.819837492000033],[-93.23896611599997,27.81895668900006],[-93.25206913799997,27.818003478000037],[-93.25238162799997,27.817980676000047],[-93.26265021699999,27.81723369300005],[-93.27459635399998,27.816364598000064],[-93.27582341699997,27.816275388000065],[-93.27582701699998,27.816275088000054],[-93.28037547899999,27.815944152000043],[-93.32050476099994,27.813024830000074],[-93.42741081099996,27.805247569000073],[-93.43362222199994,27.804795719000026],[-93.48011870499994,27.801413142000058],[-93.60582864999998,27.792267822000042],[-93.72846234699995,27.78334641300006],[-93.74020106399996,27.782492416000025],[-93.86298889099999,27.773559611000053],[-93.86861259999995,27.773150459000078],[-93.90430718799996,27.77016042200006],[-93.99983912199997,27.763970861000075],[-93.99983914699999,27.762158012000043],[-94.03186333099995,27.75984767500006],[-94.04246736099998,27.759082663000072],[-94.07339758299997,27.756851235000056],[-94.08153039999996,27.756264549000036],[-94.18375264399998,27.748889856000062],[-94.26853669899998,27.742773211000042],[-94.29203856299995,27.74107762400007],[-94.29207976199996,27.741074723000054],[-94.39657774399996,27.73353564000007],[-94.39660505399996,27.756327834000047],[-94.39670347099997,27.83842190400003],[-94.39681483199996,27.931310299000074],[-94.39682560299997,27.940280569000038],[-94.39682698599995,27.941467105000072],[-94.39683666999997,27.94950454700006],[-94.39684892199995,27.959756855000023],[-94.39686572099998,27.97373357600003],[-94.39690487999997,28.006347349000066],[-94.39691598899998,28.01556631400007],[-94.39691589299997,28.035553391000064],[-94.39691578099996,28.04687831700005],[-94.39691577799994,28.057392220000054],[-94.39691545199997,28.110936863000063],[-94.39691533499996,28.13306520100008],[-94.39817978799994,28.13306519200006]]]},"properties":{"OBJL":"51","THEMELAYER":"Shipping Fairways Lanes and Zones","INFORM":"Safety fairway, 33 CFR 166.200: Navigation regulations are published in chapter 2 of the U.S. Coast Pilot for this geographic area. Refer to regulation section numbers.","OBJNAM":"","Shape_Leng":78.3064399415,"Shape_Area":1.40653066255}},
{"type":"Feature","geometry":{"type":"Polygon","coordinates":[[[-88.08284582999994,30.532789450000053],[-88.08348852099994,30.532781356000044],[-88.08348272199999,30.532684553000024],[-88.08346482299999,30.53263385200006],[-88.08342482499995,30.532607151000036],[-88.08338942599994,30.532589151000025],[-88.08336542699999,30.53257115100007],[-88.08330842899994,30.532512849000057],[-88.08329722999997,30.532493849000048],[-88.08329082999995,30.532479549000072],[-88.08329392999997,30.532465948000038],[-88.08330402999997,30.532454148000056],[-88.08332202999998,30.53244244700005],[-88.08335662899998,30.53242024700006],[-88.08340132699999,30.53238484600007],[-88.08343812599998,30.53235264500006],[-88.08346762499997,30.53231994400005],[-88.08349502499999,30.532289843000058],[-88.08351072399995,30.53226514200003],[-88.08352712399994,30.532239041000025],[-88.08354032399996,30.532211140000072],[-88.08355222399996,30.532182040000066],[-88.08356902299994,30.532147939000026],[-88.08359042299998,30.53210943700003],[-88.08362642199995,30.53203033500006],[-88.08364122199998,30.531998834000035],[-88.08368052199995,30.53185603000003],[-88.08371252199998,30.53172102700006],[-88.08372452299994,30.53156522200004],[-88.08371652399995,30.53144061900008],[-88.08368052699996,30.53127441500004],[-88.08368052799995,30.53112211100006],[-88.08371252899997,30.530890105000026],[-88.08371252999996,30.53072050000003],[-88.08367593799994,30.53000028100007],[-88.08366664199997,30.52950936800005],[-88.08363174499999,30.529367465000064],[-88.08360194699998,30.529307163000055],[-88.08359454699996,30.52927326300005],[-88.08359464699998,30.529242062000037],[-88.08364664599998,30.529175260000045],[-88.08370824499997,30.529093157000034],[-88.08382154199995,30.52888825100007],[-88.08395153999999,30.528605543000026],[-88.08414813499996,30.52831993500007],[-88.08423473299996,30.528192931000035],[-88.08437472899999,30.52807752800004],[-88.08443472799996,30.52804292600007],[-88.08458132299995,30.52800832500003],[-88.08477461599995,30.527939022000055],[-88.08486131399997,30.52789002000003],[-88.08512120599994,30.52765631300008],[-88.08528450199998,30.527479008000057],[-88.08535259999996,30.527357304000077],[-88.08535277899995,30.52735535200003],[-88.08540589899997,30.52732140300003],[-88.08557079399998,30.527242900000033],[-88.08587968399996,30.527100795000024],[-88.08584668499998,30.527050794000047],[-88.08583438599999,30.527022093000028],[-88.08589358399996,30.52699449200003],[-88.08595488199995,30.526968991000047],[-88.08625847199994,30.52684888700003],[-88.08716834299997,30.526482573000067],[-88.08714214399998,30.526434572000028],[-88.08632528599998,30.524938236000025],[-88.08639518399997,30.524908435000043],[-88.08658877799996,30.524825932000056],[-88.08751892899994,30.52659247400004],[-88.08858059499994,30.52615965800004],[-88.08889118499997,30.526037753000026],[-88.08912397699999,30.52594965000003],[-88.08913867599995,30.525943050000024],[-88.08917018799997,30.52592893600007],[-88.08926457199999,30.525925949000055],[-88.08952096299998,30.52589304600008],[-88.08972925599994,30.52582094400003],[-88.08984585299999,30.525739041000065],[-88.09015414299995,30.525529834000054],[-88.09042073599994,30.525320727000064],[-88.09070962699997,30.52505381900005],[-88.09082822499994,30.524861213000065],[-88.09091152299999,30.524772210000037],[-88.09095042199993,30.52466880700007],[-88.09093652299998,30.524577505000025],[-88.09090312499995,30.524486103000072],[-88.09086432699996,30.524387500000046],[-88.09078933099994,30.52432739900007],[-88.09067543499998,30.524279298000067],[-88.09053434099997,30.524248098000044],[-88.09049054199994,30.52422259800005],[-88.09045444399999,30.524166696000066],[-88.09045334399997,30.52414669600006],[-88.09044536899995,30.52399401100007],[-88.09044644599999,30.52399229200006],[-88.09046774499996,30.523958391000065],[-88.09047444599997,30.523915490000036],[-88.09049154499996,30.523912689000042],[-88.09052864399996,30.523909789000072],[-88.09055154299995,30.52390598900007],[-88.09058574199997,30.523873688000037],[-88.09064473999996,30.523814686000037],[-88.09070383799997,30.52378228500004],[-88.09080563499998,30.523740383000074],[-88.09089423199998,30.523717482000052],[-88.09090802599997,30.523697438000056],[-88.09109712499998,30.52370398100004],[-88.09110582399995,30.52380748400003],[-88.09112182199999,30.523922887000026],[-88.09119511899996,30.524018089000037],[-88.09130511399997,30.524109891000023],[-88.09141690999996,30.524148291000074],[-88.09142010999994,30.524148591000028],[-88.09160240699998,30.523704579000025],[-88.09191539899996,30.52323556500005],[-88.09207229599997,30.522992858000066],[-88.09049765999998,30.522089141000038],[-88.08908621599994,30.521443830000067],[-88.08761857599995,30.520606815000065],[-88.08761857699994,30.520606892000046],[-88.08755127899997,30.520568514000047],[-88.08485178999996,30.519029086000046],[-88.08402272399996,30.518536577000077],[-88.08393852699999,30.518488276000028],[-88.08042657199996,30.516471640000077],[-88.07978219499995,30.51647204300008],[-88.07962340099994,30.516470944000048],[-88.07962300099996,30.516470944000048],[-88.07962280099997,30.516470944000048],[-88.07962270099995,30.516470944000048],[-88.07961810099994,30.516470944000048],[-88.07957500199996,30.516470944000048],[-88.07833524699998,30.516469750000056],[-88.04496165399996,30.51651601100008],[-88.04486705699998,30.516558712000062],[-88.04483447999996,30.51657999400004],[-88.04444217199995,30.51657961500007],[-88.04445407899999,30.516820577000033],[-88.04420177699996,30.51695712600008],[-88.04367699399995,30.517157333000057],[-88.04341830199996,30.517289138000024],[-88.04304401399997,30.517498845000034],[-88.04269902399994,30.517746853000062],[-88.04239073199994,30.518058162000045],[-88.04206234099996,30.518336271000067],[-88.04195224399996,30.51844737400006],[-88.04183484799995,30.51851407600003],[-88.04172835099996,30.51854897800007],[-88.04153025799997,30.518574579000074],[-88.04139806199998,30.51863478200005],[-88.04114306799994,30.51895739100007],[-88.04077237799999,30.51940210400005],[-88.04049168499995,30.519708713000057],[-88.04009169499994,30.52011542500003],[-88.03991370099999,30.520231429000034],[-88.03965680899995,30.520355333000055],[-88.03918702299995,30.520590441000024],[-88.03882193399994,30.52084314900003],[-88.03877939699998,30.520876162000036],[-88.03847034699999,30.520877752000047],[-88.03817435699995,30.520877753000036],[-88.03788636499996,30.521162762000074],[-88.03781783399995,30.521218479000026],[-88.03778296799999,30.52120866300004],[-88.03713338999995,30.52132867000006],[-88.03693279699996,30.521376772000053],[-88.03680610099997,30.52142757400003],[-88.03670120399994,30.521486475000074],[-88.03663950599997,30.521542577000048],[-88.03658690699996,30.52165488000003],[-88.03653290899996,30.521688281000024],[-88.03633211499994,30.521752384000024],[-88.03623961799997,30.52177108500007],[-88.03598332799999,30.521771086000058],[-88.03589993099996,30.521763186000044],[-88.03566213999994,30.52172028600006],[-88.03557724299998,30.52170308600006],[-88.03545674699996,30.521700387000067],[-88.03534255099999,30.521719088000054],[-88.03519125599996,30.52174038900006],[-88.03488866599997,30.521847293000064],[-88.03470337199997,30.521922196000048],[-88.03460457599994,30.521948997000038],[-88.03433438499997,30.521993099000042],[-88.03419292999996,30.522023688000047],[-88.03390249999995,30.522034802000064],[-88.03360651099996,30.522041804000025],[-88.03331852099996,30.522034805000033],[-88.03291253599997,30.52202680700003],[-88.03213781899996,30.521959586000037],[-88.03203066899994,30.521923608000066],[-88.03195947199998,30.521885308000037],[-88.03190017399999,30.52185290700004],[-88.03167638299999,30.52171250500004],[-88.03150029099999,30.521573502000024],[-88.03126560099997,30.52138929800003],[-88.03108710799995,30.521396199000037],[-88.03095071299998,30.521381000000076],[-88.03083201799996,30.521316299000034],[-88.03070882299994,30.521194396000055],[-88.03064712599996,30.52111059400005],[-88.03059442899996,30.521003892000067],[-88.03057793299996,30.520729085000028],[-88.03051683499996,30.52066588400004],[-88.03043493899997,30.52061368300008],[-88.03032704299994,30.520562882000036],[-88.02995945799995,30.520458681000036],[-88.02978656399995,30.520413181000038],[-88.02968466799996,30.520378480000034],[-88.02960137199995,30.520311579000065],[-88.02936508199997,30.520107075000055],[-88.02877680899996,30.51958436500007],[-88.02835872799994,30.519207857000026],[-88.02829383099998,30.51914905600006],[-88.02824443299994,30.519071455000073],[-88.02819503599994,30.518972552000037],[-88.02808694099997,30.518854950000048],[-88.02791684899995,30.51867674600004],[-88.02775475599998,30.518496243000072],[-88.02747986899999,30.518220937000024],[-88.02740407199997,30.51815043600004],[-88.02717588299998,30.517953732000024],[-88.02691959399993,30.517721127000073],[-88.02677460099994,30.517589825000073],[-88.02664940599999,30.517476422000072],[-88.02630772199996,30.51716651600003],[-88.02625691799994,30.517117320000068],[-88.02604383699997,30.516599703000054],[-88.02579885299997,30.515882687000044],[-88.02562086499995,30.51525967200007],[-88.02551145399997,30.514593011000045],[-88.02552577699998,30.514448652000056],[-88.02556187799996,30.51416494500006],[-88.02556047999997,30.514017842000044],[-88.02554198099995,30.513944640000034],[-88.02547028499998,30.513858738000067],[-88.02544088599996,30.51379013600007],[-88.02541200599995,30.51371507500005],[-88.02539189099997,30.513531630000045],[-88.02529890499994,30.512410603000035],[-88.02528887899996,30.512253739000073],[-88.02529310699998,30.51225129900007],[-88.02534200599996,30.512202797000043],[-88.02537520499999,30.512148296000078],[-88.02537520599998,30.512054394000074],[-88.02541901099994,30.511399777000065],[-88.02536811399995,30.511264974000028],[-88.02525981899998,30.51112757100003],[-88.02521134399996,30.511053553000067],[-88.02517292899995,30.510476555000025],[-88.02512993399995,30.51011754700005],[-88.02497348699995,30.509211462000053],[-88.02494155199997,30.50897161900008],[-88.02491935699999,30.508562709000046],[-88.02488796199998,30.508155299000066],[-88.02481056899995,30.50772728900006],[-88.02477907299999,30.507518084000026],[-88.02478277699998,30.50703567200003],[-88.02476617999997,30.50677836500006],[-88.02473298499996,30.50641415700005],[-88.02472372299997,30.506304068000077],[-88.02471930199994,30.505980038000075],[-88.02472008999996,30.505971746000057],[-88.02473129099997,30.505850443000043],[-88.02475329099997,30.505754540000055],[-88.02480858999996,30.50568423800007],[-88.02484548899997,30.505607636000036],[-88.02485408899997,30.50553563400007],[-88.02483389099996,30.50542633200007],[-88.02472049899995,30.50504972300007],[-88.02465423299998,30.504893406000065],[-88.02459701299995,30.504111400000056],[-88.02431301099995,30.503224122000063],[-88.02431603199994,30.503193579000026],[-88.02429313399995,30.503100876000076],[-88.02428843499996,30.503025775000026],[-88.02429313599998,30.50289887100007],[-88.02432573599998,30.502793669000027],[-88.02436413599997,30.50267286500008],[-88.02431273799994,30.50259036400007],[-88.02428183999996,30.502489661000027],[-88.02426484199998,30.50234185800008],[-88.02432364199996,30.50220835400006],[-88.02438784099996,30.502060750000055],[-88.02455573699996,30.50182604300005],[-88.02453274199996,30.50135513200007],[-88.02446274599998,30.50126743000004],[-88.02440104899995,30.501163828000074],[-88.02430455499996,30.50091972200005],[-88.02424856099998,30.500550213000054],[-88.02420606499999,30.50028290700004],[-88.02412496999995,30.499898397000038],[-88.02406906999994,30.49961588700006],[-88.02404586999995,30.499445281000078],[-88.02403046899997,30.499288275000026],[-88.02405356799994,30.499131170000055],[-88.02410186499998,30.499015765000024],[-88.02417906199997,30.498962263000067],[-88.02422535999995,30.498891960000037],[-88.02424085799998,30.498748355000032],[-88.02424275399994,30.498158234000073],[-88.02424275199996,30.497884124000052],[-88.02421185199995,30.497626715000024],[-88.02416745099998,30.497240502000068],[-88.02408254999995,30.496735684000043],[-88.02399825099997,30.496353671000065],[-88.02391985199995,30.49610736300008],[-88.02386915299996,30.495978758000035],[-88.02369905699999,30.49562764700005],[-88.02357045999997,30.495378438000046],[-88.02343296299995,30.49517153200003],[-88.02334606499994,30.495030427000074],[-88.02328086699998,30.494911323000053],[-88.02326456699996,30.494806319000077],[-88.02320666599996,30.494426906000058],[-88.02320407899998,30.49436421000007],[-88.02332004899995,30.492544038000062],[-88.02328604699994,30.49205302100006],[-88.02328435299995,30.492027171000075],[-88.02333334499997,30.49196131800005],[-88.02334524099996,30.491521102000036],[-88.02334393999996,30.491347696000048],[-88.02335323899996,30.491277593000063],[-88.02342503499995,30.491052985000067],[-88.02348743199997,30.49085457700005],[-88.02354582799995,30.490640969000026],[-88.02363922399996,30.490498864000074],[-88.02367402099998,30.490289656000073],[-88.02369571999998,30.490187353000067],[-88.02372991799996,30.49014985100007],[-88.02382921399999,30.490069148000032],[-88.02408370399996,30.48998054300006],[-88.02435449399997,30.489889339000058],[-88.02452438799997,30.489843336000035],[-88.02470128099998,30.489795034000053],[-88.02482847599998,30.489776232000054],[-88.02497747099994,30.489795032000075],[-88.02522816199996,30.489868434000073],[-88.02529745999999,30.489888734000033],[-88.02540985599995,30.489884133000032],[-88.02551155199995,30.489874832000055],[-88.02565604699998,30.489860931000067],[-88.02576314299995,30.489856330000066],[-88.02588083899997,30.48986553000003],[-88.02595043699995,30.489949033000073],[-88.02601463499997,30.490009335000025],[-88.02609493299997,30.49005563600008],[-88.02621792799994,30.490102037000042],[-88.02654981699999,30.490162137000027],[-88.02711709699997,30.490236337000056],[-88.02735788899997,30.490264137000054],[-88.02748738399998,30.490285837000044],[-88.02757428099994,30.490326138000057],[-88.02766737799999,30.49040664100005],[-88.02800106799998,30.490671348000035],[-88.02820896199995,30.49082465300006],[-88.02829275899995,30.490864954000074],[-88.02842615399999,30.490918755000052],[-88.02859064899997,30.490937555000073],[-88.02883913999995,30.49097335500005],[-88.02840612699998,30.486579301000063],[-88.02840592699994,30.486576901000035],[-88.02657048499998,30.48552377200008],[-88.02586990799995,30.485120961000064],[-88.02571171899996,30.485029994000058],[-88.02571171299996,30.48502995900003],[-88.02551521899994,30.484916956000063],[-88.02544323899997,30.484875603000035],[-88.02494353699996,30.484588247000033],[-88.02494302799994,30.484588021000036],[-88.02018568699998,30.481852572000037],[-88.01892362699994,30.481126852000045],[-88.01822035499998,30.481522469000026],[-88.01822078999999,30.481526304000056],[-88.01821935499999,30.481527070000027],[-88.01843746199995,30.483604643000035],[-88.01864794199997,30.485335838000026],[-88.01864826699995,30.485338729000034],[-88.01864826699995,30.485339004000025],[-88.01864866099999,30.485342247000062],[-88.01884897199994,30.48712876700006],[-88.01884907199997,30.487129267000057],[-88.01884907199997,30.487129567000068],[-88.01902923799997,30.488736189000065],[-88.01903087699998,30.488751324000077],[-88.01932618599994,30.491473020000058],[-88.02110740799998,30.507367398000042],[-88.02115758299999,30.507722253000054],[-88.02272815199996,30.521742907000032],[-88.02273020499996,30.521761947000073],[-88.02273030499998,30.52176264700006],[-88.02280389599997,30.52244486400008],[-88.02285308999996,30.522858174000078],[-88.02285314799997,30.522858520000057],[-88.02331313299999,30.526963574000035],[-88.02331313299999,30.526964074000034],[-88.02463846799998,30.53879086200004],[-88.02510770999999,30.542994064000027],[-88.02530618499998,30.544748407000043],[-88.02531564499998,30.544754519000037],[-88.02535493299996,30.545167632000073],[-88.02535297999998,30.54516651700004],[-88.02536565199995,30.545280338000055],[-88.02536607799999,30.545284820000063],[-88.02538357499998,30.545468425000024],[-88.02539157499996,30.545527426000035],[-88.02543456899997,30.54590043500008],[-88.02543503499999,30.545903542000076],[-88.02547186499999,30.546234343000037],[-88.02561074799996,30.54748067400004],[-88.02569993699996,30.548274693000053],[-88.02587201499995,30.54980653100006],[-88.02641774799997,30.554663550000043],[-88.02856598399995,30.57382041900007],[-88.03105718099994,30.596022567000034],[-88.03105888099998,30.59602166700006],[-88.03112947899996,30.595977665000078],[-88.03115187799995,30.595963665000056],[-88.03156697499998,30.59569603600005],[-88.03165676399999,30.595638155000074],[-88.03275419599998,30.59493051000004],[-88.03277773199994,30.594915334000063],[-88.03287782899997,30.594850832000077],[-88.03377870399999,30.59427011500003],[-88.03991662999994,30.590313498000057],[-88.03971465499995,30.588526454000032],[-88.03962939099995,30.588591215000065],[-88.03926639499997,30.58587048800007],[-88.03842648799997,30.579282325000065],[-88.03759819399994,30.57117812300004],[-88.03747539199998,30.569596744000023],[-88.03757591099998,30.56958398300003],[-88.03737893399995,30.56784194000005],[-88.03724752499994,30.567852499000026],[-88.03724743899994,30.56785184100005],[-88.03039297299995,30.56840317800004],[-88.02923241299999,30.568496484000036],[-88.02871623099998,30.56853798700007],[-88.02868523199999,30.56854058700003],[-88.02856173599997,30.568550988000027],[-88.02849804499994,30.567905272000075],[-88.02856354199997,30.56790027200003],[-88.02875023599995,30.567885971000067],[-88.02970900299994,30.567808865000075],[-88.03018328699994,30.567770963000044],[-88.03721994599994,30.56720852400008],[-88.03721955699996,30.567204632000028],[-88.03730294299999,30.567197924000027],[-88.03717795799997,30.56609089600005],[-88.03710889499996,30.566098913000076],[-88.03610187899994,30.55747828400007],[-88.03547095799996,30.551544037000042],[-88.03282526799995,30.549875505000045],[-88.03271727299995,30.54980650400006],[-88.03277017099998,30.54980650400006],[-88.03028777399999,30.548237674000063],[-88.02876853699996,30.54727755600004],[-88.02848138799999,30.547098463000054],[-88.02824345899995,30.546939950000024],[-88.02783147699995,30.54666544500003],[-88.02775527999995,30.546616544000074],[-88.02786906599994,30.546362690000024],[-88.02896253299997,30.54704645000004],[-88.02933742299996,30.547280885000077],[-88.02983529599999,30.54760446000006],[-88.03018268199997,30.547830264000027],[-88.03278527299994,30.549521496000068],[-88.03277436899998,30.54943002500005],[-88.03337644899995,30.549806501000035],[-88.03323345499996,30.549806502000024],[-88.03543506299997,30.551206628000045],[-88.03528618199994,30.54980649400005],[-88.03526628299994,30.54980649400005],[-88.03520568999994,30.549281481000037],[-88.03512556099997,30.548586887000056],[-88.03519519699995,30.54858246300006],[-88.03488662899997,30.54637530900004],[-88.03487054299995,30.54637626300007],[-88.03486582999994,30.54633540800006],[-88.03327941699996,30.532863877000068],[-88.04168171699996,30.532873540000026],[-88.07179213799998,30.532990812000037],[-88.07584479199994,30.53299889500005],[-88.08283774199998,30.533007164000026],[-88.08284714199993,30.53296656300006],[-88.08284582999994,30.532789450000053]]]},"properties":{"OBJL":"51","THEMELAYER":"Shipping Fairways Lanes and Zones","INFORM":"Safety fairway, 33 CFR 166.200: Navigation regulations are published in Chapter 2 of the U.S. Coast Pilot for this geographic area. Refer to regulation section numbers.","OBJNAM":"","Shape_Leng":0.412243579677,"Shape_Area":0.00169269121067}},
{"type":"Feature","geometry":{"type":"Polygon","coordinates":[[[-88.03198131499994,30.661165496000024],[-88.03197851399995,30.66124069800003],[-88.03194060499999,30.66226792300006],[-88.03189569499995,30.663485354000045],[-88.03185418499999,30.664596782000046],[-88.03183778199997,30.66503549300006],[-88.03185288099996,30.66507729400007],[-88.03185677999994,30.665088194000077],[-88.03265793299994,30.667311549000033],[-88.03266193199994,30.667322649000027],[-88.03269322999995,30.667409751000037],[-88.03298161299995,30.66821217100005],[-88.03309910599995,30.668539279000072],[-88.03324729699995,30.668951590000063],[-88.03329389399994,30.669081093000045],[-88.03344868699998,30.669345099000054],[-88.03366137999996,30.66934179900005],[-88.03412266499998,30.669334699000046],[-88.03385278199994,30.668510078000054],[-88.03369389099998,30.668047767000076],[-88.03321468099995,30.66666188000005],[-88.03325181899999,30.666655432000027],[-88.03312862699994,30.666295123000054],[-88.03308332999995,30.666162720000045],[-88.03267435499998,30.664959890000034],[-88.03263985699994,30.664858588000072],[-88.03243426999995,30.66424597200006],[-88.03271156099999,30.66417867000007],[-88.03266306399996,30.664071768000042],[-88.03266242499996,30.664069315000063],[-88.03275126499994,30.663649057000043],[-88.03274856799999,30.663381550000054],[-88.03271227199997,30.66311394400003],[-88.03265097699995,30.662778935000063],[-88.03265377799994,30.662658432000057],[-88.03272507699995,30.662501828000075],[-88.03274517899996,30.66224842200006],[-88.03271708699998,30.66151950400007],[-88.03270548199998,30.661430109000037],[-88.03271138799994,30.661418901000047],[-88.03273658799998,30.661384300000066],[-88.03274308799996,30.66133159900005],[-88.03269272899996,30.66133186600007],[-88.03269188999997,30.661325399000077],[-88.03269198999999,30.66131899900006],[-88.03269759199998,30.661085693000075],[-88.03269561499997,30.66108224100003],[-88.03269639199999,30.661060992000046],[-88.03270099399998,30.66084538700005],[-88.03270469399996,30.66078338500006],[-88.03261895099996,30.66078150000004],[-88.03261649799998,30.66074048400003],[-88.03261830999998,30.65942995200004],[-88.03267601599998,30.65866893200007],[-88.03275531399998,30.658619931000032],[-88.03298960599994,30.658616731000052],[-88.03323519799994,30.65864613100007],[-88.03329939599996,30.658567729000026],[-88.03341649599997,30.658218220000037],[-88.03350339499997,30.658061416000066],[-88.03356759299999,30.65797651400004],[-88.03358649299997,30.65788831200007],[-88.03354119599999,30.657757709000066],[-88.03351469899997,30.657613905000062],[-88.03354610199995,30.657134593000023],[-88.03357290499997,30.656726683000045],[-88.03362730599997,30.656416275000026],[-88.03363580699994,30.656300472000055],[-88.03362320899998,30.656150768000032],[-88.03359171099999,30.65602826500003],[-88.03353191399998,30.65593576300006],[-88.03349101599997,30.655859561000057],[-88.03346901799995,30.655777859000068],[-88.03350041799996,30.65569075700006],[-88.03356031699997,30.655554653000024],[-88.03358861699996,30.655432150000024],[-88.03357921799994,30.65535864800006],[-88.03352252099995,30.65527154600005],[-88.03348842299994,30.655183444000045],[-88.03350362299994,30.655100042000072],[-88.03351302399994,30.65502114000003],[-88.03357602299997,30.654904137000074],[-88.03364212199995,30.65476803300004],[-88.03370512099997,30.654678131000026],[-88.03373972099996,30.65456112800007],[-88.03373492199995,30.654434025000057],[-88.03373032299999,30.654310722000048],[-88.03365483199997,30.653974434000077],[-88.03365912899994,30.653960513000072],[-88.03367482999994,30.65386821100003],[-88.03368642999999,30.653791709000075],[-88.03369062999997,30.653756508000072],[-88.03368753099994,30.653699907000032],[-88.03368653099994,30.653649805000043],[-88.03367803199995,30.653601404000028],[-88.03367693299998,30.653555703000052],[-88.03370343199998,30.653522502000044],[-88.03372953199994,30.65347660100008],[-88.03375253099995,30.653416899000035],[-88.03378243099996,30.653364298000042],[-88.03381652999997,30.65330229700004],[-88.03382523099998,30.653226595000035],[-88.03381843199998,30.653172193000046],[-88.03380073299996,30.65311979200004],[-88.03375333499997,30.65303509000006],[-88.03371863699994,30.65297098800005],[-88.03369603799996,30.652939588000038],[-88.03366593899995,30.652891586000067],[-88.03366843799995,30.65298068900006],[-88.03363225099997,30.653080208000063],[-88.03363063999996,30.652993989000038],[-88.03362664199994,30.652711082000053],[-88.03361534499999,30.65245957600007],[-88.03363794599994,30.652289771000028],[-88.03368074599996,30.65213596700005],[-88.03371194199997,30.652150310000025],[-88.03372134399996,30.652247570000043],[-88.03368784299994,30.652429575000042],[-88.03366124299998,30.65250087700008],[-88.03363884299995,30.652559078000024],[-88.03364274299997,30.652619580000078],[-88.03367524099997,30.652674181000066],[-88.03368293999995,30.652767883000024],[-88.03371943899998,30.652756383000053],[-88.03376296799996,30.65274787800007],[-88.03381173499997,30.65283518500007],[-88.03392892999995,30.652913587000057],[-88.03407622499998,30.652972388000023],[-88.03427641799999,30.65301688900007],[-88.03438531399996,30.653036489000044],[-88.03449411099996,30.653001188000076],[-88.03458580799997,30.65294758700003],[-88.03465410699994,30.65286558500003],[-88.03474890399997,30.652790182000047],[-88.03489299999995,30.65276728200007],[-88.03500539699996,30.652723080000044],[-88.03505979499994,30.652701680000064],[-88.03546168399998,30.652413172000024],[-88.03578777599995,30.65216736600007],[-88.03617456599994,30.651855857000044],[-88.03643235999994,30.651623151000024],[-88.03659925599999,30.65144934600005],[-88.03685325099997,30.651065836000043],[-88.03718694599996,30.650515022000036],[-88.03747894099996,30.650010209000072],[-88.03768743699999,30.64963639900003],[-88.03791113299997,30.64930859100008],[-88.03813152899994,30.64894158100003],[-88.03856001899999,30.648476069000026],[-88.03878811399994,30.648292964000063],[-88.03910220499995,30.648151460000065],[-88.03945361599995,30.64808951200007],[-88.03950299199994,30.648093258000074],[-88.03957128999997,30.64808805800004],[-88.03966818599997,30.64807515700005],[-88.03972978299998,30.64806843300005],[-88.03979434999997,30.648064404000024],[-88.03984458099995,30.648065357000064],[-88.03991787799998,30.648088057000052],[-88.03996247599997,30.64812175800006],[-88.04001267399997,30.64816035900003],[-88.04007087199994,30.648181059000024],[-88.04013096999995,30.64820196000005],[-88.04018906799996,30.648225960000048],[-88.04022826599999,30.648246361000076],[-88.04030416399996,30.64824286100003],[-88.04035026199995,30.648217560000035],[-88.04048755799994,30.64819545900008],[-88.04054305699998,30.648161858000037],[-88.04058095499994,30.648156458000074],[-88.04063775299994,30.648155958000075],[-88.04070205099998,30.648157258000026],[-88.04073634999997,30.64814965800008],[-88.04079914799996,30.64813775700003],[-88.04086914599998,30.648145657000043],[-88.04095714299996,30.648186558000077],[-88.04102143999995,30.648189458000047],[-88.04109543799996,30.648184358000037],[-88.04120423499995,30.64815845700008],[-88.04131833099996,30.648141057000032],[-88.04140902799998,30.648149257000057],[-88.04151892399994,30.648146557000075],[-88.04160942099998,30.64815975700003],[-88.04168851799994,30.648177657000076],[-88.04178431499997,30.648212258000058],[-88.04185901199997,30.648251359000028],[-88.04193410899995,30.64828065900008],[-88.04202870599994,30.648284059000048],[-88.04221649999994,30.648272759000065],[-88.04229181899996,30.648249857000053],[-88.04243149199993,30.64832726000003],[-88.04285977599994,30.648580966000054],[-88.04321996099998,30.64884327200008],[-88.04332883399996,30.64891840200005],[-88.04332805599995,30.648950875000025],[-88.04330685699995,30.648968575000026],[-88.04326655799997,30.648992276000058],[-88.04325435799996,30.64902317600007],[-88.04325555799994,30.649049577000028],[-88.04324165799994,30.649078778000046],[-88.04321465899994,30.649101178000024],[-88.04318135999995,30.649139779000052],[-88.04318965899995,30.649180881000063],[-88.04322225699997,30.649235582000074],[-88.04327425499997,30.649272583000027],[-88.04334925199998,30.649301883000078],[-88.04344694899999,30.649331584000038],[-88.04354684499998,30.649358085000074],[-88.04371413899997,30.649408786000038],[-88.04391193199996,30.649455087000035],[-88.04417182299994,30.649512488000028],[-88.04445611299997,30.649583489000065],[-88.04466340599998,30.64963159000007],[-88.04468165299994,30.64963701000005],[-88.04485956699995,30.649713373000054],[-88.04491759599995,30.64974949300006],[-88.04505079099994,30.649815894000028],[-88.04519468599995,30.649885796000035],[-88.04536677899995,30.649964397000076],[-88.04547927499999,30.650009098000055],[-88.04558817099996,30.65004729900005],[-88.04578736399998,30.65011000100003],[-88.04580484899998,30.650115407000044],[-88.04592715899997,30.650167702000033],[-88.04634384399998,30.650304305000077],[-88.04662743299997,30.650383506000026],[-88.04706471799994,30.650475908000033],[-88.04719271399995,30.650495183000032],[-88.04720951299998,30.65050080900005],[-88.04731670899997,30.650532309000027],[-88.04744120499998,30.650549510000076],[-88.04755270099997,30.650561410000023],[-88.04764939799998,30.650561510000045],[-88.04774729399998,30.650576410000042],[-88.04778799299999,30.650567281000065],[-88.04797954099996,30.650590514000044],[-88.04797768699996,30.650598510000066],[-88.04797578599994,30.650628711000024],[-88.04800338499996,30.65066271200004],[-88.04804538399998,30.650676012000076],[-88.04809328199997,30.650679412000045],[-88.04814337999994,30.65067151200003],[-88.04820787799997,30.650667012000042],[-88.04825667699998,30.650675212000067],[-88.04830877499995,30.650689612000065],[-88.04839497199998,30.65069911200004],[-88.04856756599997,30.650685012000054],[-88.04882815799994,30.650656811000033],[-88.04902368199998,30.650633266000057],[-88.04919934599997,30.650636510000027],[-88.04994252099993,30.650623408000058],[-88.05018551299997,30.65061240800003],[-88.05057950099996,30.650548006000065],[-88.05107248499996,30.650462703000073],[-88.05124019299996,30.650425890000065],[-88.05134667599998,30.65042020100003],[-88.05146907199997,30.65043250100007],[-88.05163356699995,30.650411401000042],[-88.05163769299998,30.650410856000065],[-88.05178906199995,30.65042670100007],[-88.05184536899998,30.650446871000042],[-88.05190215699997,30.650486202000025],[-88.05196105499994,30.65053910300003],[-88.05200605299996,30.65054800400003],[-88.05209674999998,30.650544403000026],[-88.05214229099994,30.650542914000027],[-88.05219094699999,30.650557804000073],[-88.05242223799996,30.65065290600006],[-88.05263892999994,30.65074260800003],[-88.05282352399996,30.65076780800007],[-88.05302761699994,30.650784608000038],[-88.05319571099994,30.650846310000077],[-88.05338530299997,30.651000413000077],[-88.05345671199996,30.65108443500003],[-88.05346129999998,30.65111441600004],[-88.05348609799995,30.65121031900003],[-88.05349689699995,30.65126162000007],[-88.05349839699994,30.651303521000045],[-88.05348669699998,30.651341122000076],[-88.05345799699995,30.651383123000073],[-88.05345409699999,30.65143072400008],[-88.05342889699995,30.651486926000075],[-88.05342109699995,30.651508126000067],[-88.05340859799998,30.651542427000038],[-88.05339059699998,30.65165113000006],[-88.05338039699996,30.651725432000035],[-88.05338119599998,30.651772033000043],[-88.05339089499995,30.65183743500006],[-88.05337559499998,30.651903637000032],[-88.05334969599994,30.651953438000078],[-88.05331469599997,30.65199233900006],[-88.05324159799994,30.652044040000078],[-88.05322109899998,30.652103242000067],[-88.05317029999998,30.652155143000073],[-88.05312470099994,30.65218724400006],[-88.05308410199996,30.65220254500008],[-88.05305860299995,30.65224834600008],[-88.05306000199994,30.652296947000025],[-88.05294560499999,30.65235234900007],[-88.05281870899995,30.652386250000063],[-88.05271761299997,30.652395150000075],[-88.05254141799998,30.65242335100004],[-88.05229412599994,30.65247085200008],[-88.05203243399995,30.65247895300007],[-88.05194393699998,30.652489053000068],[-88.05186413999996,30.65249715400006],[-88.05181284099996,30.652509354000074],[-88.05168544599996,30.652500554000028],[-88.05161944799994,30.652502054000024],[-88.05154084999998,30.652515055000038],[-88.05147065299997,30.652539955000066],[-88.05142155399994,30.652544955000053],[-88.05135345599996,30.652553556000043],[-88.05128445899999,30.65255085600006],[-88.05116686299993,30.652543456000046],[-88.05104446699994,30.652532956000073],[-88.05093317099994,30.652515555000036],[-88.05086197299994,30.652486655000075],[-88.05081277499994,30.652462254000056],[-88.05077777599996,30.65244275400005],[-88.05072037799994,30.65242745300003],[-88.05066597999996,30.65240575300004],[-88.05056988399997,30.652386252000042],[-88.05048148699996,30.652357452000047],[-88.05037449099996,30.652342152000074],[-88.05027449399995,30.652341652000075],[-88.05018059699995,30.652326551000044],[-88.05013319899996,30.65233535200008],[-88.05004270199998,30.652331752000066],[-88.04998410399998,30.65233695200004],[-88.04990040599995,30.65236295300008],[-88.04983550799994,30.652389253000024],[-88.04975541099998,30.652416854000023],[-88.04967681299996,30.652462456000023],[-88.04959421499996,30.652514557000075],[-88.04954551599997,30.652540758000043],[-88.04949991799998,30.652572159000044],[-88.04946181899999,30.652589959000068],[-88.04942931999994,30.652603959000032],[-88.04940421999999,30.652624660000072],[-88.04937352099995,30.652653161000046],[-88.04931982299996,30.65267466100005],[-88.04928152399998,30.652698262000058],[-88.04924272399995,30.65274166300003],[-88.04920022599998,30.65277176400008],[-88.04915782699999,30.65280206500006],[-88.04912492799997,30.652825765000046],[-88.04909072899994,30.65283476600007],[-88.04904142999999,30.652841866000074],[-88.04898633199997,30.65285536600004],[-88.04894633299995,30.652869167000063],[-88.04888183499997,30.652884167000025],[-88.04880583699997,30.65290046800004],[-88.04875393899994,30.652933569000027],[-88.04872863899999,30.65296236900008],[-88.04870503999996,30.652994470000067],[-88.04866474099998,30.653018071000076],[-88.04862864199998,30.653028671000072],[-88.04858284399995,30.653045672000076],[-88.04852604499996,30.653052572000036],[-88.04846794699995,30.653059572000075],[-88.04842034899997,30.653045872000064],[-88.04830905299997,30.65304147200004],[-88.04824295499998,30.65302347200003],[-88.04816605799994,30.653016472000047],[-88.04812925899995,30.652992771000072],[-88.04808516099996,30.652957670000035],[-88.04801076399997,30.65292977000007],[-88.04793956599997,30.65292056900006],[-88.04789956699994,30.65294657000004],[-88.04786066799994,30.652957970000045],[-88.04779407099994,30.652948870000046],[-88.04775947199994,30.65293407000007],[-88.04771437399995,30.65289886900007],[-88.04764047599997,30.652919870000062],[-88.04751737999999,30.652928170000052],[-88.04743598199997,30.652940871000055],[-88.04733568599994,30.65295137100003],[-88.04723908899996,30.652966071000037],[-88.04715769099994,30.652979672000072],[-88.04709449299997,30.652996872000074],[-88.04701339599995,30.653018673000076],[-88.04695429799995,30.653042774000028],[-88.04690049899995,30.653069474000063],[-88.04683990099994,30.653105675000063],[-88.04676320299995,30.65314337600006],[-88.04668260499994,30.653180878000057],[-88.04662750699998,30.653209278000077],[-88.04655900899996,30.65323507900007],[-88.04647091099997,30.65327078000007],[-88.04634671499997,30.653333082000074],[-88.04624931799998,30.65339268300005],[-88.04616891999996,30.653445285000032],[-88.04612252099997,30.65347818600003],[-88.04608232199996,30.653505087000042],[-88.04603872299998,30.653544688000068],[-88.04597432499997,30.653594789000067],[-88.04588852699999,30.653643690000024],[-88.04580402999994,30.653668691000064],[-88.04574233099999,30.65371469200005],[-88.04569293299994,30.653748493000023],[-88.04563583399994,30.65378759400005],[-88.04557523599999,30.65382859500005],[-88.04547873799999,30.653889397000057],[-88.04525484499999,30.65400550000004],[-88.04515374799996,30.65405890200003],[-88.04513264799994,30.654068902000063],[-88.04506934999995,30.654099003000056],[-88.04498435199997,30.654149004000033],[-88.04491035399997,30.654203306000056],[-88.04479375699998,30.65430440800003],[-88.04473285899996,30.654356010000072],[-88.04468735999995,30.65438411100007],[-88.04465956099995,30.654415311000037],[-88.04461896199996,30.65445531200004],[-88.04457536299998,30.65449151300004],[-88.04453886399995,30.654511214000024],[-88.04446276599998,30.65451041400007],[-88.04443026699994,30.654525914000033],[-88.04437896899998,30.654539915000043],[-88.04434226999996,30.654543115000024],[-88.04431176999998,30.65462081700008],[-88.04346328599996,30.65437479800005],[-88.04347389999998,30.654350511000075],[-88.04327631599995,30.65428988800005],[-88.04329170699998,30.654249809000078],[-88.04295291999995,30.65414800700006],[-88.04272922199993,30.654712821000032],[-88.04268982299999,30.654703821000055],[-88.04265162299998,30.654797423000048],[-88.04241722499995,30.655394839000053],[-88.04252801799998,30.655429919000028],[-88.04247312399997,30.65559843300008],[-88.04244932199998,30.65565824600003],[-88.04232012699998,30.655621245000077],[-88.04228532699995,30.655716847000065],[-88.04241082199997,30.655752148000033],[-88.04235079899996,30.655909887000064],[-88.04228642499999,30.655890852000027],[-88.04228059799999,30.655904015000033],[-88.04221262799996,30.655883351000057],[-88.04203472999995,30.65629576200007],[-88.04188563099996,30.656622971000047],[-88.04160043499996,30.657258287000047],[-88.04177702399994,30.657312603000037],[-88.04170612899998,30.65748949300007],[-88.04163933099994,30.657469392000053],[-88.04163673199997,30.657475184000077],[-88.04156843399994,30.657455092000077],[-88.04153403499998,30.657511493000072],[-88.04145233599996,30.65765669700005],[-88.04140643599999,30.657759300000066],[-88.04139163699995,30.657792501000074],[-88.04135233699998,30.65790600400004],[-88.04130533699998,30.658027507000043],[-88.04126993699998,30.658120309000026],[-88.04125403799998,30.658161910000047],[-88.04123723799995,30.658218712000064],[-88.04121073799996,30.658285113000034],[-88.04121173799996,30.65831451400004],[-88.04120323799998,30.658345415000042],[-88.04117363799998,30.65838881600007],[-88.04113863899994,30.658422417000054],[-88.04111423899997,30.658480618000056],[-88.04109283899999,30.658565121000038],[-88.04108253899994,30.65865632300006],[-88.04108223799994,30.658729825000023],[-88.04105873799995,30.65875872600003],[-88.04101763899996,30.658805227000073],[-88.04098523999994,30.65887802900005],[-88.04096453999995,30.658939630000077],[-88.04093363999993,30.659023932000025],[-88.04092263999996,30.659075934000043],[-88.04091243999994,30.65910183400007],[-88.04098723699997,30.659129635000056],[-88.04092640399995,30.659253810000052],[-88.04084793899995,30.65940584200007],[-88.04084437299997,30.659416512000064],[-88.04079034099999,30.65939644200006],[-88.04078004099995,30.659423943000036],[-88.04075024199994,30.65947234400005],[-88.04072654199996,30.659506045000057],[-88.04070674299999,30.659538346000033],[-88.04067504299996,30.659586647000026],[-88.04065814299997,30.659646648000034],[-88.04065314299999,30.659689049000065],[-88.04065784199997,30.65972185000004],[-88.04066254199995,30.65975295100003],[-88.04066534199995,30.659787352000023],[-88.04064784199994,30.659801652000056],[-88.04062084299994,30.659820653000054],[-88.04060074299997,30.65986265400005],[-88.04059254199996,30.65993925600003],[-88.04058314199995,30.660009358000025],[-88.04058764099995,30.66009076000006],[-88.04060413999997,30.660119460000033],[-88.04061383999993,30.660147661000053],[-88.04062413899999,30.660177762000046],[-88.04063523799994,30.66023416300004],[-88.04066943599997,30.660322765000046],[-88.04069443499998,30.66039846700005],[-88.04070933399998,30.66045716900004],[-88.04071773299995,30.660512770000025],[-88.04070253299994,30.66054407100006],[-88.04067023399995,30.66056687200006],[-88.04063133499994,30.660566472000028],[-88.04060133599995,30.66054437100007],[-88.04055893799995,30.660517971000047],[-88.04051163999998,30.660527871000056],[-88.04043804199995,30.66053887100003],[-88.04034604499998,30.660555272000067],[-88.04030994599998,30.66058887300005],[-88.04024964699994,30.660604973000034],[-88.04023834699996,30.66064297400004],[-88.04023194699994,30.660716776000072],[-88.04020764699999,30.660795378000046],[-88.04018214699994,30.660894980000023],[-88.04015354699999,30.660952182000074],[-88.04009634799996,30.66103358400005],[-88.04005844899996,30.661105286000065],[-88.04000494999997,30.661149987000044],[-88.03995965099995,30.66123618900008],[-88.03990475199998,30.661327592000077],[-88.03985555299994,30.661431594000078],[-88.03981465299995,30.66152469700006],[-88.03974465399995,30.66161419900004],[-88.03967065599994,30.66171740200008],[-88.03961475699998,30.66183830500006],[-88.03956385699996,30.661917607000078],[-88.03954375799998,30.66197550800007],[-88.03952165699997,30.66209151100003],[-88.03950025699999,30.66219181400004],[-88.03950305599994,30.662312317000044],[-88.03950245499999,30.662410519000048],[-88.03951035399996,30.662474521000036],[-88.03951185399995,30.66249102100005],[-88.03951845299997,30.66256342300005],[-88.03949785299994,30.66264972500005],[-88.03948175199997,30.662737028000038],[-88.03947965199995,30.66278322900007],[-88.03953245099996,30.662726027000076],[-88.03955495099996,30.66266552600007],[-88.03956355099996,30.662635025000043],[-88.03957185099995,30.66260572400006],[-88.03959255099994,30.662517622000053],[-88.03959365099996,30.662462121000033],[-88.03958545299997,30.66235051800004],[-88.03959215399999,30.662234315000035],[-88.03960225399999,30.66213261200005],[-88.03963595399995,30.66201090900006],[-88.03967105399994,30.66191500700006],[-88.03970685399997,30.661837305000063],[-88.03977455199998,30.66171820200003],[-88.03983555099995,30.661639500000035],[-88.03988534999996,30.661595798000064],[-88.03993874799994,30.661584298000037],[-88.04003604499997,30.661594298000068],[-88.04014994099998,30.661620199000026],[-88.04025593699998,30.66165330000007],[-88.04032613499999,30.661672400000043],[-88.04036033299997,30.661684000000037],[-88.04037503299998,30.66170500100003],[-88.04036623299999,30.661739002000047],[-88.04034273299999,30.661776703000044],[-88.04030323399996,30.66182620400008],[-88.04021113599998,30.66190150600005],[-88.04015013799994,30.661965808000048],[-88.04011133899996,30.662013709000064],[-88.04009673899998,30.66206181000007],[-88.04010343799996,30.662092011000027],[-88.04009163799998,30.662118811000028],[-88.04006043899994,30.662142112000026],[-88.04004483899996,30.662183613000025],[-88.04004473899994,30.66218381300007],[-88.04002513899997,30.662215914000058],[-88.03998873999996,30.662235314000043],[-88.03993134199999,30.662248715000032],[-88.03993074199997,30.662248815000055],[-88.03987564399995,30.662260815000025],[-88.03982214599995,30.662275816000033],[-88.03979064599997,30.662311517000035],[-88.03976474699994,30.66236531800007],[-88.03975024699997,30.662420119000046],[-88.03973814699998,30.66246552100006],[-88.03973544599995,30.662515722000023],[-88.03975304499994,30.662571823000064],[-88.03979614299999,30.662627025000063],[-88.03988263999997,30.662697826000056],[-88.03994963699995,30.662757628000065],[-88.04000673399997,30.66280462900005],[-88.04006413199994,30.662846830000035],[-88.04014462899994,30.66293513200003],[-88.04021842599997,30.662993933000052],[-88.04028802299996,30.663070635000054],[-88.04034212099998,30.66309143600006],[-88.04038521899997,30.66310383600006],[-88.04041271799997,30.663133837000032],[-88.04046051599994,30.663179038000067],[-88.04047471499996,30.663210439000068],[-88.04048301499995,30.663246540000046],[-88.04048221399995,30.663275940000062],[-88.04049031399995,30.663320241000065],[-88.04047941299996,30.66336734300006],[-88.04046651399995,30.663400143000047],[-88.04045901399996,30.663419144000045],[-88.04043701399996,30.663459545000023],[-88.04041101399997,30.663509546000057],[-88.04037231499996,30.663573848000055],[-88.04037121499994,30.663575648000062],[-88.04034431499997,30.66364555000007],[-88.04034311499998,30.663710151000032],[-88.04035051399995,30.66375625300003],[-88.04036721299997,30.663805554000078],[-88.04039371199997,30.66384495500006],[-88.04044420999998,30.663884756000073],[-88.04048210799994,30.663909156000045],[-88.04053650599997,30.66393415700003],[-88.04061700299997,30.663958957000034],[-88.04062090299999,30.66394495700007],[-88.04063670299996,30.663888056000076],[-88.04064560299997,30.663855855000065],[-88.04059840499997,30.663853955000036],[-88.04054680699994,30.663860155000066],[-88.04049500799994,30.66384255500003],[-88.04045950999995,30.66381285400007],[-88.04043751099994,30.663768653000034],[-88.04043041199998,30.663729252000053],[-88.04044621199995,30.663677350000057],[-88.04048681099994,30.663602749000063],[-88.04053730999999,30.663507046000063],[-88.04058170999997,30.66342254400007],[-88.04060750999997,30.66333624200007],[-88.04061740999998,30.663290741000026],[-88.04064140999998,30.66317993800004],[-88.04066890999997,30.66312633600006],[-88.04070320899996,30.66310403600005],[-88.04073550799995,30.663082935000034],[-88.04078880599997,30.663052434000065],[-88.04085350499997,30.663015633000043],[-88.04093710199999,30.662969132000057],[-88.04094812199997,30.662963412000067],[-88.04096190099995,30.66295953200006],[-88.04108179799994,30.66293543100005],[-88.04121569399996,30.66287752900007],[-88.04122565899996,30.66286864800003],[-88.04126529299998,30.66285332900003],[-88.04132049099996,30.662814728000058],[-88.04137008999999,30.662777727000048],[-88.04141398899998,30.662742226000034],[-88.04145778799995,30.662710025000024],[-88.04149788599995,30.662682724000035],[-88.04153058599996,30.66263732300007],[-88.04158028499995,30.662587322000036],[-88.04162408299999,30.662561621000066],[-88.04168148199994,30.662503420000064],[-88.04172578099997,30.66244021800003],[-88.04174338099995,30.662389817000076],[-88.04174188199994,30.66236041600007],[-88.04171968299994,30.662330815000075],[-88.04168028399994,30.662312515000053],[-88.04166178499997,30.662286214000062],[-88.04166258499998,30.662225813000077],[-88.04167826799994,30.662177679000024],[-88.04170437999994,30.662153902000057],[-88.04176188299994,30.66213871000008],[-88.04188547899997,30.662076309000042],[-88.04189187999998,30.662011007000046],[-88.04191717899994,30.661972106000064],[-88.04197397799999,30.66194990500003],[-88.04208397399998,30.661922004000076],[-88.04208767699998,30.661920748000057],[-88.04213067299997,30.661912504000043],[-88.04218484599994,30.66188778700007],[-88.04220897099998,30.661879603000045],[-88.04230016799994,30.661833202000025],[-88.04234696699996,30.661809101000074],[-88.04237406599998,30.661781301000076],[-88.04241026499994,30.661781501000064],[-88.04245696299995,30.661808001000054],[-88.04254125999995,30.661875803000044],[-88.04259915699998,30.661920404000057],[-88.04265545499999,30.661947105000024],[-88.04273815199997,30.661970805000067],[-88.04279444999997,30.661992506000047],[-88.04284484799996,30.66203550700004],[-88.04288764599994,30.66208320800007],[-88.04290944499996,30.662142209000024],[-88.04291054499998,30.66219931100005],[-88.04289684499997,30.66224001200004],[-88.04285464599997,30.662288513000078],[-88.04277854799994,30.662335014000064],[-88.04267015099998,30.662391116000038],[-88.04257495299998,30.662453717000062],[-88.04255405399994,30.66246491800007],[-88.04247245599998,30.66249841900003],[-88.04240775799997,30.662536920000036],[-88.04229946099997,30.66258312100007],[-88.04218556399996,30.662634222000065],[-88.04209996699996,30.66268232400006],[-88.04204276799999,30.662720825000065],[-88.04202706799998,30.66277132600004],[-88.04203036799998,30.662800727000047],[-88.04212196499998,30.662729825000042],[-88.04218466399999,30.66269942400004],[-88.04225296199996,30.662675723000063],[-88.04231175999996,30.66265012300005],[-88.04244275599996,30.66259602100007],[-88.04249605499996,30.662567220000028],[-88.04251305399998,30.662565720000032],[-88.04250135399997,30.66259172100007],[-88.04244895499994,30.662697224000055],[-88.04242155499998,30.662765525000054],[-88.04239475599996,30.662792926000066],[-88.04236765599995,30.662848128000064],[-88.04235915599997,30.662913329000048],[-88.04235845499994,30.662968831000057],[-88.04235755499997,30.663035732000026],[-88.04235645399996,30.663114034000046],[-88.04234045399994,30.663182436000056],[-88.04230185499995,30.663247338000076],[-88.04224615599998,30.66331364000007],[-88.04221185699998,30.663341040000034],[-88.04226825499995,30.66335464100007],[-88.04229115399994,30.66333854000004],[-88.04233715299995,30.66328513900004],[-88.04238915199994,30.66320743700004],[-88.04242245199998,30.663121234000073],[-88.04244815199996,30.663036632000058],[-88.04245495199996,30.66295353000004],[-88.04246945299997,30.66285732800003],[-88.04250295299994,30.662753225000074],[-88.04257305199997,30.662594021000075],[-88.04259815199998,30.662551920000055],[-88.04263445099997,30.66252121900004],[-88.04271784799994,30.662491118000048],[-88.04279374599997,30.662465717000032],[-88.04287544399995,30.66242251600005],[-88.04295354199996,30.66237111500004],[-88.04299543999997,30.66234211400007],[-88.04300713999999,30.66231451300007],[-88.04300764099997,30.66228021300003],[-88.04302483999999,30.662265712000078],[-88.04307013899995,30.662264612000058],[-88.04313603599996,30.66227991200003],[-88.04323773299996,30.662295613000026],[-88.04330922999998,30.662311013000078],[-88.04339382699999,30.662338014000056],[-88.04345742499999,30.66237621500005],[-88.04353412199998,30.66243081600004],[-88.04356961999997,30.662454016000027],[-88.04361671899994,30.662461017000055],[-88.04361371899995,30.662405515000046],[-88.04359531999995,30.662369414000068],[-88.04355042199995,30.662338014000056],[-88.04349052399994,30.662303113000064],[-88.04342872699993,30.662269812000034],[-88.04338382899994,30.662238411000033],[-88.04332763099995,30.662206810000043],[-88.04327823199998,30.662232411000048],[-88.04320673499996,30.662215411000034],[-88.04313153699997,30.662193410000043],[-88.04308083899997,30.662171710000052],[-88.04304154099998,30.662146809000035],[-88.04301004199993,30.66210400800003],[-88.04298814299995,30.66205000700006],[-88.04296654499996,30.661966505000066],[-88.04291034699997,30.66193660400006],[-88.04283934999995,30.661882003000073],[-88.04277955199996,30.661842302000025],[-88.04272875399994,30.661828701000047],[-88.04269695499994,30.66180390100004],[-88.04267305699994,30.661756300000036],[-88.04263065899994,30.661689098000068],[-88.04259925999997,30.661633297000037],[-88.04260145999996,30.661605596000072],[-88.04262445999996,30.66156499500005],[-88.04267985899997,30.66151489400005],[-88.04268684599998,30.661510484000075],[-88.04281025499995,30.661453892000054],[-88.04291675199994,30.66139529000003],[-88.04301744899999,30.661348389000068],[-88.04307542099997,30.661305242000026],[-88.04309644699998,30.661293888000046],[-88.04317054499995,30.66124758600006],[-88.04322214399997,30.661215285000026],[-88.04336203599996,30.661135758000057],[-88.04353053499995,30.661062181000034],[-88.04375132799998,30.660973479000063],[-88.04386162499998,30.660926577000055],[-88.04392605399994,30.66091846200004],[-88.04396952199994,30.660938878000024],[-88.04406321799996,30.660990379000054],[-88.04422991199993,30.66108838100007],[-88.04435930699998,30.66115168300007],[-88.04451280099994,30.66124138500004],[-88.04459689699996,30.661305886000036],[-88.04463199599996,30.661364888000037],[-88.04467839399996,30.661419289000037],[-88.04474969099994,30.661452590000067],[-88.04483608799995,30.661479590000056],[-88.04491678499994,30.661516291000055],[-88.04500098199998,30.661569393000036],[-88.04504207999997,30.66160409300005],[-88.04508327799994,30.661624094000047],[-88.04513987699994,30.66163119400005],[-88.04515820099994,30.661616654000056],[-88.04518017499998,30.661619594000058],[-88.04524797299996,30.661614593000024],[-88.04525813199996,30.661614323000038],[-88.04525897299999,30.661614393000036],[-88.04530577099996,30.66164429400004],[-88.04537506799994,30.661682495000036],[-88.04546136499994,30.66172249600004],[-88.04550646299998,30.661740896000026],[-88.04550906399999,30.661688695000066],[-88.04547356499995,30.661660594000068],[-88.04547016599997,30.661629594000033],[-88.04545566699994,30.661585392000063],[-88.04544486699996,30.661546092000037],[-88.04542676799997,30.661492090000024],[-88.04540656899997,30.661449489000063],[-88.04539216999996,30.66140038800006],[-88.04541296999997,30.661392388000024],[-88.04548616699998,30.66142738800005],[-88.04553306499997,30.661447489000068],[-88.04569075999996,30.66150939000005],[-88.04575445699999,30.661544391000064],[-88.04579535499994,30.661593692000054],[-88.04582275399997,30.661657594000076],[-88.04581415299998,30.66173589600004],[-88.04578685399997,30.66179919800004],[-88.04571945499998,30.66189650000007],[-88.04561805699996,30.661999903000037],[-88.04549595999998,30.66209980600007],[-88.04536796399998,30.662211108000065],[-88.04523246699995,30.662319111000045],[-88.04504107199995,30.662461515000075],[-88.04487997599995,30.662601219000067],[-88.04484777599998,30.66268522100006],[-88.04481297699994,30.662722822000035],[-88.04475867799994,30.66275062300008],[-88.04470947999994,30.662749923000035],[-88.04463988299995,30.662732022000057],[-88.04451898699995,30.662697722000075],[-88.04442378999994,30.662673321000057],[-88.04433699299994,30.662680721000072],[-88.04423119599994,30.66270422200006],[-88.04416229799995,30.662738623000052],[-88.04410909999996,30.662769024000056],[-88.04408139999998,30.66280832500007],[-88.04404750099997,30.66286242600006],[-88.04402290099995,30.66290312700005],[-88.04401260099996,30.66292032800004],[-88.04392470199997,30.663138033000052],[-88.04392330199994,30.663140433000024],[-88.04388990299998,30.66319643500003],[-88.04384570399998,30.66325803700005],[-88.04380710399994,30.663319638000075],[-88.04373760599998,30.663428241000076],[-88.04368570699995,30.66350284300006],[-88.04361640799999,30.663600045000067],[-88.04358330799994,30.663676347000035],[-88.04355400899999,30.663749549000045],[-88.04352060899998,30.663848752000035],[-88.04349290899995,30.663941454000053],[-88.04345570899994,30.66403895700006],[-88.04341700999998,30.664107158000036],[-88.04344980799999,30.66419226100004],[-88.04351880599995,30.664121159000047],[-88.04354790599996,30.664056257000027],[-88.04356360599996,30.664012356000057],[-88.04357550599997,30.66397165500007],[-88.04358920599998,30.66393755400003],[-88.04361130599995,30.663875252000025],[-88.04361190599997,30.66387385200005],[-88.04363270499994,30.663828151000075],[-88.04365790499998,30.663772950000066],[-88.04370630399995,30.663690248000023],[-88.04374690399999,30.663618846000077],[-88.04377790299998,30.663553844000035],[-88.04390500099998,30.663372339000034],[-88.04397229899996,30.66328003700005],[-88.04403209799995,30.66318273400003],[-88.04407679799994,30.663088532000074],[-88.04410649799996,30.662987729000065],[-88.04414529699994,30.662909727000056],[-88.04420099599997,30.662835225000038],[-88.04423739499998,30.662796424000078],[-88.04428119399995,30.662772424000025],[-88.04433419199995,30.662759923000067],[-88.04444928899994,30.662761123000053],[-88.04451698599996,30.662782924000055],[-88.04454318499995,30.662799524000036],[-88.04455968399998,30.662832325000068],[-88.04458198299994,30.66285702600004],[-88.04458758299995,30.662859126000058],[-88.04461748199998,30.66287042600004],[-88.04466098099994,30.662865926000052],[-88.04474817799996,30.662839125000062],[-88.04484297499994,30.66280742400005],[-88.04488857399997,30.662783423000064],[-88.04494597299998,30.662725222000063],[-88.04500367099996,30.662647520000064],[-88.04512606799995,30.662532817000056],[-88.04526346499995,30.66241681400004],[-88.04536076299996,30.66234021200006],[-88.04537606199995,30.66232811100008],[-88.04542956099993,30.662288310000065],[-88.04551525899996,30.662225509000052],[-88.04563545499997,30.66213540600006],[-88.04576685199999,30.662050204000025],[-88.04582784999997,30.662006803000054],[-88.04589224799997,30.661984602000075],[-88.04589606399998,30.661984509000035],[-88.04594194699996,30.66199350200003],[-88.04597377799996,30.66201435100004],[-88.04597854499997,30.662027903000023],[-88.04597614499994,30.662065404000032],[-88.04595864499998,30.662106005000055],[-88.04595794499994,30.662156606000053],[-88.04598374299997,30.662204108000026],[-88.04603574099997,30.66226180900003],[-88.04608643899996,30.662283510000066],[-88.04612583799997,30.662301910000053],[-88.04614813699999,30.662329811000063],[-88.04622133399994,30.662359911000067],[-88.04627773199996,30.662376812000048],[-88.04632092999998,30.662391912000032],[-88.04636612899998,30.66239891200007],[-88.04641332699998,30.66239941200007],[-88.04647392499999,30.662385312000026],[-88.04650832499999,30.66234981100007],[-88.04654112399999,30.662301110000044],[-88.04654203699994,30.662301013000047],[-88.04660042199998,30.662324010000077],[-88.04662848699996,30.66233881200003],[-88.04663482099994,30.662347811000075],[-88.04666261899996,30.662384012000075],[-88.04670951699995,30.662410512000065],[-88.04676201499996,30.662437213000032],[-88.04682561299995,30.662475414000028],[-88.04690460999996,30.662499014000048],[-88.04691770999995,30.662508314000036],[-88.04700740599998,30.662571816000025],[-88.04716089999994,30.662664818000053],[-88.04729579499997,30.662744420000024],[-88.04741928999994,30.66282072200005],[-88.04755598499997,30.662900424000043],[-88.04773757799995,30.66301162600007],[-88.04788537199994,30.663107729000046],[-88.04797496899994,30.663162430000057],[-88.04805736699996,30.663080428000058],[-88.04805746699998,30.663080328000035],[-88.04798076999998,30.66303362700006],[-88.04773557899995,30.66287942300005],[-88.04749618899996,30.662715519000074],[-88.04722649899998,30.66256261600006],[-88.04709540399995,30.66248461400005],[-88.04703560599995,30.662443213000074],[-88.04699280799997,30.662397112000065],[-88.04696330999997,30.662341310000045],[-88.04691521199999,30.662269008000067],[-88.04687433099997,30.66222732500006],[-88.04683291599997,30.662178506000032],[-88.04674571899994,30.662099804000036],[-88.04645722999999,30.661910700000078],[-88.04613394299997,30.661703095000064],[-88.04596744999998,30.661594292000075],[-88.04591661699999,30.66156499400006],[-88.04577845699998,30.661470989000065],[-88.04554286599995,30.66130548500007],[-88.04538007299999,30.66119608300005],[-88.04525857799996,30.66111168100008],[-88.04520997899994,30.661080180000056],[-88.04517004199994,30.66106246800007],[-88.04514058199999,30.661039779000077],[-88.04513404499994,30.66103748300003],[-88.04512948299998,30.661023879000027],[-88.04513938299993,30.660996278000027],[-88.04515868199996,30.660965477000047],[-88.04526977999996,30.660844174000033],[-88.04539807699996,30.66070517000003],[-88.04552067399999,30.660574267000072],[-88.04568336999995,30.660404562000053],[-88.04584426699995,30.660228258000075],[-88.04591896499994,30.660152356000026],[-88.04596656399997,30.660118555000054],[-88.04601406199998,30.66009615400003],[-88.04607645999994,30.66008705400003],[-88.04615375799995,30.66009595400004],[-88.04628715299998,30.66010585400005],[-88.04657314299999,30.660135254000068],[-88.04672583799999,30.660153155000046],[-88.04688253299997,30.660161155000026],[-88.04695023099998,30.660166755000034],[-88.04702202799996,30.660161455000036],[-88.04709922599994,30.66017785500003],[-88.04719442199996,30.660180155000035],[-88.04727931999997,30.660187455000028],[-88.04733651799995,30.660199255000066],[-88.04737051599994,30.660217556000077],[-88.04740301499999,30.660235956000065],[-88.04744551299996,30.66027365700006],[-88.04748101199993,30.660314758000027],[-88.04751060999996,30.66035215900007],[-88.04754770899996,30.660403460000055],[-88.04757240699996,30.660450961000038],[-88.04759120599994,30.660498163000057],[-88.04760210599994,30.660553064000055],[-88.04758630499998,30.660658667000064],[-88.04755560499996,30.660748769000065],[-88.04754900499995,30.66081397100004],[-88.04756310399995,30.660894073000065],[-88.04759010199996,30.660990575000028],[-88.04760630099997,30.661046277000025],[-88.04761479999996,30.661116478000054],[-88.04761579899997,30.66118018000003],[-88.04761119899996,30.66124048200004],[-88.04763909799999,30.661270082000044],[-88.04767469599994,30.661296583000023],[-88.04770079499997,30.66131398300007],[-88.04772699399996,30.66133138400005],[-88.04777539199995,30.661382485000047],[-88.04780529099997,30.661405586000058],[-88.04784328999995,30.661388085000056],[-88.04787598899998,30.66134428400005],[-88.04788258899998,30.66133678400007],[-88.04789898899998,30.66131848300006],[-88.04792968799995,30.661276282000074],[-88.04793578799996,30.661243781000053],[-88.04789478999999,30.661210680000067],[-88.04779719299995,30.661163979000037],[-88.04775249499994,30.66112277800005],[-88.04771379699997,30.661050577000026],[-88.04769949799999,30.66099657500007],[-88.04767999999996,30.660901773000035],[-88.04767160099999,30.660820071000046],[-88.04767830099996,30.660743469000067],[-88.04769270099996,30.660661967000067],[-88.04770310199996,30.660585465000054],[-88.04769810199997,30.660538064000036],[-88.04769120299994,30.660487362000026],[-88.04767870399996,30.660438361000047],[-88.04766230499996,30.660390860000064],[-88.04760360799997,30.660269457000027],[-88.04757040999993,30.660207155000023],[-88.04752861099996,30.660175054000035],[-88.04740941599994,30.660141254000052],[-88.04730481899998,30.660120653000035],[-88.04717552399995,30.66010205300006],[-88.04706602699997,30.66010715300007],[-88.04696283099997,30.660099153000033],[-88.04670903999994,30.660066653000058],[-88.04647554699994,30.66004415200007],[-88.04625755499995,30.660025552000036],[-88.04612625899995,30.660013852000077],[-88.04601076299997,30.660016452000036],[-88.04593686499999,30.66004875300007],[-88.04589146599994,30.660079454000027],[-88.04582896799997,30.66012595500007],[-88.04570227099998,30.660262759000034],[-88.04562757299999,30.660345161000066],[-88.04550707499999,30.660463064000055],[-88.04536337899998,30.660621568000067],[-88.04527728099998,30.66070227000006],[-88.04518148299996,30.660813873000052],[-88.04511618399994,30.66089317500007],[-88.04507428499994,30.66092377600006],[-88.04503798599995,30.660934676000068],[-88.04502688699995,30.66093797600007],[-88.04491928999994,30.660938577000024],[-88.04478529499994,30.66092917700007],[-88.04463069999997,30.660908076000055],[-88.04451400399995,30.660885776000043],[-88.04438240899998,30.66083557500008],[-88.04428671299996,30.660790574000032],[-88.04417981699999,30.660732472000063],[-88.04412021899998,30.66066987100004],[-88.04409452099998,30.660609169000054],[-88.04410872099999,30.66053426700006],[-88.04404002299998,30.660539467000035],[-88.04396272599996,30.66052896700006],[-88.04392472699999,30.660502567000037],[-88.04391032799998,30.660492566000073],[-88.04385522999996,30.660415664000027],[-88.04384903099998,30.660407064000026],[-88.04378983399994,30.66031016200003],[-88.04374753599996,30.66022656000007],[-88.04370133799995,30.660144458000048],[-88.04364553999994,30.66008025600007],[-88.04362364199994,30.660019655000042],[-88.04362674299995,30.659926652000024],[-88.04365804199995,30.659835550000025],[-88.04368354199994,30.659765648000075],[-88.04369934199997,30.659705347000056],[-88.04371724199996,30.659641845000067],[-88.04379404099996,30.65953814200003],[-88.04388033899994,30.65942953900003],[-88.04402621999998,30.659301093000067],[-88.04404293499994,30.659288236000066],[-88.04414173199996,30.65923123400006],[-88.04423937599995,30.659165957000027],[-88.04426912899999,30.65914923200006],[-88.04428689899999,30.659134186000074],[-88.04440360999996,30.65905616300006],[-88.04444992399993,30.65903662900007],[-88.04452002199997,30.659016128000076],[-88.04459381899994,30.659007028000076],[-88.04466191699998,30.658999528000038],[-88.04476581399996,30.65899392700004],[-88.04481521199995,30.658966727000063],[-88.04483661199998,30.658919525000044],[-88.04486941199997,30.658866024000076],[-88.04490667099998,30.658826264000027],[-88.04493760999998,30.658825023000077],[-88.04504550699994,30.658705320000024],[-88.04514480499995,30.658606425000073],[-88.04517470399998,30.658583417000045],[-88.04526141599996,30.658533393000027],[-88.04537869799998,30.658489214000042],[-88.04545619799995,30.658445246000042],[-88.04547759599996,30.65843551200004],[-88.04556069299997,30.65839911100005],[-88.04563739099996,30.658379211000067],[-88.04570748899994,30.65837661100005],[-88.04579118599997,30.65838681100007],[-88.04586398299995,30.65839081100006],[-88.04595077999994,30.65838301100007],[-88.04602917799997,30.658367810000072],[-88.04612617499998,30.65834681000007],[-88.04624407099999,30.658315909000066],[-88.04642266599996,30.658281308000028],[-88.04665425899998,30.65822730600007],[-88.04682505299996,30.65818460500003],[-88.04699914799994,30.658137503000034],[-88.04722834099994,30.65807980200003],[-88.04732933799994,30.65804170000007],[-88.04745953399998,30.65799899900003],[-88.04757793099998,30.657972398000027],[-88.04772332599998,30.657933997000043],[-88.04784102199994,30.657914597000058],[-88.04797121799999,30.65788649600006],[-88.04809781499995,30.65785079500006],[-88.04819181199997,30.657811194000033],[-88.04826060999994,30.657764292000024],[-88.04836690699995,30.657756092000056],[-88.04851090199998,30.657727391000037],[-88.04861069899994,30.657719291000035],[-88.04867379699994,30.65770519000006],[-88.04877539399996,30.657683090000035],[-88.04887399099994,30.657654989000036],[-88.04892148899995,30.657646589000024],[-88.04894451299998,30.657634832000042],[-88.04916834099998,30.65757889500003],[-88.04922687999994,30.657566686000052],[-88.04930017799995,30.657554486000038],[-88.04943517299995,30.657526585000028],[-88.04980816199998,30.65744028200004],[-88.05046914199994,30.657276677000027],[-88.05109042199996,30.657117973000027],[-88.05176300199997,30.656958368000062],[-88.05195789599998,30.656899166000073],[-88.05212729099998,30.656837964000033],[-88.05215838999999,30.65678086300005],[-88.05214149099999,30.656733962000033],[-88.05210749299994,30.656652760000043],[-88.05210609399995,30.65659875800003],[-88.05212429299996,30.65658995800004],[-88.05218069099999,30.656650859000024],[-88.05223748899994,30.656694061000053],[-88.05228828699995,30.656725761000075],[-88.05233808499997,30.656737562000046],[-88.05239158299997,30.656766262000076],[-88.05260997599999,30.656732961000046],[-88.05275147099997,30.656707460000064],[-88.05303056299994,30.65665265900003],[-88.05338655199995,30.656576056000063],[-88.05373674099997,30.656482853000057],[-88.05398343299998,30.656424452000067],[-88.05429352399995,30.656346149000058],[-88.05447611799997,30.656290648000038],[-88.05454761599998,30.65627784700007],[-88.05461322499997,30.656234073000064],[-88.05493140399994,30.65615904400005],[-88.05502030399998,30.65613460700007],[-88.05511929799997,30.656146243000023],[-88.05512569799998,30.656144443000073],[-88.05527579399995,30.656094642000028],[-88.05546278699995,30.656088241000077],[-88.05544648899996,30.65603254000007],[-88.05541704099994,30.65599416400005],[-88.05542348999995,30.65593843700003],[-88.05543418999997,30.65589443600004],[-88.05543418999997,30.65586423600007],[-88.05541009199999,30.655839935000074],[-88.05537929299999,30.65580523400007],[-88.05534579399995,30.655775133000077],[-88.05532309499995,30.655727632000037],[-88.05531369599998,30.65569873100003],[-88.05529359699995,30.655677831000048],[-88.05498655799994,30.65545376700004],[-88.05497080999999,30.655425725000043],[-88.05495611099997,30.65538972400003],[-88.05495471099994,30.65535052300004],[-88.05497021099995,30.655321322000077],[-88.05499320999996,30.655295421000062],[-88.05501060999995,30.655266121000068],[-88.05500561099996,30.655205719000037],[-88.05503600999998,30.65519621900006],[-88.05508110799997,30.655209719000027],[-88.05511520699997,30.655203519000054],[-88.05514020699997,30.655166218000033],[-88.05511660799993,30.655094116000043],[-88.05506301099996,30.655000614000073],[-88.05503181199998,30.654930112000045],[-88.05503041299994,30.65488601100003],[-88.05506141199999,30.65485251000007],[-88.05510531099998,30.654844110000056],[-88.05514470899999,30.65486111000007],[-88.05518740799994,30.65488821100007],[-88.05521760599999,30.654976513000065],[-88.05523670499997,30.65502001400006],[-88.05527600299996,30.655030414000066],[-88.05532810199998,30.655023414000027],[-88.05538919999998,30.65502061400008],[-88.05544129799995,30.655017214000054],[-88.05548879699995,30.654999213000053],[-88.05551589599997,30.654967612000064],[-88.05553659599997,30.65492241100003],[-88.05554999599997,30.654892810000035],[-88.05553469599994,30.654866010000035],[-88.05551059799996,30.654814909000038],[-88.05550879799995,30.65478550800003],[-88.05554549799996,30.654699306000055],[-88.05556229699994,30.654658804000064],[-88.05554799799995,30.654599003000044],[-88.05553629899998,30.65454260200005],[-88.05550800099996,30.65447080000007],[-88.05548170199995,30.654428299000074],[-88.05548330199997,30.654399598000055],[-88.05547690299994,30.654361497000025],[-88.05545940399998,30.654329096000026],[-88.05545160399998,30.654291595000075],[-88.05545580499995,30.65421479300005],[-88.05547470499994,30.654167992000055],[-88.05551770299996,30.654157592000047],[-88.05553330299995,30.65412519100005],[-88.05554040299995,30.654080590000035],[-88.05556770299995,30.654043389000037],[-88.05558110299995,30.654015188000074],[-88.05560660199995,30.653960987000062],[-88.05562968599997,30.653927165000027],[-88.05569559999998,30.65389068500008],[-88.05578199799999,30.653782482000054],[-88.05585029599996,30.653727980000042],[-88.05602439199998,30.65353307500004],[-88.05610849199996,30.653273768000076],[-88.05631748899998,30.652880958000026],[-88.05638068799999,30.652768955000056],[-88.05645338599999,30.65266505200003],[-88.05652598399996,30.65259135000008],[-88.05665148099996,30.652553949000037],[-88.05685147399998,30.652520348000053],[-88.05710736599997,30.652555849000066],[-88.05722436099995,30.652591349000033],[-88.05734435699998,30.65262955000003],[-88.05742655399996,30.652665051000042],[-88.05751505099994,30.65264595000008],[-88.05758134999996,30.652544848000048],[-88.05767726299996,30.65238799900004],[-88.05770124699995,30.65239004400007],[-88.05773394599998,30.652375343000074],[-88.05775224599995,30.65234494200007],[-88.05779484499999,30.652314942000032],[-88.05793174099995,30.652239439000027],[-88.05786706999999,30.652146935000076],[-88.05852112899998,30.651402817000076],[-88.05878272199999,30.65122571200004],[-88.05907471399996,30.651058608000028],[-88.05924490899997,30.65099460600004],[-88.05942050399995,30.650920704000043],[-88.05955429999995,30.650856102000034],[-88.05957189999998,30.65079540000005],[-88.05956530099996,30.65069109700005],[-88.05953026699996,30.650516907000053],[-88.05955090299994,30.65050619300007],[-88.05954270399997,30.650449691000063],[-88.05953630499994,30.65032338800006],[-88.05952860599996,30.65025958600006],[-88.05952140699998,30.65023408600007],[-88.05951040699995,30.65019498500004],[-88.05948720899994,30.650144183000066],[-88.05945730999997,30.650060281000037],[-88.05943611199996,30.650009280000063],[-88.05943521199998,30.649952779000046],[-88.05941281299994,30.649901077000038],[-88.05937101499995,30.649844776000066],[-88.05933961699998,30.649755974000072],[-88.05933871699995,30.649754574000042],[-88.05930097499999,30.649774368000067],[-88.05926059699999,30.649735286000066],[-88.05931031799997,30.649708472000043],[-88.05930901899995,30.649706472000048],[-88.05924802099997,30.649661071000025],[-88.05917572399994,30.649617170000056],[-88.05912742599998,30.649591670000063],[-88.05909612699998,30.649564869000073],[-88.05906472799995,30.649542969000038],[-88.05902582999994,30.649516068000025],[-88.05901152999996,30.64948806700005],[-88.05897693199995,30.64944646600003],[-88.05894183299995,30.64941966600003],[-88.05891643399997,30.649398865000023],[-88.05890503499995,30.64938946500007],[-88.05884733699997,30.649360564000062],[-88.05880463899996,30.64933846400004],[-88.05879033899998,30.64931036300004],[-88.05875014099996,30.649265462000074],[-88.05870224299997,30.64922056100005],[-88.05869134399995,30.64921036000004],[-88.05864344599996,30.64916855900003],[-88.05859134799994,30.64914305900004],[-88.05855264899998,30.64911115800004],[-88.05850255099995,30.64908405700004],[-88.05849365099994,30.649076157000025],[-88.05848556099994,30.649080309000055],[-88.05840795499995,30.648960054000042],[-88.05827906099995,30.648838751000028],[-88.05823998799997,30.648821630000043],[-88.05818686399994,30.64878045000006],[-88.05809746799997,30.648737749000077],[-88.05801917099996,30.648705048000068],[-88.05791827399997,30.648673548000033],[-88.05777247899994,30.64862634700006],[-88.05772178099994,30.64861204600004],[-88.05767898299996,30.648599846000025],[-88.05763158399998,30.648605446000033],[-88.05760538499999,30.64859834600003],[-88.05753268799998,30.648569046000034],[-88.05737589399996,30.64851184400004],[-88.05725079799998,30.648465143000067],[-88.05715560199997,30.64843204300007],[-88.05704880599995,30.648405342000046],[-88.05694750899994,30.648386842000036],[-88.05687611199994,30.648375541000064],[-88.05683641299998,30.648368941000058],[-88.05681981399994,30.648366141000054],[-88.05677691499994,30.64835054100007],[-88.05674161599995,30.648330240000064],[-88.05667881899996,30.64828643900006],[-88.05660092199997,30.648237538000046],[-88.05659282199997,30.64823253800006],[-88.05653792399994,30.648198637000064],[-88.05642422899996,30.64815213600008],[-88.05631593299995,30.648112335000064],[-88.05619993699997,30.648078835000035],[-88.05606534199995,30.648049134000075],[-88.05603824199994,30.64806073500006],[-88.05596254499994,30.64800523300005],[-88.05585614899996,30.647965432000035],[-88.05575735299999,30.647925831000066],[-88.05561905799999,30.647878830000025],[-88.05549356199998,30.647848330000045],[-88.05541146499996,30.64781892900004],[-88.05530666899995,30.647788929000058],[-88.05521647199998,30.647775528000068],[-88.05511667599995,30.647770128000047],[-88.05503537799996,30.647776529000055],[-88.05499427999996,30.647764228000028],[-88.05494218199999,30.64773702800005],[-88.05488488399999,30.647698327000057],[-88.05484048599999,30.647666326000035],[-88.05481950699999,30.647664451000026],[-88.05479448799997,30.647606025000073],[-88.05470349099994,30.647563424000055],[-88.05445709999998,30.647553624000068],[-88.05414862799995,30.647506804000045],[-88.05443500099994,30.647481922000054],[-88.05446959999995,30.64747892200006],[-88.05442190199994,30.647388120000073],[-88.05434770499994,30.647354019000034],[-88.05429400699995,30.647321918000046],[-88.05418031099998,30.647270517000038],[-88.05404571599996,30.64723011600006],[-88.05394081999998,30.647203415000035],[-88.05382912399995,30.64715371400007],[-88.05377652599998,30.647144414000024],[-88.05369072899998,30.647109913000065],[-88.05359323299996,30.64708991300006],[-88.05346533699998,30.647077413000034],[-88.05339403899995,30.647064413000066],[-88.05328334299998,30.64704411200006],[-88.05315414799998,30.64701191200004],[-88.05304145199995,30.64699481100007],[-88.05295895499995,30.64697681100006],[-88.05286185799997,30.646942110000055],[-88.05276306199994,30.646902409000063],[-88.05266376499998,30.646879109000054],[-88.05260416799996,30.646851708000042],[-88.05251657099996,30.646815608000054],[-88.05246007299996,30.646812708000027],[-88.05239837499994,30.64679350700004],[-88.05232147799995,30.646777107000048],[-88.05224488099998,30.646752606000064],[-88.05215658399999,30.646737706000067],[-88.05209688599996,30.64671680600003],[-88.05206178699996,30.64669000500004],[-88.05201758899995,30.646651504000033],[-88.05196749099997,30.646624403000033],[-88.05193009199996,30.646613803000037],[-88.05185459499995,30.646613803000037],[-88.05179489699998,30.646592903000055],[-88.05177086199996,30.646584761000042],[-88.05185219599997,30.646524201000034],[-88.05197229299995,30.64644069900004],[-88.05210628799995,30.646412698000063],[-88.05236407899997,30.64646189900003],[-88.05348604099999,30.646623201000068],[-88.05409921899997,30.64678110400007],[-88.05467929799994,30.646958108000035],[-88.05540347099998,30.647200713000075],[-88.05562096399996,30.647238514000037],[-88.05762330199997,30.646727498000075],[-88.05670393999998,30.64586227700005],[-88.05225251899998,30.64259270000008],[-88.05225293599995,30.64266460300007],[-88.04501701199996,30.63717167300007],[-88.04467805899998,30.633338577000075],[-88.04444646699994,30.633338577000075],[-88.04444648999998,30.630930016000036],[-88.04338200899997,30.62215479500003],[-88.04289286799997,30.617662883000037],[-88.04206496599994,30.610354899000072],[-88.04125586799995,30.60255800400006],[-88.03999021399994,30.59173183400003],[-88.03998922799997,30.59172251700005],[-88.04007361199996,30.59166453200004],[-88.04000062099999,30.591023516000064],[-88.03374999699997,30.595102936000046],[-88.03309420599999,30.595530922000023],[-88.03302871699998,30.595573650000063],[-88.03281882299996,30.595710654000072],[-88.03185154999994,30.596354873000053],[-88.03170234799995,30.596454290000054],[-88.03163495599995,30.596499177000055],[-88.03140126299996,30.59664998100004],[-88.03133094799995,30.596695356000055],[-88.03128546599999,30.596724684000037],[-88.03119406899998,30.596783685000048],[-88.03114356999998,30.59679208600005],[-88.03114503799998,30.59680535600006],[-88.03114496999996,30.596805386000028],[-88.03141866399994,30.599244457000054],[-88.03142423599996,30.599306048000074],[-88.03142790299995,30.59932680000003],[-88.03212795099995,30.60556540300007],[-88.03305283899994,30.613804407000032],[-88.03356147799997,30.61833542000005],[-88.03340914299997,30.622464524000065],[-88.03336973399996,30.623533450000025],[-88.03317028799995,30.628941586000053],[-88.03300835099998,30.633338597000034],[-88.03300675099996,30.633383398000035],[-88.03294893699996,30.634951638000075],[-88.03294893699996,30.634952638000073],[-88.03280040299995,30.638986239000076],[-88.03275889399998,30.640114167000036],[-88.03275819299995,30.640132368000025],[-88.03275729299997,30.640156368000078],[-88.03275719299995,30.64016016800008],[-88.03277509199995,30.640175869000075],[-88.03279729099995,30.640200169000025],[-88.03289318699996,30.640305072000046],[-88.03307027899996,30.640498776000072],[-88.03412313299998,30.641650304000052],[-88.03477890399995,30.64236752100004],[-88.03534778399995,30.642536524000036],[-88.03536698299996,30.642542224000067],[-88.03557967499995,30.642604625000047],[-88.03560527399998,30.64261222600004],[-88.03748338999998,30.64316839600008],[-88.04233323099999,30.64463716700004],[-88.04287671099996,30.644801770000072],[-88.04530392299995,30.645502884000052],[-88.04632788599997,30.645809891000056],[-88.04906858699997,30.64665720800008],[-88.05072792699997,30.647139718000062],[-88.05151279899997,30.647374623000076],[-88.05212457699997,30.64756552700004],[-88.05234636899996,30.647639929000036],[-88.05260274099999,30.647626138000078],[-88.05312080299996,30.647778799000037],[-88.05288934999999,30.647794032000036],[-88.05368102099999,30.64802873700006],[-88.05403750799996,30.648136339000075],[-88.05465718599999,30.648319043000072],[-88.05480747999997,30.648368744000038],[-88.05488507799998,30.648394345000042],[-88.05530376299998,30.648516147000066],[-88.05576204599998,30.648652250000055],[-88.05789536899994,30.649285964000057],[-88.05792987999996,30.649268775000053],[-88.05829561999997,30.64938419400005],[-88.05850279999999,30.649656874000073],[-88.05920091299998,30.650704398000073],[-88.05868532799997,30.650954305000027],[-88.05747726299995,30.651539822000075],[-88.05665493999999,30.65193844500004],[-88.05649359199998,30.651933533000033],[-88.05646539299994,30.651932633000058],[-88.05638039499996,30.651961334000077],[-88.05578441199998,30.652252342000054],[-88.05032826599995,30.655131023000024],[-88.04847821799996,30.656137751000074],[-88.04837782099997,30.656190552000055],[-88.04725375199996,30.656781968000075],[-88.04641437599997,30.657217280000054],[-88.04466082499994,30.658153206000065],[-88.04463802599997,30.658179007000058],[-88.04421183499994,30.65863101900004],[-88.04320645799999,30.659801550000054],[-88.04302026199997,30.66001695500006],[-88.04201228399995,30.661126884000055],[-88.04191228699995,30.661236987000052],[-88.04146349599995,30.661780201000056],[-88.04078201099998,30.662547522000068],[-88.04069611299997,30.66264432400004],[-88.04046451899995,30.66289173100006],[-88.04044741899997,30.662884530000042],[-88.04037752199997,30.662865830000044],[-88.04033262299998,30.66283942900003],[-88.04029352499998,30.662821829000052],[-88.04021652799997,30.66279982900005],[-88.04017532899996,30.662752227000055],[-88.04012473099993,30.662720827000044],[-88.04009773199994,30.662699126000064],[-88.04008746399995,30.662688856000045],[-88.04058262199999,30.66212211100003],[-88.04159380799996,30.660964018000072],[-88.04165229799997,30.660901779000028],[-88.04169079999997,30.660852935000037],[-88.04190879299995,30.66060327100007],[-88.04191005799998,30.660574775000043],[-88.04193489199997,30.660543270000062],[-88.04191765999997,30.66040362900003],[-88.04193141099995,30.660094006000065],[-88.04271365499994,30.659195908000072],[-88.04343386299996,30.65843991500003],[-88.05037856799999,30.654716112000074],[-88.05147543799995,30.654127896000034],[-88.05474514499997,30.652374647000045],[-88.05530792999997,30.652078639000024],[-88.05594951099994,30.651741229000038],[-88.05623950399996,30.65153132300003],[-88.05632290399996,30.651195415000075],[-88.05620350999999,30.65094170800006],[-88.05601451899997,30.650731003000033],[-88.05584085799995,30.650503507000053],[-88.05578212899997,30.65042299600003],[-88.05573453099998,30.650357794000058],[-88.05509156099998,30.649459972000045],[-88.05498156599998,30.64932096800004],[-88.05483207299994,30.64912156300005],[-88.05449958799994,30.64867795200007],[-88.05373761499999,30.64845094800006],[-88.05207967499996,30.64796093700005],[-88.05207167499998,30.64796093700005],[-88.05078572199994,30.647572929000034],[-88.04541391499998,30.64597089600005],[-88.04368297799994,30.645456885000044],[-88.04166605099994,30.64486077300006],[-88.03807098099998,30.643798152000045],[-88.03761829699994,30.643666949000078],[-88.03693442199994,30.643449745000055],[-88.03653153599998,30.643331442000033],[-88.03621044799996,30.64323224000003],[-88.03565826799996,30.64308853700004],[-88.03565166799996,30.643086837000055],[-88.03532907999994,30.64300283600005],[-88.03520318399995,30.642966535000028],[-88.03517678499998,30.64298513600005],[-88.03480229499996,30.643224842000052],[-88.03436930699996,30.643445848000056],[-88.03400131799998,30.643641854000066],[-88.03364542799994,30.643850060000034],[-88.03355652999994,30.643902061000063],[-88.03350233199996,30.64393386200004],[-88.03306434399997,30.644212870000047],[-88.03259625699997,30.644477377000044],[-88.03255824799999,30.645513503000075],[-88.03253034099998,30.646274022000057],[-88.03242001599995,30.649277797000025],[-88.03234699899997,30.65125594700004],[-88.03256989199997,30.651259147000076],[-88.03262667999996,30.651259948000074],[-88.03253577699996,30.652882488000046],[-88.03228548499999,30.652923789000056],[-88.03226037899998,30.65360200600003],[-88.03226037899998,30.65360210600005],[-88.03221126799997,30.654934939000043],[-88.03205012999996,30.659300049000024],[-88.03202882599999,30.659877263000055],[-88.03198131499994,30.661165496000024]],[[-88.04022894699995,30.660760277000065],[-88.04022404699998,30.660766077000062],[-88.04022864699994,30.66074827700004],[-88.04023244699994,30.660741176000045],[-88.04022894699995,30.660760277000065]],[[-88.03364123399996,30.65356090000006],[-88.03363807699998,30.65339196000008],[-88.03364943499997,30.65340929900003],[-88.03365543399997,30.653489901000057],[-88.03364123399996,30.65356090000006]],[[-88.04294497199999,30.655560725000043],[-88.04297420499995,30.65556904300007],[-88.04290790599998,30.655742347000057],[-88.04290480599997,30.655750347000037],[-88.04286643299997,30.65574042700007],[-88.04294497199999,30.655560725000043]],[[-88.04057343199997,30.661536429000023],[-88.04052912899994,30.661571497000068],[-88.04047492999996,30.661612698000056],[-88.04042783199998,30.66161009800004],[-88.04042663199994,30.66160959800004],[-88.04036063399997,30.661582398000064],[-88.04029843699999,30.66157449700006],[-88.04022923899998,30.66155169700005],[-88.04014674199999,30.66153029700007],[-88.04007344499996,30.661515596000072],[-88.04001364699997,30.66149299600005],[-88.03998394799999,30.66147609500007],[-88.03996034899995,30.66144449500007],[-88.03996544899996,30.66140049300003],[-88.04001144899996,30.661313291000056],[-88.04007524699995,30.661203588000035],[-88.04015964599995,30.661097686000062],[-88.04022324499994,30.660989683000025],[-88.04027354399994,30.660889480000037],[-88.04032634399994,30.660701175000042],[-88.04035034399999,30.660655974000065],[-88.04041214199998,30.66061157300004],[-88.04045604099997,30.66059787300003],[-88.04052413799997,30.66059607300008],[-88.04058043699996,30.660607173000074],[-88.04063083499994,30.66062947300003],[-88.04065483399995,30.660647974000028],[-88.04065783299995,30.660662874000025],[-88.04066143299997,30.660680875000025],[-88.04064073299998,30.66073917600005],[-88.04062513299993,30.660818878000043],[-88.04062483199993,30.660893980000026],[-88.04065123099997,30.660959982000065],[-88.04069072899995,30.661027783000065],[-88.04069817299995,30.661042863000034],[-88.04069432799997,30.661110085000075],[-88.04068762699995,30.66124018900007],[-88.04064412699995,30.661390692000055],[-88.04058062799999,30.661526596000044],[-88.04057343199997,30.661536429000023]]]},"properties":{"OBJL":"51","THEMELAYER":"Shipping Fairways Lanes and Zones","INFORM":"Safety fairway, 33 CFR 166.200:Navigation regulations are published in Chapter 2 of the U.S. Coast Pilot for this geographic area. Refer to regulation section numbers","OBJNAM":"","Shape_Leng":0.394915022357,"Shape_Area":0.000772203635771}},
{"type":"Feature","geometry":{"type":"Polygon","coordinates":[[[-88.08531410099994,30.51707155200006],[-88.08536338599998,30.517282038000076],[-88.08537394499996,30.517327071000068],[-88.08550318299996,30.51787889600007],[-88.08550827599998,30.517900653000027],[-88.08555397199996,30.518095758000072],[-88.08978829899996,30.52052720300003],[-88.09102424699995,30.521401620000063],[-88.09209740299997,30.522017532000064],[-88.09209742399997,30.522017497000036],[-88.09241218999995,30.522198135000053],[-88.09241538999999,30.522195535000037],[-88.09241918999999,30.52219243500008],[-88.09242568999997,30.522187135000024],[-88.09268898199997,30.52197202800005],[-88.09274188099994,30.521928826000078],[-88.09352605699996,30.521338807000063],[-88.09352245799994,30.521273105000034],[-88.09350715899996,30.521162202000028],[-88.09346786299994,30.520901596000044],[-88.09349026399997,30.520731991000048],[-88.09356186199994,30.52058518700005],[-88.09367235999997,30.52039048100005],[-88.09369955899996,30.52034228000008],[-88.09379185799997,30.52011807300005],[-88.09395335299996,30.519948568000075],[-88.09402425199994,30.51985376500005],[-88.09432714399998,30.519455553000057],[-88.09451833999998,30.519177745000036],[-88.09451873999996,30.51917704500005],[-88.09458263799996,30.519051741000055],[-88.09457535799999,30.518871088000026],[-88.09462573799999,30.518876336000062],[-88.09466773699995,30.518867336000028],[-88.09468873599997,30.518843335000042],[-88.09469473599995,30.518786333000037],[-88.09471573699994,30.518630329000075],[-88.09472763799994,30.518498326000042],[-88.09471573899998,30.51841432300006],[-88.09469173999997,30.51838132300003],[-88.09464074199997,30.518345322000073],[-88.09455974499997,30.518315322000035],[-88.09454785899999,30.518304227000044],[-88.09455134799998,30.518078415000048],[-88.09453119099999,30.517707866000023],[-88.09455675099997,30.51768230500005],[-88.09461854899996,30.51765030300004],[-88.09459316899995,30.517180384000028],[-88.09460465399997,30.51712118900008],[-88.09470675199998,30.516908383000043],[-88.09486184699995,30.516741378000063],[-88.09497154399997,30.51665947500004],[-88.09561932099996,30.51662937100008],[-88.09456334799995,30.51662821900004],[-88.09455486099995,30.51647107200006],[-88.08971683599998,30.51647349600006],[-88.08574077999998,30.516471015000036],[-88.08553978699996,30.51647091500007],[-88.08521019899996,30.516469417000053],[-88.08492980899996,30.51647091800004],[-88.08491820899997,30.51647091800004],[-88.08444722599995,30.516470921000064],[-88.08470412399998,30.516618423000068],[-88.08470411599995,30.516618423000068],[-88.08474765399995,30.51664341700007],[-88.08528619199996,30.51695262900006],[-88.08531410099994,30.51707155200006]]]},"properties":{"OBJL":"51","THEMELAYER":"Shipping Fairways Lanes and Zones","INFORM":"Safety fairway, 33 CFR 166.200:Navigation regulations are published in Chapter 2 of the U.S. Coast Pilot for this geographic area. Refer to regulation section numbers","OBJNAM":"","Shape_Leng":0.028922712464,"Shape_Area":0.0000350125151766}}
]}